directory_period,listing_evidence_id,discovered_url,listed_date,representation,handoff_relation,outcome,gap_id
2026Q4,SEC-0139,https://www.sec.gov/Archives/edgar/daily-index/2026/QTR4/index.json,20261001,required_handoff_summary,handoff,listed_source_pending,
root,SEC-0087,https://www.sec.gov/Archives/edgar/daily-index/index.json,,directory_summary,Historical observation boundary,available,
2010,SEC-0088,https://www.sec.gov/Archives/edgar/daily-index/2010/index.json,,year_summary,Historical boundary,available,
2010Q1,SEC-0089,https://www.sec.gov/Archives/edgar/daily-index/2010/QTR1/index.json,,directory_summary,historical/preceding,available,
2010Q1,SEC-0089,https://www.sec.gov/Archives/edgar/daily-index/2010/QTR1/master.20100104.idx,20100104,master.20100104.idx,before_handoff,listed_source_pending,
2010Q1,SEC-0089,https://www.sec.gov/Archives/edgar/daily-index/2010/QTR1/master.20100105.idx,20100105,master.20100105.idx,before_handoff,listed_source_pending,
2010Q1,SEC-0089,https://www.sec.gov/Archives/edgar/daily-index/2010/QTR1/master.20100106.idx,20100106,master.20100106.idx,before_handoff,listed_source_pending,
2010Q1,SEC-0089,https://www.sec.gov/Archives/edgar/daily-index/2010/QTR1/master.20100107.idx,20100107,master.20100107.idx,before_handoff,listed_source_pending,
2010Q1,SEC-0089,https://www.sec.gov/Archives/edgar/daily-index/2010/QTR1/master.20100108.idx,20100108,master.20100108.idx,before_handoff,listed_source_pending,
2010Q1,SEC-0089,https://www.sec.gov/Archives/edgar/daily-index/2010/QTR1/master.20100111.idx,20100111,master.20100111.idx,before_handoff,listed_source_pending,
2010Q1,SEC-0089,https://www.sec.gov/Archives/edgar/daily-index/2010/QTR1/master.20100112.idx,20100112,master.20100112.idx,before_handoff,listed_source_pending,
2010Q1,SEC-0089,https://www.sec.gov/Archives/edgar/daily-index/2010/QTR1/master.20100113.idx,20100113,master.20100113.idx,before_handoff,listed_source_pending,
2010Q1,SEC-0089,https://www.sec.gov/Archives/edgar/daily-index/2010/QTR1/master.20100114.idx,20100114,master.20100114.idx,before_handoff,listed_source_pending,
2010Q1,SEC-0089,https://www.sec.gov/Archives/edgar/daily-index/2010/QTR1/master.20100115.idx,20100115,master.20100115.idx,before_handoff,listed_source_pending,
2010Q1,SEC-0089,https://www.sec.gov/Archives/edgar/daily-index/2010/QTR1/master.20100119.idx,20100119,master.20100119.idx,before_handoff,listed_source_pending,
2010Q1,SEC-0089,https://www.sec.gov/Archives/edgar/daily-index/2010/QTR1/master.20100120.idx,20100120,master.20100120.idx,before_handoff,listed_source_pending,
2010Q1,SEC-0089,https://www.sec.gov/Archives/edgar/daily-index/2010/QTR1/master.20100121.idx,20100121,master.20100121.idx,before_handoff,listed_source_pending,
2010Q1,SEC-0089,https://www.sec.gov/Archives/edgar/daily-index/2010/QTR1/master.20100122.idx,20100122,master.20100122.idx,before_handoff,listed_source_pending,
2010Q1,SEC-0089,https://www.sec.gov/Archives/edgar/daily-index/2010/QTR1/master.20100125.idx,20100125,master.20100125.idx,before_handoff,listed_source_pending,
2010Q1,SEC-0089,https://www.sec.gov/Archives/edgar/daily-index/2010/QTR1/master.20100126.idx,20100126,master.20100126.idx,before_handoff,listed_source_pending,
2010Q1,SEC-0089,https://www.sec.gov/Archives/edgar/daily-index/2010/QTR1/master.20100127.idx,20100127,master.20100127.idx,before_handoff,listed_source_pending,
2010Q1,SEC-0089,https://www.sec.gov/Archives/edgar/daily-index/2010/QTR1/master.20100128.idx,20100128,master.20100128.idx,before_handoff,listed_source_pending,
2010Q1,SEC-0089,https://www.sec.gov/Archives/edgar/daily-index/2010/QTR1/master.20100129.idx,20100129,master.20100129.idx,before_handoff,listed_source_pending,
2010Q1,SEC-0089,https://www.sec.gov/Archives/edgar/daily-index/2010/QTR1/master.20100201.idx,20100201,master.20100201.idx,before_handoff,listed_source_pending,
2010Q1,SEC-0089,https://www.sec.gov/Archives/edgar/daily-index/2010/QTR1/master.20100202.idx,20100202,master.20100202.idx,before_handoff,listed_source_pending,
2010Q1,SEC-0089,https://www.sec.gov/Archives/edgar/daily-index/2010/QTR1/master.20100203.idx,20100203,master.20100203.idx,before_handoff,listed_source_pending,
2010Q1,SEC-0089,https://www.sec.gov/Archives/edgar/daily-index/2010/QTR1/master.20100204.idx,20100204,master.20100204.idx,before_handoff,listed_source_pending,
2010Q1,SEC-0089,https://www.sec.gov/Archives/edgar/daily-index/2010/QTR1/master.20100205.idx,20100205,master.20100205.idx,before_handoff,listed_source_pending,
2010Q1,SEC-0089,https://www.sec.gov/Archives/edgar/daily-index/2010/QTR1/master.20100208.idx,20100208,master.20100208.idx,before_handoff,listed_source_pending,
2010Q1,SEC-0089,https://www.sec.gov/Archives/edgar/daily-index/2010/QTR1/master.20100209.idx,20100209,master.20100209.idx,before_handoff,listed_source_pending,
2010Q1,SEC-0089,https://www.sec.gov/Archives/edgar/daily-index/2010/QTR1/master.20100210.idx,20100210,master.20100210.idx,before_handoff,listed_source_pending,
2010Q1,SEC-0089,https://www.sec.gov/Archives/edgar/daily-index/2010/QTR1/master.20100211.idx,20100211,master.20100211.idx,before_handoff,listed_source_pending,
2010Q1,SEC-0089,https://www.sec.gov/Archives/edgar/daily-index/2010/QTR1/master.20100212.idx,20100212,master.20100212.idx,before_handoff,listed_source_pending,
2010Q1,SEC-0089,https://www.sec.gov/Archives/edgar/daily-index/2010/QTR1/master.20100216.idx,20100216,master.20100216.idx,before_handoff,listed_source_pending,
2010Q1,SEC-0089,https://www.sec.gov/Archives/edgar/daily-index/2010/QTR1/master.20100217.idx,20100217,master.20100217.idx,before_handoff,listed_source_pending,
2010Q1,SEC-0089,https://www.sec.gov/Archives/edgar/daily-index/2010/QTR1/master.20100218.idx,20100218,master.20100218.idx,before_handoff,listed_source_pending,
2010Q1,SEC-0089,https://www.sec.gov/Archives/edgar/daily-index/2010/QTR1/master.20100219.idx,20100219,master.20100219.idx,before_handoff,listed_source_pending,
2010Q1,SEC-0089,https://www.sec.gov/Archives/edgar/daily-index/2010/QTR1/master.20100222.idx,20100222,master.20100222.idx,before_handoff,listed_source_pending,
2010Q1,SEC-0089,https://www.sec.gov/Archives/edgar/daily-index/2010/QTR1/master.20100223.idx,20100223,master.20100223.idx,before_handoff,listed_source_pending,
2010Q1,SEC-0089,https://www.sec.gov/Archives/edgar/daily-index/2010/QTR1/master.20100224.idx,20100224,master.20100224.idx,before_handoff,listed_source_pending,
2010Q1,SEC-0089,https://www.sec.gov/Archives/edgar/daily-index/2010/QTR1/master.20100225.idx,20100225,master.20100225.idx,before_handoff,listed_source_pending,
2010Q1,SEC-0089,https://www.sec.gov/Archives/edgar/daily-index/2010/QTR1/master.20100226.idx,20100226,master.20100226.idx,before_handoff,listed_source_pending,
2010Q1,SEC-0089,https://www.sec.gov/Archives/edgar/daily-index/2010/QTR1/master.20100301.idx,20100301,master.20100301.idx,before_handoff,listed_source_pending,
2010Q1,SEC-0089,https://www.sec.gov/Archives/edgar/daily-index/2010/QTR1/master.20100302.idx,20100302,master.20100302.idx,before_handoff,listed_source_pending,
2010Q1,SEC-0089,https://www.sec.gov/Archives/edgar/daily-index/2010/QTR1/master.20100303.idx,20100303,master.20100303.idx,before_handoff,listed_source_pending,
2010Q1,SEC-0089,https://www.sec.gov/Archives/edgar/daily-index/2010/QTR1/master.20100304.idx,20100304,master.20100304.idx,before_handoff,listed_source_pending,
2010Q1,SEC-0089,https://www.sec.gov/Archives/edgar/daily-index/2010/QTR1/master.20100305.idx,20100305,master.20100305.idx,before_handoff,listed_source_pending,
2010Q1,SEC-0089,https://www.sec.gov/Archives/edgar/daily-index/2010/QTR1/master.20100308.idx,20100308,master.20100308.idx,before_handoff,listed_source_pending,
2010Q1,SEC-0089,https://www.sec.gov/Archives/edgar/daily-index/2010/QTR1/master.20100309.idx,20100309,master.20100309.idx,before_handoff,listed_source_pending,
2010Q1,SEC-0089,https://www.sec.gov/Archives/edgar/daily-index/2010/QTR1/master.20100310.idx,20100310,master.20100310.idx,before_handoff,listed_source_pending,
2010Q1,SEC-0089,https://www.sec.gov/Archives/edgar/daily-index/2010/QTR1/master.20100311.idx,20100311,master.20100311.idx,before_handoff,listed_source_pending,
2010Q1,SEC-0089,https://www.sec.gov/Archives/edgar/daily-index/2010/QTR1/master.20100312.idx,20100312,master.20100312.idx,before_handoff,listed_source_pending,
2010Q1,SEC-0089,https://www.sec.gov/Archives/edgar/daily-index/2010/QTR1/master.20100315.idx,20100315,master.20100315.idx,before_handoff,listed_source_pending,
2010Q1,SEC-0089,https://www.sec.gov/Archives/edgar/daily-index/2010/QTR1/master.20100316.idx,20100316,master.20100316.idx,before_handoff,listed_source_pending,
2010Q1,SEC-0089,https://www.sec.gov/Archives/edgar/daily-index/2010/QTR1/master.20100317.idx,20100317,master.20100317.idx,before_handoff,listed_source_pending,
2010Q1,SEC-0089,https://www.sec.gov/Archives/edgar/daily-index/2010/QTR1/master.20100318.idx,20100318,master.20100318.idx,before_handoff,listed_source_pending,
2010Q1,SEC-0089,https://www.sec.gov/Archives/edgar/daily-index/2010/QTR1/master.20100319.idx,20100319,master.20100319.idx,before_handoff,listed_source_pending,
2010Q1,SEC-0089,https://www.sec.gov/Archives/edgar/daily-index/2010/QTR1/master.20100322.idx,20100322,master.20100322.idx,before_handoff,listed_source_pending,
2010Q1,SEC-0089,https://www.sec.gov/Archives/edgar/daily-index/2010/QTR1/master.20100323.idx,20100323,master.20100323.idx,before_handoff,listed_source_pending,
2010Q1,SEC-0089,https://www.sec.gov/Archives/edgar/daily-index/2010/QTR1/master.20100324.idx,20100324,master.20100324.idx,before_handoff,listed_source_pending,
2010Q1,SEC-0089,https://www.sec.gov/Archives/edgar/daily-index/2010/QTR1/master.20100325.idx,20100325,master.20100325.idx,before_handoff,listed_source_pending,
2010Q1,SEC-0089,https://www.sec.gov/Archives/edgar/daily-index/2010/QTR1/master.20100326.idx,20100326,master.20100326.idx,before_handoff,listed_source_pending,
2010Q1,SEC-0089,https://www.sec.gov/Archives/edgar/daily-index/2010/QTR1/master.20100329.idx,20100329,master.20100329.idx,before_handoff,listed_source_pending,
2010Q1,SEC-0089,https://www.sec.gov/Archives/edgar/daily-index/2010/QTR1/master.20100330.idx,20100330,master.20100330.idx,before_handoff,listed_source_pending,
2010Q1,SEC-0089,https://www.sec.gov/Archives/edgar/daily-index/2010/QTR1/master.20100331.idx,20100331,master.20100331.idx,before_handoff,listed_source_pending,
2010Q2,SEC-0088,https://www.sec.gov/Archives/edgar/daily-index/2010/QTR2/index.json,,directory_summary,Historical boundary,listed_uninspected,GAP-D-2010Q2
2010Q3,SEC-0088,https://www.sec.gov/Archives/edgar/daily-index/2010/QTR3/index.json,,directory_summary,Historical boundary,listed_uninspected,GAP-D-2010Q3
2010Q4,SEC-0090,https://www.sec.gov/Archives/edgar/daily-index/2010/QTR4/index.json,,directory_summary,historical/preceding,available,
2010Q4,SEC-0090,https://www.sec.gov/Archives/edgar/daily-index/2010/QTR4/master.20101001.idx,20101001,master.20101001.idx,before_handoff,listed_source_pending,
2010Q4,SEC-0090,https://www.sec.gov/Archives/edgar/daily-index/2010/QTR4/master.20101004.idx,20101004,master.20101004.idx,before_handoff,listed_source_pending,
2010Q4,SEC-0090,https://www.sec.gov/Archives/edgar/daily-index/2010/QTR4/master.20101005.idx,20101005,master.20101005.idx,before_handoff,listed_source_pending,
2010Q4,SEC-0090,https://www.sec.gov/Archives/edgar/daily-index/2010/QTR4/master.20101006.idx,20101006,master.20101006.idx,before_handoff,listed_source_pending,
2010Q4,SEC-0090,https://www.sec.gov/Archives/edgar/daily-index/2010/QTR4/master.20101007.idx,20101007,master.20101007.idx,before_handoff,listed_source_pending,
2010Q4,SEC-0090,https://www.sec.gov/Archives/edgar/daily-index/2010/QTR4/master.20101008.idx,20101008,master.20101008.idx,before_handoff,listed_source_pending,
2010Q4,SEC-0090,https://www.sec.gov/Archives/edgar/daily-index/2010/QTR4/master.20101012.idx,20101012,master.20101012.idx,before_handoff,listed_source_pending,
2010Q4,SEC-0090,https://www.sec.gov/Archives/edgar/daily-index/2010/QTR4/master.20101013.idx,20101013,master.20101013.idx,before_handoff,listed_source_pending,
2010Q4,SEC-0090,https://www.sec.gov/Archives/edgar/daily-index/2010/QTR4/master.20101014.idx,20101014,master.20101014.idx,before_handoff,listed_source_pending,
2010Q4,SEC-0090,https://www.sec.gov/Archives/edgar/daily-index/2010/QTR4/master.20101015.idx,20101015,master.20101015.idx,before_handoff,listed_source_pending,
2010Q4,SEC-0090,https://www.sec.gov/Archives/edgar/daily-index/2010/QTR4/master.20101018.idx,20101018,master.20101018.idx,before_handoff,listed_source_pending,
2010Q4,SEC-0090,https://www.sec.gov/Archives/edgar/daily-index/2010/QTR4/master.20101019.idx,20101019,master.20101019.idx,before_handoff,listed_source_pending,
2010Q4,SEC-0090,https://www.sec.gov/Archives/edgar/daily-index/2010/QTR4/master.20101020.idx,20101020,master.20101020.idx,before_handoff,listed_source_pending,
2010Q4,SEC-0090,https://www.sec.gov/Archives/edgar/daily-index/2010/QTR4/master.20101021.idx,20101021,master.20101021.idx,before_handoff,listed_source_pending,
2010Q4,SEC-0090,https://www.sec.gov/Archives/edgar/daily-index/2010/QTR4/master.20101022.idx,20101022,master.20101022.idx,before_handoff,listed_source_pending,
2010Q4,SEC-0090,https://www.sec.gov/Archives/edgar/daily-index/2010/QTR4/master.20101025.idx,20101025,master.20101025.idx,before_handoff,listed_source_pending,
2010Q4,SEC-0090,https://www.sec.gov/Archives/edgar/daily-index/2010/QTR4/master.20101026.idx,20101026,master.20101026.idx,before_handoff,listed_source_pending,
2010Q4,SEC-0090,https://www.sec.gov/Archives/edgar/daily-index/2010/QTR4/master.20101027.idx,20101027,master.20101027.idx,before_handoff,listed_source_pending,
2010Q4,SEC-0090,https://www.sec.gov/Archives/edgar/daily-index/2010/QTR4/master.20101028.idx,20101028,master.20101028.idx,before_handoff,listed_source_pending,
2010Q4,SEC-0090,https://www.sec.gov/Archives/edgar/daily-index/2010/QTR4/master.20101029.idx,20101029,master.20101029.idx,before_handoff,listed_source_pending,
2010Q4,SEC-0090,https://www.sec.gov/Archives/edgar/daily-index/2010/QTR4/master.20101101.idx,20101101,master.20101101.idx,before_handoff,listed_source_pending,
2010Q4,SEC-0090,https://www.sec.gov/Archives/edgar/daily-index/2010/QTR4/master.20101102.idx,20101102,master.20101102.idx,before_handoff,listed_source_pending,
2010Q4,SEC-0090,https://www.sec.gov/Archives/edgar/daily-index/2010/QTR4/master.20101103.idx,20101103,master.20101103.idx,before_handoff,listed_source_pending,
2010Q4,SEC-0090,https://www.sec.gov/Archives/edgar/daily-index/2010/QTR4/master.20101104.idx,20101104,master.20101104.idx,before_handoff,listed_source_pending,
2010Q4,SEC-0090,https://www.sec.gov/Archives/edgar/daily-index/2010/QTR4/master.20101105.idx,20101105,master.20101105.idx,before_handoff,listed_source_pending,
2010Q4,SEC-0090,https://www.sec.gov/Archives/edgar/daily-index/2010/QTR4/master.20101108.idx,20101108,master.20101108.idx,before_handoff,listed_source_pending,
2010Q4,SEC-0090,https://www.sec.gov/Archives/edgar/daily-index/2010/QTR4/master.20101109.idx,20101109,master.20101109.idx,before_handoff,listed_source_pending,
2010Q4,SEC-0090,https://www.sec.gov/Archives/edgar/daily-index/2010/QTR4/master.20101110.idx,20101110,master.20101110.idx,before_handoff,listed_source_pending,
2010Q4,SEC-0090,https://www.sec.gov/Archives/edgar/daily-index/2010/QTR4/master.20101112.idx,20101112,master.20101112.idx,before_handoff,listed_source_pending,
2010Q4,SEC-0090,https://www.sec.gov/Archives/edgar/daily-index/2010/QTR4/master.20101115.idx,20101115,master.20101115.idx,before_handoff,listed_source_pending,
2010Q4,SEC-0090,https://www.sec.gov/Archives/edgar/daily-index/2010/QTR4/master.20101116.idx,20101116,master.20101116.idx,before_handoff,listed_source_pending,
2010Q4,SEC-0090,https://www.sec.gov/Archives/edgar/daily-index/2010/QTR4/master.20101117.idx,20101117,master.20101117.idx,before_handoff,listed_source_pending,
2010Q4,SEC-0090,https://www.sec.gov/Archives/edgar/daily-index/2010/QTR4/master.20101118.idx,20101118,master.20101118.idx,before_handoff,listed_source_pending,
2010Q4,SEC-0090,https://www.sec.gov/Archives/edgar/daily-index/2010/QTR4/master.20101119.idx,20101119,master.20101119.idx,before_handoff,listed_source_pending,
2010Q4,SEC-0090,https://www.sec.gov/Archives/edgar/daily-index/2010/QTR4/master.20101122.idx,20101122,master.20101122.idx,before_handoff,listed_source_pending,
2010Q4,SEC-0090,https://www.sec.gov/Archives/edgar/daily-index/2010/QTR4/master.20101123.idx,20101123,master.20101123.idx,before_handoff,listed_source_pending,
2010Q4,SEC-0090,https://www.sec.gov/Archives/edgar/daily-index/2010/QTR4/master.20101124.idx,20101124,master.20101124.idx,before_handoff,listed_source_pending,
2010Q4,SEC-0090,https://www.sec.gov/Archives/edgar/daily-index/2010/QTR4/master.20101126.idx,20101126,master.20101126.idx,before_handoff,listed_source_pending,
2010Q4,SEC-0090,https://www.sec.gov/Archives/edgar/daily-index/2010/QTR4/master.20101129.idx,20101129,master.20101129.idx,before_handoff,listed_source_pending,
2010Q4,SEC-0090,https://www.sec.gov/Archives/edgar/daily-index/2010/QTR4/master.20101130.idx,20101130,master.20101130.idx,before_handoff,listed_source_pending,
2010Q4,SEC-0090,https://www.sec.gov/Archives/edgar/daily-index/2010/QTR4/master.20101201.idx,20101201,master.20101201.idx,before_handoff,listed_source_pending,
2010Q4,SEC-0090,https://www.sec.gov/Archives/edgar/daily-index/2010/QTR4/master.20101202.idx,20101202,master.20101202.idx,before_handoff,listed_source_pending,
2010Q4,SEC-0090,https://www.sec.gov/Archives/edgar/daily-index/2010/QTR4/master.20101203.idx,20101203,master.20101203.idx,before_handoff,listed_source_pending,
2010Q4,SEC-0090,https://www.sec.gov/Archives/edgar/daily-index/2010/QTR4/master.20101206.idx,20101206,master.20101206.idx,before_handoff,listed_source_pending,
2010Q4,SEC-0090,https://www.sec.gov/Archives/edgar/daily-index/2010/QTR4/master.20101207.idx,20101207,master.20101207.idx,before_handoff,listed_source_pending,
2010Q4,SEC-0090,https://www.sec.gov/Archives/edgar/daily-index/2010/QTR4/master.20101208.idx,20101208,master.20101208.idx,before_handoff,listed_source_pending,
2010Q4,SEC-0090,https://www.sec.gov/Archives/edgar/daily-index/2010/QTR4/master.20101209.idx,20101209,master.20101209.idx,before_handoff,listed_source_pending,
2010Q4,SEC-0090,https://www.sec.gov/Archives/edgar/daily-index/2010/QTR4/master.20101210.idx,20101210,master.20101210.idx,before_handoff,listed_source_pending,
2010Q4,SEC-0090,https://www.sec.gov/Archives/edgar/daily-index/2010/QTR4/master.20101213.idx,20101213,master.20101213.idx,before_handoff,listed_source_pending,
2010Q4,SEC-0090,https://www.sec.gov/Archives/edgar/daily-index/2010/QTR4/master.20101214.idx,20101214,master.20101214.idx,before_handoff,listed_source_pending,
2010Q4,SEC-0090,https://www.sec.gov/Archives/edgar/daily-index/2010/QTR4/master.20101215.idx,20101215,master.20101215.idx,before_handoff,listed_source_pending,
2010Q4,SEC-0090,https://www.sec.gov/Archives/edgar/daily-index/2010/QTR4/master.20101216.idx,20101216,master.20101216.idx,before_handoff,listed_source_pending,
2010Q4,SEC-0090,https://www.sec.gov/Archives/edgar/daily-index/2010/QTR4/master.20101217.idx,20101217,master.20101217.idx,before_handoff,listed_source_pending,
2010Q4,SEC-0090,https://www.sec.gov/Archives/edgar/daily-index/2010/QTR4/master.20101220.idx,20101220,master.20101220.idx,before_handoff,listed_source_pending,
2010Q4,SEC-0090,https://www.sec.gov/Archives/edgar/daily-index/2010/QTR4/master.20101221.idx,20101221,master.20101221.idx,before_handoff,listed_source_pending,
2010Q4,SEC-0090,https://www.sec.gov/Archives/edgar/daily-index/2010/QTR4/master.20101222.idx,20101222,master.20101222.idx,before_handoff,listed_source_pending,
2010Q4,SEC-0090,https://www.sec.gov/Archives/edgar/daily-index/2010/QTR4/master.20101223.idx,20101223,master.20101223.idx,before_handoff,listed_source_pending,
2010Q4,SEC-0090,https://www.sec.gov/Archives/edgar/daily-index/2010/QTR4/master.20101227.idx,20101227,master.20101227.idx,before_handoff,listed_source_pending,
2010Q4,SEC-0090,https://www.sec.gov/Archives/edgar/daily-index/2010/QTR4/master.20101228.idx,20101228,master.20101228.idx,before_handoff,listed_source_pending,
2010Q4,SEC-0090,https://www.sec.gov/Archives/edgar/daily-index/2010/QTR4/master.20101229.idx,20101229,master.20101229.idx,before_handoff,listed_source_pending,
2010Q4,SEC-0090,https://www.sec.gov/Archives/edgar/daily-index/2010/QTR4/master.20101230.idx,20101230,master.20101230.idx,before_handoff,listed_source_pending,
2011,SEC-0091,https://www.sec.gov/Archives/edgar/daily-index/2011/index.json,,year_summary,Historical boundary,available,
2011Q1,SEC-0092,https://www.sec.gov/Archives/edgar/daily-index/2011/QTR1/index.json,,directory_summary,historical/preceding,available,
2011Q1,SEC-0092,https://www.sec.gov/Archives/edgar/daily-index/2011/QTR1/master.20110103.idx,20110103,master.20110103.idx,before_handoff,listed_source_pending,
2011Q1,SEC-0092,https://www.sec.gov/Archives/edgar/daily-index/2011/QTR1/master.20110104.idx,20110104,master.20110104.idx,before_handoff,listed_source_pending,
2011Q1,SEC-0092,https://www.sec.gov/Archives/edgar/daily-index/2011/QTR1/master.20110105.idx,20110105,master.20110105.idx,before_handoff,listed_source_pending,
2011Q1,SEC-0092,https://www.sec.gov/Archives/edgar/daily-index/2011/QTR1/master.20110106.idx,20110106,master.20110106.idx,before_handoff,listed_source_pending,
2011Q1,SEC-0092,https://www.sec.gov/Archives/edgar/daily-index/2011/QTR1/master.20110107.idx,20110107,master.20110107.idx,before_handoff,listed_source_pending,
2011Q1,SEC-0092,https://www.sec.gov/Archives/edgar/daily-index/2011/QTR1/master.20110110.idx,20110110,master.20110110.idx,before_handoff,listed_source_pending,
2011Q1,SEC-0092,https://www.sec.gov/Archives/edgar/daily-index/2011/QTR1/master.20110111.idx,20110111,master.20110111.idx,before_handoff,listed_source_pending,
2011Q1,SEC-0092,https://www.sec.gov/Archives/edgar/daily-index/2011/QTR1/master.20110112.idx,20110112,master.20110112.idx,before_handoff,listed_source_pending,
2011Q1,SEC-0092,https://www.sec.gov/Archives/edgar/daily-index/2011/QTR1/master.20110113.idx,20110113,master.20110113.idx,before_handoff,listed_source_pending,
2011Q1,SEC-0092,https://www.sec.gov/Archives/edgar/daily-index/2011/QTR1/master.20110114.idx,20110114,master.20110114.idx,before_handoff,listed_source_pending,
2011Q1,SEC-0092,https://www.sec.gov/Archives/edgar/daily-index/2011/QTR1/master.20110118.idx,20110118,master.20110118.idx,before_handoff,listed_source_pending,
2011Q1,SEC-0092,https://www.sec.gov/Archives/edgar/daily-index/2011/QTR1/master.20110119.idx,20110119,master.20110119.idx,before_handoff,listed_source_pending,
2011Q1,SEC-0092,https://www.sec.gov/Archives/edgar/daily-index/2011/QTR1/master.20110120.idx,20110120,master.20110120.idx,before_handoff,listed_source_pending,
2011Q1,SEC-0092,https://www.sec.gov/Archives/edgar/daily-index/2011/QTR1/master.20110121.idx,20110121,master.20110121.idx,before_handoff,listed_source_pending,
2011Q1,SEC-0092,https://www.sec.gov/Archives/edgar/daily-index/2011/QTR1/master.20110124.idx,20110124,master.20110124.idx,before_handoff,listed_source_pending,
2011Q1,SEC-0092,https://www.sec.gov/Archives/edgar/daily-index/2011/QTR1/master.20110125.idx,20110125,master.20110125.idx,before_handoff,listed_source_pending,
2011Q1,SEC-0092,https://www.sec.gov/Archives/edgar/daily-index/2011/QTR1/master.20110126.idx,20110126,master.20110126.idx,before_handoff,listed_source_pending,
2011Q1,SEC-0092,https://www.sec.gov/Archives/edgar/daily-index/2011/QTR1/master.20110127.idx,20110127,master.20110127.idx,before_handoff,listed_source_pending,
2011Q1,SEC-0092,https://www.sec.gov/Archives/edgar/daily-index/2011/QTR1/master.20110128.idx,20110128,master.20110128.idx,before_handoff,listed_source_pending,
2011Q1,SEC-0092,https://www.sec.gov/Archives/edgar/daily-index/2011/QTR1/master.20110131.idx,20110131,master.20110131.idx,before_handoff,listed_source_pending,
2011Q1,SEC-0092,https://www.sec.gov/Archives/edgar/daily-index/2011/QTR1/master.20110201.idx,20110201,master.20110201.idx,before_handoff,listed_source_pending,
2011Q1,SEC-0092,https://www.sec.gov/Archives/edgar/daily-index/2011/QTR1/master.20110202.idx,20110202,master.20110202.idx,before_handoff,listed_source_pending,
2011Q1,SEC-0092,https://www.sec.gov/Archives/edgar/daily-index/2011/QTR1/master.20110203.idx,20110203,master.20110203.idx,before_handoff,listed_source_pending,
2011Q1,SEC-0092,https://www.sec.gov/Archives/edgar/daily-index/2011/QTR1/master.20110204.idx,20110204,master.20110204.idx,before_handoff,listed_source_pending,
2011Q1,SEC-0092,https://www.sec.gov/Archives/edgar/daily-index/2011/QTR1/master.20110207.idx,20110207,master.20110207.idx,before_handoff,listed_source_pending,
2011Q1,SEC-0092,https://www.sec.gov/Archives/edgar/daily-index/2011/QTR1/master.20110208.idx,20110208,master.20110208.idx,before_handoff,listed_source_pending,
2011Q1,SEC-0092,https://www.sec.gov/Archives/edgar/daily-index/2011/QTR1/master.20110209.idx,20110209,master.20110209.idx,before_handoff,listed_source_pending,
2011Q1,SEC-0092,https://www.sec.gov/Archives/edgar/daily-index/2011/QTR1/master.20110210.idx,20110210,master.20110210.idx,before_handoff,listed_source_pending,
2011Q1,SEC-0092,https://www.sec.gov/Archives/edgar/daily-index/2011/QTR1/master.20110211.idx,20110211,master.20110211.idx,before_handoff,listed_source_pending,
2011Q1,SEC-0092,https://www.sec.gov/Archives/edgar/daily-index/2011/QTR1/master.20110214.idx,20110214,master.20110214.idx,before_handoff,listed_source_pending,
2011Q1,SEC-0092,https://www.sec.gov/Archives/edgar/daily-index/2011/QTR1/master.20110215.idx,20110215,master.20110215.idx,before_handoff,listed_source_pending,
2011Q1,SEC-0092,https://www.sec.gov/Archives/edgar/daily-index/2011/QTR1/master.20110216.idx,20110216,master.20110216.idx,before_handoff,listed_source_pending,
2011Q1,SEC-0092,https://www.sec.gov/Archives/edgar/daily-index/2011/QTR1/master.20110217.idx,20110217,master.20110217.idx,before_handoff,listed_source_pending,
2011Q1,SEC-0092,https://www.sec.gov/Archives/edgar/daily-index/2011/QTR1/master.20110218.idx,20110218,master.20110218.idx,before_handoff,listed_source_pending,
2011Q1,SEC-0092,https://www.sec.gov/Archives/edgar/daily-index/2011/QTR1/master.20110222.idx,20110222,master.20110222.idx,before_handoff,listed_source_pending,
2011Q1,SEC-0092,https://www.sec.gov/Archives/edgar/daily-index/2011/QTR1/master.20110223.idx,20110223,master.20110223.idx,before_handoff,listed_source_pending,
2011Q1,SEC-0092,https://www.sec.gov/Archives/edgar/daily-index/2011/QTR1/master.20110224.idx,20110224,master.20110224.idx,before_handoff,listed_source_pending,
2011Q1,SEC-0092,https://www.sec.gov/Archives/edgar/daily-index/2011/QTR1/master.20110225.idx,20110225,master.20110225.idx,before_handoff,listed_source_pending,
2011Q1,SEC-0092,https://www.sec.gov/Archives/edgar/daily-index/2011/QTR1/master.20110228.idx,20110228,master.20110228.idx,before_handoff,listed_source_pending,
2011Q1,SEC-0092,https://www.sec.gov/Archives/edgar/daily-index/2011/QTR1/master.20110301.idx,20110301,master.20110301.idx,before_handoff,listed_source_pending,
2011Q1,SEC-0092,https://www.sec.gov/Archives/edgar/daily-index/2011/QTR1/master.20110302.idx,20110302,master.20110302.idx,before_handoff,listed_source_pending,
2011Q1,SEC-0092,https://www.sec.gov/Archives/edgar/daily-index/2011/QTR1/master.20110303.idx,20110303,master.20110303.idx,before_handoff,listed_source_pending,
2011Q1,SEC-0092,https://www.sec.gov/Archives/edgar/daily-index/2011/QTR1/master.20110304.idx,20110304,master.20110304.idx,before_handoff,listed_source_pending,
2011Q1,SEC-0092,https://www.sec.gov/Archives/edgar/daily-index/2011/QTR1/master.20110307.idx,20110307,master.20110307.idx,before_handoff,listed_source_pending,
2011Q1,SEC-0092,https://www.sec.gov/Archives/edgar/daily-index/2011/QTR1/master.20110308.idx,20110308,master.20110308.idx,before_handoff,listed_source_pending,
2011Q1,SEC-0092,https://www.sec.gov/Archives/edgar/daily-index/2011/QTR1/master.20110309.idx,20110309,master.20110309.idx,before_handoff,listed_source_pending,
2011Q1,SEC-0092,https://www.sec.gov/Archives/edgar/daily-index/2011/QTR1/master.20110310.idx,20110310,master.20110310.idx,before_handoff,listed_source_pending,
2011Q1,SEC-0092,https://www.sec.gov/Archives/edgar/daily-index/2011/QTR1/master.20110311.idx,20110311,master.20110311.idx,before_handoff,listed_source_pending,
2011Q1,SEC-0092,https://www.sec.gov/Archives/edgar/daily-index/2011/QTR1/master.20110314.idx,20110314,master.20110314.idx,before_handoff,listed_source_pending,
2011Q1,SEC-0092,https://www.sec.gov/Archives/edgar/daily-index/2011/QTR1/master.20110315.idx,20110315,master.20110315.idx,before_handoff,listed_source_pending,
2011Q1,SEC-0092,https://www.sec.gov/Archives/edgar/daily-index/2011/QTR1/master.20110316.idx,20110316,master.20110316.idx,before_handoff,listed_source_pending,
2011Q1,SEC-0092,https://www.sec.gov/Archives/edgar/daily-index/2011/QTR1/master.20110317.idx,20110317,master.20110317.idx,before_handoff,listed_source_pending,
2011Q1,SEC-0092,https://www.sec.gov/Archives/edgar/daily-index/2011/QTR1/master.20110318.idx,20110318,master.20110318.idx,before_handoff,listed_source_pending,
2011Q1,SEC-0092,https://www.sec.gov/Archives/edgar/daily-index/2011/QTR1/master.20110321.idx,20110321,master.20110321.idx,before_handoff,listed_source_pending,
2011Q1,SEC-0092,https://www.sec.gov/Archives/edgar/daily-index/2011/QTR1/master.20110322.idx,20110322,master.20110322.idx,before_handoff,listed_source_pending,
2011Q1,SEC-0092,https://www.sec.gov/Archives/edgar/daily-index/2011/QTR1/master.20110323.idx,20110323,master.20110323.idx,before_handoff,listed_source_pending,
2011Q1,SEC-0092,https://www.sec.gov/Archives/edgar/daily-index/2011/QTR1/master.20110324.idx,20110324,master.20110324.idx,before_handoff,listed_source_pending,
2011Q1,SEC-0092,https://www.sec.gov/Archives/edgar/daily-index/2011/QTR1/master.20110325.idx,20110325,master.20110325.idx,before_handoff,listed_source_pending,
2011Q1,SEC-0092,https://www.sec.gov/Archives/edgar/daily-index/2011/QTR1/master.20110328.idx,20110328,master.20110328.idx,before_handoff,listed_source_pending,
2011Q1,SEC-0092,https://www.sec.gov/Archives/edgar/daily-index/2011/QTR1/master.20110329.idx,20110329,master.20110329.idx,before_handoff,listed_source_pending,
2011Q1,SEC-0092,https://www.sec.gov/Archives/edgar/daily-index/2011/QTR1/master.20110330.idx,20110330,master.20110330.idx,before_handoff,listed_source_pending,
2011Q1,SEC-0092,https://www.sec.gov/Archives/edgar/daily-index/2011/QTR1/master.20110331.idx,20110331,master.20110331.idx,before_handoff,listed_source_pending,
2011Q2,SEC-0091,https://www.sec.gov/Archives/edgar/daily-index/2011/QTR2/index.json,,directory_summary,Historical boundary,listed_uninspected,GAP-D-2011Q2
2011Q3,SEC-0091,https://www.sec.gov/Archives/edgar/daily-index/2011/QTR3/index.json,,directory_summary,Historical boundary,listed_uninspected,GAP-D-2011Q3
2011Q4,SEC-0093,https://www.sec.gov/Archives/edgar/daily-index/2011/QTR4/index.json,,directory_summary,historical/preceding,available,
2011Q4,SEC-0093,https://www.sec.gov/Archives/edgar/daily-index/2011/QTR4/master.20111003.idx.gz,20111003,master.20111003.idx.gz,before_handoff,listed_source_pending,
2011Q4,SEC-0093,https://www.sec.gov/Archives/edgar/daily-index/2011/QTR4/master.20111004.idx.gz,20111004,master.20111004.idx.gz,before_handoff,listed_source_pending,
2011Q4,SEC-0093,https://www.sec.gov/Archives/edgar/daily-index/2011/QTR4/master.20111005.idx.gz,20111005,master.20111005.idx.gz,before_handoff,listed_source_pending,
2011Q4,SEC-0093,https://www.sec.gov/Archives/edgar/daily-index/2011/QTR4/master.20111006.idx.gz,20111006,master.20111006.idx.gz,before_handoff,listed_source_pending,
2011Q4,SEC-0093,https://www.sec.gov/Archives/edgar/daily-index/2011/QTR4/master.20111007.idx.gz,20111007,master.20111007.idx.gz,before_handoff,listed_source_pending,
2011Q4,SEC-0093,https://www.sec.gov/Archives/edgar/daily-index/2011/QTR4/master.20111011.idx.gz,20111011,master.20111011.idx.gz,before_handoff,listed_source_pending,
2011Q4,SEC-0093,https://www.sec.gov/Archives/edgar/daily-index/2011/QTR4/master.20111012.idx.gz,20111012,master.20111012.idx.gz,before_handoff,listed_source_pending,
2011Q4,SEC-0093,https://www.sec.gov/Archives/edgar/daily-index/2011/QTR4/master.20111013.idx.gz,20111013,master.20111013.idx.gz,before_handoff,listed_source_pending,
2011Q4,SEC-0093,https://www.sec.gov/Archives/edgar/daily-index/2011/QTR4/master.20111014.idx.gz,20111014,master.20111014.idx.gz,before_handoff,listed_source_pending,
2011Q4,SEC-0093,https://www.sec.gov/Archives/edgar/daily-index/2011/QTR4/master.20111017.idx.gz,20111017,master.20111017.idx.gz,before_handoff,listed_source_pending,
2011Q4,SEC-0093,https://www.sec.gov/Archives/edgar/daily-index/2011/QTR4/master.20111018.idx.gz,20111018,master.20111018.idx.gz,before_handoff,listed_source_pending,
2011Q4,SEC-0093,https://www.sec.gov/Archives/edgar/daily-index/2011/QTR4/master.20111019.idx.gz,20111019,master.20111019.idx.gz,before_handoff,listed_source_pending,
2011Q4,SEC-0093,https://www.sec.gov/Archives/edgar/daily-index/2011/QTR4/master.20111020.idx.gz,20111020,master.20111020.idx.gz,before_handoff,listed_source_pending,
2011Q4,SEC-0093,https://www.sec.gov/Archives/edgar/daily-index/2011/QTR4/master.20111021.idx.gz,20111021,master.20111021.idx.gz,before_handoff,listed_source_pending,
2011Q4,SEC-0093,https://www.sec.gov/Archives/edgar/daily-index/2011/QTR4/master.20111024.idx.gz,20111024,master.20111024.idx.gz,before_handoff,listed_source_pending,
2011Q4,SEC-0093,https://www.sec.gov/Archives/edgar/daily-index/2011/QTR4/master.20111025.idx.gz,20111025,master.20111025.idx.gz,before_handoff,listed_source_pending,
2011Q4,SEC-0093,https://www.sec.gov/Archives/edgar/daily-index/2011/QTR4/master.20111026.idx.gz,20111026,master.20111026.idx.gz,before_handoff,listed_source_pending,
2011Q4,SEC-0093,https://www.sec.gov/Archives/edgar/daily-index/2011/QTR4/master.20111027.idx.gz,20111027,master.20111027.idx.gz,before_handoff,listed_source_pending,
2011Q4,SEC-0093,https://www.sec.gov/Archives/edgar/daily-index/2011/QTR4/master.20111028.idx.gz,20111028,master.20111028.idx.gz,before_handoff,listed_source_pending,
2011Q4,SEC-0093,https://www.sec.gov/Archives/edgar/daily-index/2011/QTR4/master.20111031.idx.gz,20111031,master.20111031.idx.gz,before_handoff,listed_source_pending,
2011Q4,SEC-0093,https://www.sec.gov/Archives/edgar/daily-index/2011/QTR4/master.20111101.idx.gz,20111101,master.20111101.idx.gz,before_handoff,listed_source_pending,
2011Q4,SEC-0093,https://www.sec.gov/Archives/edgar/daily-index/2011/QTR4/master.20111102.idx.gz,20111102,master.20111102.idx.gz,before_handoff,listed_source_pending,
2011Q4,SEC-0093,https://www.sec.gov/Archives/edgar/daily-index/2011/QTR4/master.20111103.idx.gz,20111103,master.20111103.idx.gz,before_handoff,listed_source_pending,
2011Q4,SEC-0093,https://www.sec.gov/Archives/edgar/daily-index/2011/QTR4/master.20111104.idx.gz,20111104,master.20111104.idx.gz,before_handoff,listed_source_pending,
2011Q4,SEC-0093,https://www.sec.gov/Archives/edgar/daily-index/2011/QTR4/master.20111107.idx.gz,20111107,master.20111107.idx.gz,before_handoff,listed_source_pending,
2011Q4,SEC-0093,https://www.sec.gov/Archives/edgar/daily-index/2011/QTR4/master.20111108.idx.gz,20111108,master.20111108.idx.gz,before_handoff,listed_source_pending,
2011Q4,SEC-0093,https://www.sec.gov/Archives/edgar/daily-index/2011/QTR4/master.20111109.idx.gz,20111109,master.20111109.idx.gz,before_handoff,listed_source_pending,
2011Q4,SEC-0093,https://www.sec.gov/Archives/edgar/daily-index/2011/QTR4/master.20111110.idx.gz,20111110,master.20111110.idx.gz,before_handoff,listed_source_pending,
2011Q4,SEC-0093,https://www.sec.gov/Archives/edgar/daily-index/2011/QTR4/master.20111114.idx.gz,20111114,master.20111114.idx.gz,before_handoff,listed_source_pending,
2011Q4,SEC-0093,https://www.sec.gov/Archives/edgar/daily-index/2011/QTR4/master.20111115.idx.gz,20111115,master.20111115.idx.gz,before_handoff,listed_source_pending,
2011Q4,SEC-0093,https://www.sec.gov/Archives/edgar/daily-index/2011/QTR4/master.20111116.idx.gz,20111116,master.20111116.idx.gz,before_handoff,listed_source_pending,
2011Q4,SEC-0093,https://www.sec.gov/Archives/edgar/daily-index/2011/QTR4/master.20111117.idx.gz,20111117,master.20111117.idx.gz,before_handoff,listed_source_pending,
2011Q4,SEC-0093,https://www.sec.gov/Archives/edgar/daily-index/2011/QTR4/master.20111118.idx.gz,20111118,master.20111118.idx.gz,before_handoff,listed_source_pending,
2011Q4,SEC-0093,https://www.sec.gov/Archives/edgar/daily-index/2011/QTR4/master.20111121.idx.gz,20111121,master.20111121.idx.gz,before_handoff,listed_source_pending,
2011Q4,SEC-0093,https://www.sec.gov/Archives/edgar/daily-index/2011/QTR4/master.20111122.idx.gz,20111122,master.20111122.idx.gz,before_handoff,listed_source_pending,
2011Q4,SEC-0093,https://www.sec.gov/Archives/edgar/daily-index/2011/QTR4/master.20111123.idx.gz,20111123,master.20111123.idx.gz,before_handoff,listed_source_pending,
2011Q4,SEC-0093,https://www.sec.gov/Archives/edgar/daily-index/2011/QTR4/master.20111125.idx.gz,20111125,master.20111125.idx.gz,before_handoff,listed_source_pending,
2011Q4,SEC-0093,https://www.sec.gov/Archives/edgar/daily-index/2011/QTR4/master.20111128.idx.gz,20111128,master.20111128.idx.gz,before_handoff,listed_source_pending,
2011Q4,SEC-0093,https://www.sec.gov/Archives/edgar/daily-index/2011/QTR4/master.20111129.idx.gz,20111129,master.20111129.idx.gz,before_handoff,listed_source_pending,
2011Q4,SEC-0093,https://www.sec.gov/Archives/edgar/daily-index/2011/QTR4/master.20111130.idx.gz,20111130,master.20111130.idx.gz,before_handoff,listed_source_pending,
2011Q4,SEC-0093,https://www.sec.gov/Archives/edgar/daily-index/2011/QTR4/master.20111201.idx.gz,20111201,master.20111201.idx.gz,before_handoff,listed_source_pending,
2011Q4,SEC-0093,https://www.sec.gov/Archives/edgar/daily-index/2011/QTR4/master.20111202.idx.gz,20111202,master.20111202.idx.gz,before_handoff,listed_source_pending,
2011Q4,SEC-0093,https://www.sec.gov/Archives/edgar/daily-index/2011/QTR4/master.20111205.idx.gz,20111205,master.20111205.idx.gz,before_handoff,listed_source_pending,
2011Q4,SEC-0093,https://www.sec.gov/Archives/edgar/daily-index/2011/QTR4/master.20111206.idx.gz,20111206,master.20111206.idx.gz,before_handoff,listed_source_pending,
2011Q4,SEC-0093,https://www.sec.gov/Archives/edgar/daily-index/2011/QTR4/master.20111207.idx.gz,20111207,master.20111207.idx.gz,before_handoff,listed_source_pending,
2011Q4,SEC-0093,https://www.sec.gov/Archives/edgar/daily-index/2011/QTR4/master.20111208.idx.gz,20111208,master.20111208.idx.gz,before_handoff,listed_source_pending,
2011Q4,SEC-0093,https://www.sec.gov/Archives/edgar/daily-index/2011/QTR4/master.20111209.idx.gz,20111209,master.20111209.idx.gz,before_handoff,listed_source_pending,
2011Q4,SEC-0093,https://www.sec.gov/Archives/edgar/daily-index/2011/QTR4/master.20111212.idx.gz,20111212,master.20111212.idx.gz,before_handoff,listed_source_pending,
2011Q4,SEC-0093,https://www.sec.gov/Archives/edgar/daily-index/2011/QTR4/master.20111213.idx.gz,20111213,master.20111213.idx.gz,before_handoff,listed_source_pending,
2011Q4,SEC-0093,https://www.sec.gov/Archives/edgar/daily-index/2011/QTR4/master.20111214.idx.gz,20111214,master.20111214.idx.gz,before_handoff,listed_source_pending,
2011Q4,SEC-0093,https://www.sec.gov/Archives/edgar/daily-index/2011/QTR4/master.20111215.idx.gz,20111215,master.20111215.idx.gz,before_handoff,listed_source_pending,
2011Q4,SEC-0093,https://www.sec.gov/Archives/edgar/daily-index/2011/QTR4/master.20111216.idx.gz,20111216,master.20111216.idx.gz,before_handoff,listed_source_pending,
2011Q4,SEC-0093,https://www.sec.gov/Archives/edgar/daily-index/2011/QTR4/master.20111219.idx.gz,20111219,master.20111219.idx.gz,before_handoff,listed_source_pending,
2011Q4,SEC-0093,https://www.sec.gov/Archives/edgar/daily-index/2011/QTR4/master.20111220.idx.gz,20111220,master.20111220.idx.gz,before_handoff,listed_source_pending,
2011Q4,SEC-0093,https://www.sec.gov/Archives/edgar/daily-index/2011/QTR4/master.20111221.idx.gz,20111221,master.20111221.idx.gz,before_handoff,listed_source_pending,
2011Q4,SEC-0093,https://www.sec.gov/Archives/edgar/daily-index/2011/QTR4/master.20111222.idx.gz,20111222,master.20111222.idx.gz,before_handoff,listed_source_pending,
2011Q4,SEC-0093,https://www.sec.gov/Archives/edgar/daily-index/2011/QTR4/master.20111223.idx.gz,20111223,master.20111223.idx.gz,before_handoff,listed_source_pending,
2011Q4,SEC-0093,https://www.sec.gov/Archives/edgar/daily-index/2011/QTR4/master.20111227.idx.gz,20111227,master.20111227.idx.gz,before_handoff,listed_source_pending,
2011Q4,SEC-0093,https://www.sec.gov/Archives/edgar/daily-index/2011/QTR4/master.20111228.idx.gz,20111228,master.20111228.idx.gz,before_handoff,listed_source_pending,
2011Q4,SEC-0093,https://www.sec.gov/Archives/edgar/daily-index/2011/QTR4/master.20111229.idx.gz,20111229,master.20111229.idx.gz,before_handoff,listed_source_pending,
2011Q4,SEC-0093,https://www.sec.gov/Archives/edgar/daily-index/2011/QTR4/master.20111230.idx.gz,20111230,master.20111230.idx.gz,before_handoff,listed_source_pending,
2012,SEC-0094,https://www.sec.gov/Archives/edgar/daily-index/2012/index.json,,year_summary,Historical boundary,available,
2012Q1,SEC-0095,https://www.sec.gov/Archives/edgar/daily-index/2012/QTR1/index.json,,directory_summary,historical/preceding,available,
2012Q1,SEC-0095,https://www.sec.gov/Archives/edgar/daily-index/2012/QTR1/master.20120103.idx,20120103,master.20120103.idx,before_handoff,listed_source_pending,
2012Q1,SEC-0095,https://www.sec.gov/Archives/edgar/daily-index/2012/QTR1/master.20120104.idx,20120104,master.20120104.idx,before_handoff,listed_source_pending,
2012Q1,SEC-0095,https://www.sec.gov/Archives/edgar/daily-index/2012/QTR1/master.20120105.idx,20120105,master.20120105.idx,before_handoff,listed_source_pending,
2012Q1,SEC-0095,https://www.sec.gov/Archives/edgar/daily-index/2012/QTR1/master.20120106.idx,20120106,master.20120106.idx,before_handoff,listed_source_pending,
2012Q1,SEC-0095,https://www.sec.gov/Archives/edgar/daily-index/2012/QTR1/master.20120109.idx,20120109,master.20120109.idx,before_handoff,listed_source_pending,
2012Q1,SEC-0095,https://www.sec.gov/Archives/edgar/daily-index/2012/QTR1/master.20120110.idx,20120110,master.20120110.idx,before_handoff,listed_source_pending,
2012Q1,SEC-0095,https://www.sec.gov/Archives/edgar/daily-index/2012/QTR1/master.20120111.idx,20120111,master.20120111.idx,before_handoff,listed_source_pending,
2012Q1,SEC-0095,https://www.sec.gov/Archives/edgar/daily-index/2012/QTR1/master.20120112.idx,20120112,master.20120112.idx,before_handoff,listed_source_pending,
2012Q1,SEC-0095,https://www.sec.gov/Archives/edgar/daily-index/2012/QTR1/master.20120113.idx,20120113,master.20120113.idx,before_handoff,listed_source_pending,
2012Q1,SEC-0095,https://www.sec.gov/Archives/edgar/daily-index/2012/QTR1/master.20120117.idx,20120117,master.20120117.idx,before_handoff,listed_source_pending,
2012Q1,SEC-0095,https://www.sec.gov/Archives/edgar/daily-index/2012/QTR1/master.20120118.idx,20120118,master.20120118.idx,before_handoff,listed_source_pending,
2012Q1,SEC-0095,https://www.sec.gov/Archives/edgar/daily-index/2012/QTR1/master.20120119.idx,20120119,master.20120119.idx,before_handoff,listed_source_pending,
2012Q1,SEC-0095,https://www.sec.gov/Archives/edgar/daily-index/2012/QTR1/master.20120120.idx,20120120,master.20120120.idx,before_handoff,listed_source_pending,
2012Q1,SEC-0095,https://www.sec.gov/Archives/edgar/daily-index/2012/QTR1/master.20120123.idx,20120123,master.20120123.idx,before_handoff,listed_source_pending,
2012Q1,SEC-0095,https://www.sec.gov/Archives/edgar/daily-index/2012/QTR1/master.20120124.idx,20120124,master.20120124.idx,before_handoff,listed_source_pending,
2012Q1,SEC-0095,https://www.sec.gov/Archives/edgar/daily-index/2012/QTR1/master.20120125.idx,20120125,master.20120125.idx,before_handoff,listed_source_pending,
2012Q1,SEC-0095,https://www.sec.gov/Archives/edgar/daily-index/2012/QTR1/master.20120126.idx,20120126,master.20120126.idx,before_handoff,listed_source_pending,
2012Q1,SEC-0095,https://www.sec.gov/Archives/edgar/daily-index/2012/QTR1/master.20120127.idx,20120127,master.20120127.idx,before_handoff,listed_source_pending,
2012Q1,SEC-0095,https://www.sec.gov/Archives/edgar/daily-index/2012/QTR1/master.20120130.idx,20120130,master.20120130.idx,before_handoff,listed_source_pending,
2012Q1,SEC-0095,https://www.sec.gov/Archives/edgar/daily-index/2012/QTR1/master.20120131.idx,20120131,master.20120131.idx,before_handoff,listed_source_pending,
2012Q1,SEC-0095,https://www.sec.gov/Archives/edgar/daily-index/2012/QTR1/master.20120201.idx,20120201,master.20120201.idx,before_handoff,listed_source_pending,
2012Q1,SEC-0095,https://www.sec.gov/Archives/edgar/daily-index/2012/QTR1/master.20120202.idx,20120202,master.20120202.idx,before_handoff,listed_source_pending,
2012Q1,SEC-0095,https://www.sec.gov/Archives/edgar/daily-index/2012/QTR1/master.20120203.idx,20120203,master.20120203.idx,before_handoff,listed_source_pending,
2012Q1,SEC-0095,https://www.sec.gov/Archives/edgar/daily-index/2012/QTR1/master.20120206.idx,20120206,master.20120206.idx,before_handoff,listed_source_pending,
2012Q1,SEC-0095,https://www.sec.gov/Archives/edgar/daily-index/2012/QTR1/master.20120207.idx,20120207,master.20120207.idx,before_handoff,listed_source_pending,
2012Q1,SEC-0095,https://www.sec.gov/Archives/edgar/daily-index/2012/QTR1/master.20120208.idx,20120208,master.20120208.idx,before_handoff,listed_source_pending,
2012Q1,SEC-0095,https://www.sec.gov/Archives/edgar/daily-index/2012/QTR1/master.20120209.idx,20120209,master.20120209.idx,before_handoff,listed_source_pending,
2012Q1,SEC-0095,https://www.sec.gov/Archives/edgar/daily-index/2012/QTR1/master.20120210.idx,20120210,master.20120210.idx,before_handoff,listed_source_pending,
2012Q1,SEC-0095,https://www.sec.gov/Archives/edgar/daily-index/2012/QTR1/master.20120213.idx,20120213,master.20120213.idx,before_handoff,listed_source_pending,
2012Q1,SEC-0095,https://www.sec.gov/Archives/edgar/daily-index/2012/QTR1/master.20120214.idx,20120214,master.20120214.idx,before_handoff,listed_source_pending,
2012Q1,SEC-0095,https://www.sec.gov/Archives/edgar/daily-index/2012/QTR1/master.20120215.idx,20120215,master.20120215.idx,before_handoff,listed_source_pending,
2012Q1,SEC-0095,https://www.sec.gov/Archives/edgar/daily-index/2012/QTR1/master.20120216.idx,20120216,master.20120216.idx,before_handoff,listed_source_pending,
2012Q1,SEC-0095,https://www.sec.gov/Archives/edgar/daily-index/2012/QTR1/master.20120217.idx,20120217,master.20120217.idx,before_handoff,listed_source_pending,
2012Q1,SEC-0095,https://www.sec.gov/Archives/edgar/daily-index/2012/QTR1/master.20120221.idx,20120221,master.20120221.idx,before_handoff,listed_source_pending,
2012Q1,SEC-0095,https://www.sec.gov/Archives/edgar/daily-index/2012/QTR1/master.20120222.idx,20120222,master.20120222.idx,before_handoff,listed_source_pending,
2012Q1,SEC-0095,https://www.sec.gov/Archives/edgar/daily-index/2012/QTR1/master.20120223.idx,20120223,master.20120223.idx,before_handoff,listed_source_pending,
2012Q1,SEC-0095,https://www.sec.gov/Archives/edgar/daily-index/2012/QTR1/master.20120224.idx,20120224,master.20120224.idx,before_handoff,listed_source_pending,
2012Q1,SEC-0095,https://www.sec.gov/Archives/edgar/daily-index/2012/QTR1/master.20120227.idx,20120227,master.20120227.idx,before_handoff,listed_source_pending,
2012Q1,SEC-0095,https://www.sec.gov/Archives/edgar/daily-index/2012/QTR1/master.20120228.idx,20120228,master.20120228.idx,before_handoff,listed_source_pending,
2012Q1,SEC-0095,https://www.sec.gov/Archives/edgar/daily-index/2012/QTR1/master.20120229.idx,20120229,master.20120229.idx,before_handoff,listed_source_pending,
2012Q1,SEC-0095,https://www.sec.gov/Archives/edgar/daily-index/2012/QTR1/master.20120301.idx,20120301,master.20120301.idx,before_handoff,listed_source_pending,
2012Q1,SEC-0095,https://www.sec.gov/Archives/edgar/daily-index/2012/QTR1/master.20120302.idx,20120302,master.20120302.idx,before_handoff,listed_source_pending,
2012Q1,SEC-0095,https://www.sec.gov/Archives/edgar/daily-index/2012/QTR1/master.20120305.idx,20120305,master.20120305.idx,before_handoff,listed_source_pending,
2012Q1,SEC-0095,https://www.sec.gov/Archives/edgar/daily-index/2012/QTR1/master.20120306.idx,20120306,master.20120306.idx,before_handoff,listed_source_pending,
2012Q1,SEC-0095,https://www.sec.gov/Archives/edgar/daily-index/2012/QTR1/master.20120307.idx,20120307,master.20120307.idx,before_handoff,listed_source_pending,
2012Q1,SEC-0095,https://www.sec.gov/Archives/edgar/daily-index/2012/QTR1/master.20120308.idx,20120308,master.20120308.idx,before_handoff,listed_source_pending,
2012Q1,SEC-0095,https://www.sec.gov/Archives/edgar/daily-index/2012/QTR1/master.20120309.idx,20120309,master.20120309.idx,before_handoff,listed_source_pending,
2012Q1,SEC-0095,https://www.sec.gov/Archives/edgar/daily-index/2012/QTR1/master.20120312.idx,20120312,master.20120312.idx,before_handoff,listed_source_pending,
2012Q1,SEC-0095,https://www.sec.gov/Archives/edgar/daily-index/2012/QTR1/master.20120313.idx,20120313,master.20120313.idx,before_handoff,listed_source_pending,
2012Q1,SEC-0095,https://www.sec.gov/Archives/edgar/daily-index/2012/QTR1/master.20120314.idx,20120314,master.20120314.idx,before_handoff,listed_source_pending,
2012Q1,SEC-0095,https://www.sec.gov/Archives/edgar/daily-index/2012/QTR1/master.20120315.idx,20120315,master.20120315.idx,before_handoff,listed_source_pending,
2012Q1,SEC-0095,https://www.sec.gov/Archives/edgar/daily-index/2012/QTR1/master.20120316.idx,20120316,master.20120316.idx,before_handoff,listed_source_pending,
2012Q1,SEC-0095,https://www.sec.gov/Archives/edgar/daily-index/2012/QTR1/master.20120319.idx,20120319,master.20120319.idx,before_handoff,listed_source_pending,
2012Q1,SEC-0095,https://www.sec.gov/Archives/edgar/daily-index/2012/QTR1/master.20120320.idx,20120320,master.20120320.idx,before_handoff,listed_source_pending,
2012Q1,SEC-0095,https://www.sec.gov/Archives/edgar/daily-index/2012/QTR1/master.20120321.idx,20120321,master.20120321.idx,before_handoff,listed_source_pending,
2012Q1,SEC-0095,https://www.sec.gov/Archives/edgar/daily-index/2012/QTR1/master.20120322.idx,20120322,master.20120322.idx,before_handoff,listed_source_pending,
2012Q1,SEC-0095,https://www.sec.gov/Archives/edgar/daily-index/2012/QTR1/master.20120323.idx,20120323,master.20120323.idx,before_handoff,listed_source_pending,
2012Q1,SEC-0095,https://www.sec.gov/Archives/edgar/daily-index/2012/QTR1/master.20120326.idx,20120326,master.20120326.idx,before_handoff,listed_source_pending,
2012Q1,SEC-0095,https://www.sec.gov/Archives/edgar/daily-index/2012/QTR1/master.20120327.idx,20120327,master.20120327.idx,before_handoff,listed_source_pending,
2012Q1,SEC-0095,https://www.sec.gov/Archives/edgar/daily-index/2012/QTR1/master.20120328.idx,20120328,master.20120328.idx,before_handoff,listed_source_pending,
2012Q1,SEC-0095,https://www.sec.gov/Archives/edgar/daily-index/2012/QTR1/master.20120329.idx,20120329,master.20120329.idx,before_handoff,listed_source_pending,
2012Q1,SEC-0095,https://www.sec.gov/Archives/edgar/daily-index/2012/QTR1/master.20120330.idx,20120330,master.20120330.idx,before_handoff,listed_source_pending,
2012Q2,SEC-0094,https://www.sec.gov/Archives/edgar/daily-index/2012/QTR2/index.json,,directory_summary,Historical boundary,listed_uninspected,GAP-D-2012Q2
2012Q3,SEC-0094,https://www.sec.gov/Archives/edgar/daily-index/2012/QTR3/index.json,,directory_summary,Historical boundary,listed_uninspected,GAP-D-2012Q3
2012Q4,SEC-0096,https://www.sec.gov/Archives/edgar/daily-index/2012/QTR4/index.json,,directory_summary,historical/preceding,available,
2012Q4,SEC-0096,https://www.sec.gov/Archives/edgar/daily-index/2012/QTR4/master.20121001.idx,20121001,master.20121001.idx,before_handoff,listed_source_pending,
2012Q4,SEC-0096,https://www.sec.gov/Archives/edgar/daily-index/2012/QTR4/master.20121002.idx,20121002,master.20121002.idx,before_handoff,listed_source_pending,
2012Q4,SEC-0096,https://www.sec.gov/Archives/edgar/daily-index/2012/QTR4/master.20121003.idx,20121003,master.20121003.idx,before_handoff,listed_source_pending,
2012Q4,SEC-0096,https://www.sec.gov/Archives/edgar/daily-index/2012/QTR4/master.20121004.idx,20121004,master.20121004.idx,before_handoff,listed_source_pending,
2012Q4,SEC-0096,https://www.sec.gov/Archives/edgar/daily-index/2012/QTR4/master.20121005.idx,20121005,master.20121005.idx,before_handoff,listed_source_pending,
2012Q4,SEC-0096,https://www.sec.gov/Archives/edgar/daily-index/2012/QTR4/master.20121009.idx,20121009,master.20121009.idx,before_handoff,listed_source_pending,
2012Q4,SEC-0096,https://www.sec.gov/Archives/edgar/daily-index/2012/QTR4/master.20121010.idx,20121010,master.20121010.idx,before_handoff,listed_source_pending,
2012Q4,SEC-0096,https://www.sec.gov/Archives/edgar/daily-index/2012/QTR4/master.20121011.idx,20121011,master.20121011.idx,before_handoff,listed_source_pending,
2012Q4,SEC-0096,https://www.sec.gov/Archives/edgar/daily-index/2012/QTR4/master.20121012.idx,20121012,master.20121012.idx,before_handoff,listed_source_pending,
2012Q4,SEC-0096,https://www.sec.gov/Archives/edgar/daily-index/2012/QTR4/master.20121015.idx,20121015,master.20121015.idx,before_handoff,listed_source_pending,
2012Q4,SEC-0096,https://www.sec.gov/Archives/edgar/daily-index/2012/QTR4/master.20121016.idx,20121016,master.20121016.idx,before_handoff,listed_source_pending,
2012Q4,SEC-0096,https://www.sec.gov/Archives/edgar/daily-index/2012/QTR4/master.20121017.idx,20121017,master.20121017.idx,before_handoff,listed_source_pending,
2012Q4,SEC-0096,https://www.sec.gov/Archives/edgar/daily-index/2012/QTR4/master.20121018.idx,20121018,master.20121018.idx,before_handoff,listed_source_pending,
2012Q4,SEC-0096,https://www.sec.gov/Archives/edgar/daily-index/2012/QTR4/master.20121019.idx,20121019,master.20121019.idx,before_handoff,listed_source_pending,
2012Q4,SEC-0096,https://www.sec.gov/Archives/edgar/daily-index/2012/QTR4/master.20121022.idx,20121022,master.20121022.idx,before_handoff,listed_source_pending,
2012Q4,SEC-0096,https://www.sec.gov/Archives/edgar/daily-index/2012/QTR4/master.20121023.idx,20121023,master.20121023.idx,before_handoff,listed_source_pending,
2012Q4,SEC-0096,https://www.sec.gov/Archives/edgar/daily-index/2012/QTR4/master.20121024.idx,20121024,master.20121024.idx,before_handoff,listed_source_pending,
2012Q4,SEC-0096,https://www.sec.gov/Archives/edgar/daily-index/2012/QTR4/master.20121025.idx,20121025,master.20121025.idx,before_handoff,listed_source_pending,
2012Q4,SEC-0096,https://www.sec.gov/Archives/edgar/daily-index/2012/QTR4/master.20121026.idx,20121026,master.20121026.idx,before_handoff,listed_source_pending,
2012Q4,SEC-0096,https://www.sec.gov/Archives/edgar/daily-index/2012/QTR4/master.20121029.idx,20121029,master.20121029.idx,before_handoff,listed_source_pending,
2012Q4,SEC-0096,https://www.sec.gov/Archives/edgar/daily-index/2012/QTR4/master.20121030.idx,20121030,master.20121030.idx,before_handoff,listed_source_pending,
2012Q4,SEC-0096,https://www.sec.gov/Archives/edgar/daily-index/2012/QTR4/master.20121031.idx,20121031,master.20121031.idx,before_handoff,listed_source_pending,
2012Q4,SEC-0096,https://www.sec.gov/Archives/edgar/daily-index/2012/QTR4/master.20121101.idx,20121101,master.20121101.idx,before_handoff,listed_source_pending,
2012Q4,SEC-0096,https://www.sec.gov/Archives/edgar/daily-index/2012/QTR4/master.20121102.idx,20121102,master.20121102.idx,before_handoff,listed_source_pending,
2012Q4,SEC-0096,https://www.sec.gov/Archives/edgar/daily-index/2012/QTR4/master.20121105.idx,20121105,master.20121105.idx,before_handoff,listed_source_pending,
2012Q4,SEC-0096,https://www.sec.gov/Archives/edgar/daily-index/2012/QTR4/master.20121106.idx,20121106,master.20121106.idx,before_handoff,listed_source_pending,
2012Q4,SEC-0096,https://www.sec.gov/Archives/edgar/daily-index/2012/QTR4/master.20121107.idx,20121107,master.20121107.idx,before_handoff,listed_source_pending,
2012Q4,SEC-0096,https://www.sec.gov/Archives/edgar/daily-index/2012/QTR4/master.20121108.idx,20121108,master.20121108.idx,before_handoff,listed_source_pending,
2012Q4,SEC-0096,https://www.sec.gov/Archives/edgar/daily-index/2012/QTR4/master.20121109.idx,20121109,master.20121109.idx,before_handoff,listed_source_pending,
2012Q4,SEC-0096,https://www.sec.gov/Archives/edgar/daily-index/2012/QTR4/master.20121113.idx,20121113,master.20121113.idx,before_handoff,listed_source_pending,
2012Q4,SEC-0096,https://www.sec.gov/Archives/edgar/daily-index/2012/QTR4/master.20121114.idx,20121114,master.20121114.idx,before_handoff,listed_source_pending,
2012Q4,SEC-0096,https://www.sec.gov/Archives/edgar/daily-index/2012/QTR4/master.20121115.idx,20121115,master.20121115.idx,before_handoff,listed_source_pending,
2012Q4,SEC-0096,https://www.sec.gov/Archives/edgar/daily-index/2012/QTR4/master.20121116.idx,20121116,master.20121116.idx,before_handoff,listed_source_pending,
2012Q4,SEC-0096,https://www.sec.gov/Archives/edgar/daily-index/2012/QTR4/master.20121119.idx,20121119,master.20121119.idx,before_handoff,listed_source_pending,
2012Q4,SEC-0096,https://www.sec.gov/Archives/edgar/daily-index/2012/QTR4/master.20121120.idx,20121120,master.20121120.idx,before_handoff,listed_source_pending,
2012Q4,SEC-0096,https://www.sec.gov/Archives/edgar/daily-index/2012/QTR4/master.20121121.idx,20121121,master.20121121.idx,before_handoff,listed_source_pending,
2012Q4,SEC-0096,https://www.sec.gov/Archives/edgar/daily-index/2012/QTR4/master.20121123.idx,20121123,master.20121123.idx,before_handoff,listed_source_pending,
2012Q4,SEC-0096,https://www.sec.gov/Archives/edgar/daily-index/2012/QTR4/master.20121126.idx,20121126,master.20121126.idx,before_handoff,listed_source_pending,
2012Q4,SEC-0096,https://www.sec.gov/Archives/edgar/daily-index/2012/QTR4/master.20121127.idx,20121127,master.20121127.idx,before_handoff,listed_source_pending,
2012Q4,SEC-0096,https://www.sec.gov/Archives/edgar/daily-index/2012/QTR4/master.20121128.idx,20121128,master.20121128.idx,before_handoff,listed_source_pending,
2012Q4,SEC-0096,https://www.sec.gov/Archives/edgar/daily-index/2012/QTR4/master.20121129.idx,20121129,master.20121129.idx,before_handoff,listed_source_pending,
2012Q4,SEC-0096,https://www.sec.gov/Archives/edgar/daily-index/2012/QTR4/master.20121130.idx,20121130,master.20121130.idx,before_handoff,listed_source_pending,
2012Q4,SEC-0096,https://www.sec.gov/Archives/edgar/daily-index/2012/QTR4/master.20121203.idx,20121203,master.20121203.idx,before_handoff,listed_source_pending,
2012Q4,SEC-0096,https://www.sec.gov/Archives/edgar/daily-index/2012/QTR4/master.20121204.idx,20121204,master.20121204.idx,before_handoff,listed_source_pending,
2012Q4,SEC-0096,https://www.sec.gov/Archives/edgar/daily-index/2012/QTR4/master.20121205.idx,20121205,master.20121205.idx,before_handoff,listed_source_pending,
2012Q4,SEC-0096,https://www.sec.gov/Archives/edgar/daily-index/2012/QTR4/master.20121206.idx,20121206,master.20121206.idx,before_handoff,listed_source_pending,
2012Q4,SEC-0096,https://www.sec.gov/Archives/edgar/daily-index/2012/QTR4/master.20121207.idx,20121207,master.20121207.idx,before_handoff,listed_source_pending,
2012Q4,SEC-0096,https://www.sec.gov/Archives/edgar/daily-index/2012/QTR4/master.20121210.idx,20121210,master.20121210.idx,before_handoff,listed_source_pending,
2012Q4,SEC-0096,https://www.sec.gov/Archives/edgar/daily-index/2012/QTR4/master.20121211.idx,20121211,master.20121211.idx,before_handoff,listed_source_pending,
2012Q4,SEC-0096,https://www.sec.gov/Archives/edgar/daily-index/2012/QTR4/master.20121212.idx,20121212,master.20121212.idx,before_handoff,listed_source_pending,
2012Q4,SEC-0096,https://www.sec.gov/Archives/edgar/daily-index/2012/QTR4/master.20121213.idx,20121213,master.20121213.idx,before_handoff,listed_source_pending,
2012Q4,SEC-0096,https://www.sec.gov/Archives/edgar/daily-index/2012/QTR4/master.20121214.idx,20121214,master.20121214.idx,before_handoff,listed_source_pending,
2012Q4,SEC-0096,https://www.sec.gov/Archives/edgar/daily-index/2012/QTR4/master.20121217.idx,20121217,master.20121217.idx,before_handoff,listed_source_pending,
2012Q4,SEC-0096,https://www.sec.gov/Archives/edgar/daily-index/2012/QTR4/master.20121218.idx,20121218,master.20121218.idx,before_handoff,listed_source_pending,
2012Q4,SEC-0096,https://www.sec.gov/Archives/edgar/daily-index/2012/QTR4/master.20121219.idx,20121219,master.20121219.idx,before_handoff,listed_source_pending,
2012Q4,SEC-0096,https://www.sec.gov/Archives/edgar/daily-index/2012/QTR4/master.20121220.idx,20121220,master.20121220.idx,before_handoff,listed_source_pending,
2012Q4,SEC-0096,https://www.sec.gov/Archives/edgar/daily-index/2012/QTR4/master.20121221.idx,20121221,master.20121221.idx,before_handoff,listed_source_pending,
2012Q4,SEC-0096,https://www.sec.gov/Archives/edgar/daily-index/2012/QTR4/master.20121226.idx,20121226,master.20121226.idx,before_handoff,listed_source_pending,
2012Q4,SEC-0096,https://www.sec.gov/Archives/edgar/daily-index/2012/QTR4/master.20121227.idx,20121227,master.20121227.idx,before_handoff,listed_source_pending,
2012Q4,SEC-0096,https://www.sec.gov/Archives/edgar/daily-index/2012/QTR4/master.20121228.idx,20121228,master.20121228.idx,before_handoff,listed_source_pending,
2012Q4,SEC-0096,https://www.sec.gov/Archives/edgar/daily-index/2012/QTR4/master.20121231.idx,20121231,master.20121231.idx,before_handoff,listed_source_pending,
2013,SEC-0097,https://www.sec.gov/Archives/edgar/daily-index/2013/index.json,,year_summary,Historical boundary,available,
2013Q1,SEC-0098,https://www.sec.gov/Archives/edgar/daily-index/2013/QTR1/index.json,,directory_summary,historical/preceding,available,
2013Q1,SEC-0098,https://www.sec.gov/Archives/edgar/daily-index/2013/QTR1/master.20130102.idx.gz,20130102,master.20130102.idx.gz,before_handoff,listed_source_pending,
2013Q1,SEC-0098,https://www.sec.gov/Archives/edgar/daily-index/2013/QTR1/master.20130103.idx.gz,20130103,master.20130103.idx.gz,before_handoff,listed_source_pending,
2013Q1,SEC-0098,https://www.sec.gov/Archives/edgar/daily-index/2013/QTR1/master.20130104.idx.gz,20130104,master.20130104.idx.gz,before_handoff,listed_source_pending,
2013Q1,SEC-0098,https://www.sec.gov/Archives/edgar/daily-index/2013/QTR1/master.20130107.idx.gz,20130107,master.20130107.idx.gz,before_handoff,listed_source_pending,
2013Q1,SEC-0098,https://www.sec.gov/Archives/edgar/daily-index/2013/QTR1/master.20130108.idx.gz,20130108,master.20130108.idx.gz,before_handoff,listed_source_pending,
2013Q1,SEC-0098,https://www.sec.gov/Archives/edgar/daily-index/2013/QTR1/master.20130109.idx.gz,20130109,master.20130109.idx.gz,before_handoff,listed_source_pending,
2013Q1,SEC-0098,https://www.sec.gov/Archives/edgar/daily-index/2013/QTR1/master.20130110.idx.gz,20130110,master.20130110.idx.gz,before_handoff,listed_source_pending,
2013Q1,SEC-0098,https://www.sec.gov/Archives/edgar/daily-index/2013/QTR1/master.20130111.idx.gz,20130111,master.20130111.idx.gz,before_handoff,listed_source_pending,
2013Q1,SEC-0098,https://www.sec.gov/Archives/edgar/daily-index/2013/QTR1/master.20130114.idx.gz,20130114,master.20130114.idx.gz,before_handoff,listed_source_pending,
2013Q1,SEC-0098,https://www.sec.gov/Archives/edgar/daily-index/2013/QTR1/master.20130115.idx.gz,20130115,master.20130115.idx.gz,before_handoff,listed_source_pending,
2013Q1,SEC-0098,https://www.sec.gov/Archives/edgar/daily-index/2013/QTR1/master.20130116.idx.gz,20130116,master.20130116.idx.gz,before_handoff,listed_source_pending,
2013Q1,SEC-0098,https://www.sec.gov/Archives/edgar/daily-index/2013/QTR1/master.20130117.idx.gz,20130117,master.20130117.idx.gz,before_handoff,listed_source_pending,
2013Q1,SEC-0098,https://www.sec.gov/Archives/edgar/daily-index/2013/QTR1/master.20130118.idx.gz,20130118,master.20130118.idx.gz,before_handoff,listed_source_pending,
2013Q1,SEC-0098,https://www.sec.gov/Archives/edgar/daily-index/2013/QTR1/master.20130122.idx.gz,20130122,master.20130122.idx.gz,before_handoff,listed_source_pending,
2013Q1,SEC-0098,https://www.sec.gov/Archives/edgar/daily-index/2013/QTR1/master.20130123.idx.gz,20130123,master.20130123.idx.gz,before_handoff,listed_source_pending,
2013Q1,SEC-0098,https://www.sec.gov/Archives/edgar/daily-index/2013/QTR1/master.20130124.idx.gz,20130124,master.20130124.idx.gz,before_handoff,listed_source_pending,
2013Q1,SEC-0098,https://www.sec.gov/Archives/edgar/daily-index/2013/QTR1/master.20130125.idx.gz,20130125,master.20130125.idx.gz,before_handoff,listed_source_pending,
2013Q1,SEC-0098,https://www.sec.gov/Archives/edgar/daily-index/2013/QTR1/master.20130128.idx.gz,20130128,master.20130128.idx.gz,before_handoff,listed_source_pending,
2013Q1,SEC-0098,https://www.sec.gov/Archives/edgar/daily-index/2013/QTR1/master.20130129.idx.gz,20130129,master.20130129.idx.gz,before_handoff,listed_source_pending,
2013Q1,SEC-0098,https://www.sec.gov/Archives/edgar/daily-index/2013/QTR1/master.20130130.idx.gz,20130130,master.20130130.idx.gz,before_handoff,listed_source_pending,
2013Q1,SEC-0098,https://www.sec.gov/Archives/edgar/daily-index/2013/QTR1/master.20130131.idx.gz,20130131,master.20130131.idx.gz,before_handoff,listed_source_pending,
2013Q1,SEC-0098,https://www.sec.gov/Archives/edgar/daily-index/2013/QTR1/master.20130201.idx.gz,20130201,master.20130201.idx.gz,before_handoff,listed_source_pending,
2013Q1,SEC-0098,https://www.sec.gov/Archives/edgar/daily-index/2013/QTR1/master.20130204.idx.gz,20130204,master.20130204.idx.gz,before_handoff,listed_source_pending,
2013Q1,SEC-0098,https://www.sec.gov/Archives/edgar/daily-index/2013/QTR1/master.20130205.idx.gz,20130205,master.20130205.idx.gz,before_handoff,listed_source_pending,
2013Q1,SEC-0098,https://www.sec.gov/Archives/edgar/daily-index/2013/QTR1/master.20130206.idx.gz,20130206,master.20130206.idx.gz,before_handoff,listed_source_pending,
2013Q1,SEC-0098,https://www.sec.gov/Archives/edgar/daily-index/2013/QTR1/master.20130207.idx.gz,20130207,master.20130207.idx.gz,before_handoff,listed_source_pending,
2013Q1,SEC-0098,https://www.sec.gov/Archives/edgar/daily-index/2013/QTR1/master.20130208.idx.gz,20130208,master.20130208.idx.gz,before_handoff,listed_source_pending,
2013Q1,SEC-0098,https://www.sec.gov/Archives/edgar/daily-index/2013/QTR1/master.20130211.idx.gz,20130211,master.20130211.idx.gz,before_handoff,listed_source_pending,
2013Q1,SEC-0098,https://www.sec.gov/Archives/edgar/daily-index/2013/QTR1/master.20130212.idx.gz,20130212,master.20130212.idx.gz,before_handoff,listed_source_pending,
2013Q1,SEC-0098,https://www.sec.gov/Archives/edgar/daily-index/2013/QTR1/master.20130213.idx.gz,20130213,master.20130213.idx.gz,before_handoff,listed_source_pending,
2013Q1,SEC-0098,https://www.sec.gov/Archives/edgar/daily-index/2013/QTR1/master.20130214.idx.gz,20130214,master.20130214.idx.gz,before_handoff,listed_source_pending,
2013Q1,SEC-0098,https://www.sec.gov/Archives/edgar/daily-index/2013/QTR1/master.20130215.idx.gz,20130215,master.20130215.idx.gz,before_handoff,listed_source_pending,
2013Q1,SEC-0098,https://www.sec.gov/Archives/edgar/daily-index/2013/QTR1/master.20130219.idx.gz,20130219,master.20130219.idx.gz,before_handoff,listed_source_pending,
2013Q1,SEC-0098,https://www.sec.gov/Archives/edgar/daily-index/2013/QTR1/master.20130220.idx.gz,20130220,master.20130220.idx.gz,before_handoff,listed_source_pending,
2013Q1,SEC-0098,https://www.sec.gov/Archives/edgar/daily-index/2013/QTR1/master.20130221.idx.gz,20130221,master.20130221.idx.gz,before_handoff,listed_source_pending,
2013Q1,SEC-0098,https://www.sec.gov/Archives/edgar/daily-index/2013/QTR1/master.20130222.idx.gz,20130222,master.20130222.idx.gz,before_handoff,listed_source_pending,
2013Q1,SEC-0098,https://www.sec.gov/Archives/edgar/daily-index/2013/QTR1/master.20130225.idx.gz,20130225,master.20130225.idx.gz,before_handoff,listed_source_pending,
2013Q1,SEC-0098,https://www.sec.gov/Archives/edgar/daily-index/2013/QTR1/master.20130226.idx.gz,20130226,master.20130226.idx.gz,before_handoff,listed_source_pending,
2013Q1,SEC-0098,https://www.sec.gov/Archives/edgar/daily-index/2013/QTR1/master.20130227.idx.gz,20130227,master.20130227.idx.gz,before_handoff,listed_source_pending,
2013Q1,SEC-0098,https://www.sec.gov/Archives/edgar/daily-index/2013/QTR1/master.20130228.idx.gz,20130228,master.20130228.idx.gz,before_handoff,listed_source_pending,
2013Q1,SEC-0098,https://www.sec.gov/Archives/edgar/daily-index/2013/QTR1/master.20130301.idx.gz,20130301,master.20130301.idx.gz,before_handoff,listed_source_pending,
2013Q1,SEC-0098,https://www.sec.gov/Archives/edgar/daily-index/2013/QTR1/master.20130304.idx.gz,20130304,master.20130304.idx.gz,before_handoff,listed_source_pending,
2013Q1,SEC-0098,https://www.sec.gov/Archives/edgar/daily-index/2013/QTR1/master.20130305.idx.gz,20130305,master.20130305.idx.gz,before_handoff,listed_source_pending,
2013Q1,SEC-0098,https://www.sec.gov/Archives/edgar/daily-index/2013/QTR1/master.20130306.idx.gz,20130306,master.20130306.idx.gz,before_handoff,listed_source_pending,
2013Q1,SEC-0098,https://www.sec.gov/Archives/edgar/daily-index/2013/QTR1/master.20130307.idx.gz,20130307,master.20130307.idx.gz,before_handoff,listed_source_pending,
2013Q1,SEC-0098,https://www.sec.gov/Archives/edgar/daily-index/2013/QTR1/master.20130308.idx.gz,20130308,master.20130308.idx.gz,before_handoff,listed_source_pending,
2013Q1,SEC-0098,https://www.sec.gov/Archives/edgar/daily-index/2013/QTR1/master.20130311.idx.gz,20130311,master.20130311.idx.gz,before_handoff,listed_source_pending,
2013Q1,SEC-0098,https://www.sec.gov/Archives/edgar/daily-index/2013/QTR1/master.20130312.idx.gz,20130312,master.20130312.idx.gz,before_handoff,listed_source_pending,
2013Q1,SEC-0098,https://www.sec.gov/Archives/edgar/daily-index/2013/QTR1/master.20130313.idx.gz,20130313,master.20130313.idx.gz,before_handoff,listed_source_pending,
2013Q1,SEC-0098,https://www.sec.gov/Archives/edgar/daily-index/2013/QTR1/master.20130314.idx.gz,20130314,master.20130314.idx.gz,before_handoff,listed_source_pending,
2013Q1,SEC-0098,https://www.sec.gov/Archives/edgar/daily-index/2013/QTR1/master.20130315.idx.gz,20130315,master.20130315.idx.gz,before_handoff,listed_source_pending,
2013Q1,SEC-0098,https://www.sec.gov/Archives/edgar/daily-index/2013/QTR1/master.20130318.idx.gz,20130318,master.20130318.idx.gz,before_handoff,listed_source_pending,
2013Q1,SEC-0098,https://www.sec.gov/Archives/edgar/daily-index/2013/QTR1/master.20130319.idx.gz,20130319,master.20130319.idx.gz,before_handoff,listed_source_pending,
2013Q1,SEC-0098,https://www.sec.gov/Archives/edgar/daily-index/2013/QTR1/master.20130320.idx.gz,20130320,master.20130320.idx.gz,before_handoff,listed_source_pending,
2013Q1,SEC-0098,https://www.sec.gov/Archives/edgar/daily-index/2013/QTR1/master.20130321.idx.gz,20130321,master.20130321.idx.gz,before_handoff,listed_source_pending,
2013Q1,SEC-0098,https://www.sec.gov/Archives/edgar/daily-index/2013/QTR1/master.20130322.idx.gz,20130322,master.20130322.idx.gz,before_handoff,listed_source_pending,
2013Q1,SEC-0098,https://www.sec.gov/Archives/edgar/daily-index/2013/QTR1/master.20130325.idx.gz,20130325,master.20130325.idx.gz,before_handoff,listed_source_pending,
2013Q1,SEC-0098,https://www.sec.gov/Archives/edgar/daily-index/2013/QTR1/master.20130326.idx.gz,20130326,master.20130326.idx.gz,before_handoff,listed_source_pending,
2013Q1,SEC-0098,https://www.sec.gov/Archives/edgar/daily-index/2013/QTR1/master.20130327.idx.gz,20130327,master.20130327.idx.gz,before_handoff,listed_source_pending,
2013Q1,SEC-0098,https://www.sec.gov/Archives/edgar/daily-index/2013/QTR1/master.20130328.idx.gz,20130328,master.20130328.idx.gz,before_handoff,listed_source_pending,
2013Q1,SEC-0098,https://www.sec.gov/Archives/edgar/daily-index/2013/QTR1/master.20130329.idx.gz,20130329,master.20130329.idx.gz,before_handoff,listed_source_pending,
2013Q2,SEC-0097,https://www.sec.gov/Archives/edgar/daily-index/2013/QTR2/index.json,,directory_summary,Historical boundary,listed_uninspected,GAP-D-2013Q2
2013Q3,SEC-0097,https://www.sec.gov/Archives/edgar/daily-index/2013/QTR3/index.json,,directory_summary,Historical boundary,listed_uninspected,GAP-D-2013Q3
2013Q4,SEC-0099,https://www.sec.gov/Archives/edgar/daily-index/2013/QTR4/index.json,,directory_summary,historical/preceding,available,
2013Q4,SEC-0099,https://www.sec.gov/Archives/edgar/daily-index/2013/QTR4/master.20131001.idx.gz,20131001,master.20131001.idx.gz,before_handoff,listed_source_pending,
2013Q4,SEC-0099,https://www.sec.gov/Archives/edgar/daily-index/2013/QTR4/master.20131002.idx.gz,20131002,master.20131002.idx.gz,before_handoff,listed_source_pending,
2013Q4,SEC-0099,https://www.sec.gov/Archives/edgar/daily-index/2013/QTR4/master.20131003.idx.gz,20131003,master.20131003.idx.gz,before_handoff,listed_source_pending,
2013Q4,SEC-0099,https://www.sec.gov/Archives/edgar/daily-index/2013/QTR4/master.20131004.idx.gz,20131004,master.20131004.idx.gz,before_handoff,listed_source_pending,
2013Q4,SEC-0099,https://www.sec.gov/Archives/edgar/daily-index/2013/QTR4/master.20131007.idx.gz,20131007,master.20131007.idx.gz,before_handoff,listed_source_pending,
2013Q4,SEC-0099,https://www.sec.gov/Archives/edgar/daily-index/2013/QTR4/master.20131008.idx.gz,20131008,master.20131008.idx.gz,before_handoff,listed_source_pending,
2013Q4,SEC-0099,https://www.sec.gov/Archives/edgar/daily-index/2013/QTR4/master.20131009.idx.gz,20131009,master.20131009.idx.gz,before_handoff,listed_source_pending,
2013Q4,SEC-0099,https://www.sec.gov/Archives/edgar/daily-index/2013/QTR4/master.20131010.idx.gz,20131010,master.20131010.idx.gz,before_handoff,listed_source_pending,
2013Q4,SEC-0099,https://www.sec.gov/Archives/edgar/daily-index/2013/QTR4/master.20131011.idx.gz,20131011,master.20131011.idx.gz,before_handoff,listed_source_pending,
2013Q4,SEC-0099,https://www.sec.gov/Archives/edgar/daily-index/2013/QTR4/master.20131015.idx.gz,20131015,master.20131015.idx.gz,before_handoff,listed_source_pending,
2013Q4,SEC-0099,https://www.sec.gov/Archives/edgar/daily-index/2013/QTR4/master.20131016.idx.gz,20131016,master.20131016.idx.gz,before_handoff,listed_source_pending,
2013Q4,SEC-0099,https://www.sec.gov/Archives/edgar/daily-index/2013/QTR4/master.20131017.idx.gz,20131017,master.20131017.idx.gz,before_handoff,listed_source_pending,
2013Q4,SEC-0099,https://www.sec.gov/Archives/edgar/daily-index/2013/QTR4/master.20131018.idx.gz,20131018,master.20131018.idx.gz,before_handoff,listed_source_pending,
2013Q4,SEC-0099,https://www.sec.gov/Archives/edgar/daily-index/2013/QTR4/master.20131021.idx.gz,20131021,master.20131021.idx.gz,before_handoff,listed_source_pending,
2013Q4,SEC-0099,https://www.sec.gov/Archives/edgar/daily-index/2013/QTR4/master.20131022.idx.gz,20131022,master.20131022.idx.gz,before_handoff,listed_source_pending,
2013Q4,SEC-0099,https://www.sec.gov/Archives/edgar/daily-index/2013/QTR4/master.20131023.idx.gz,20131023,master.20131023.idx.gz,before_handoff,listed_source_pending,
2013Q4,SEC-0099,https://www.sec.gov/Archives/edgar/daily-index/2013/QTR4/master.20131024.idx.gz,20131024,master.20131024.idx.gz,before_handoff,listed_source_pending,
2013Q4,SEC-0099,https://www.sec.gov/Archives/edgar/daily-index/2013/QTR4/master.20131025.idx.gz,20131025,master.20131025.idx.gz,before_handoff,listed_source_pending,
2013Q4,SEC-0099,https://www.sec.gov/Archives/edgar/daily-index/2013/QTR4/master.20131028.idx.gz,20131028,master.20131028.idx.gz,before_handoff,listed_source_pending,
2013Q4,SEC-0099,https://www.sec.gov/Archives/edgar/daily-index/2013/QTR4/master.20131029.idx.gz,20131029,master.20131029.idx.gz,before_handoff,listed_source_pending,
2013Q4,SEC-0099,https://www.sec.gov/Archives/edgar/daily-index/2013/QTR4/master.20131030.idx.gz,20131030,master.20131030.idx.gz,before_handoff,listed_source_pending,
2013Q4,SEC-0099,https://www.sec.gov/Archives/edgar/daily-index/2013/QTR4/master.20131031.idx.gz,20131031,master.20131031.idx.gz,before_handoff,listed_source_pending,
2013Q4,SEC-0099,https://www.sec.gov/Archives/edgar/daily-index/2013/QTR4/master.20131101.idx.gz,20131101,master.20131101.idx.gz,before_handoff,listed_source_pending,
2013Q4,SEC-0099,https://www.sec.gov/Archives/edgar/daily-index/2013/QTR4/master.20131104.idx.gz,20131104,master.20131104.idx.gz,before_handoff,listed_source_pending,
2013Q4,SEC-0099,https://www.sec.gov/Archives/edgar/daily-index/2013/QTR4/master.20131105.idx.gz,20131105,master.20131105.idx.gz,before_handoff,listed_source_pending,
2013Q4,SEC-0099,https://www.sec.gov/Archives/edgar/daily-index/2013/QTR4/master.20131106.idx.gz,20131106,master.20131106.idx.gz,before_handoff,listed_source_pending,
2013Q4,SEC-0099,https://www.sec.gov/Archives/edgar/daily-index/2013/QTR4/master.20131107.idx.gz,20131107,master.20131107.idx.gz,before_handoff,listed_source_pending,
2013Q4,SEC-0099,https://www.sec.gov/Archives/edgar/daily-index/2013/QTR4/master.20131108.idx.gz,20131108,master.20131108.idx.gz,before_handoff,listed_source_pending,
2013Q4,SEC-0099,https://www.sec.gov/Archives/edgar/daily-index/2013/QTR4/master.20131112.idx.gz,20131112,master.20131112.idx.gz,before_handoff,listed_source_pending,
2013Q4,SEC-0099,https://www.sec.gov/Archives/edgar/daily-index/2013/QTR4/master.20131113.idx.gz,20131113,master.20131113.idx.gz,before_handoff,listed_source_pending,
2013Q4,SEC-0099,https://www.sec.gov/Archives/edgar/daily-index/2013/QTR4/master.20131114.idx.gz,20131114,master.20131114.idx.gz,before_handoff,listed_source_pending,
2013Q4,SEC-0099,https://www.sec.gov/Archives/edgar/daily-index/2013/QTR4/master.20131115.idx.gz,20131115,master.20131115.idx.gz,before_handoff,listed_source_pending,
2013Q4,SEC-0099,https://www.sec.gov/Archives/edgar/daily-index/2013/QTR4/master.20131118.idx.gz,20131118,master.20131118.idx.gz,before_handoff,listed_source_pending,
2013Q4,SEC-0099,https://www.sec.gov/Archives/edgar/daily-index/2013/QTR4/master.20131119.idx.gz,20131119,master.20131119.idx.gz,before_handoff,listed_source_pending,
2013Q4,SEC-0099,https://www.sec.gov/Archives/edgar/daily-index/2013/QTR4/master.20131120.idx.gz,20131120,master.20131120.idx.gz,before_handoff,listed_source_pending,
2013Q4,SEC-0099,https://www.sec.gov/Archives/edgar/daily-index/2013/QTR4/master.20131121.idx.gz,20131121,master.20131121.idx.gz,before_handoff,listed_source_pending,
2013Q4,SEC-0099,https://www.sec.gov/Archives/edgar/daily-index/2013/QTR4/master.20131122.idx.gz,20131122,master.20131122.idx.gz,before_handoff,listed_source_pending,
2013Q4,SEC-0099,https://www.sec.gov/Archives/edgar/daily-index/2013/QTR4/master.20131125.idx.gz,20131125,master.20131125.idx.gz,before_handoff,listed_source_pending,
2013Q4,SEC-0099,https://www.sec.gov/Archives/edgar/daily-index/2013/QTR4/master.20131126.idx.gz,20131126,master.20131126.idx.gz,before_handoff,listed_source_pending,
2013Q4,SEC-0099,https://www.sec.gov/Archives/edgar/daily-index/2013/QTR4/master.20131127.idx.gz,20131127,master.20131127.idx.gz,before_handoff,listed_source_pending,
2013Q4,SEC-0099,https://www.sec.gov/Archives/edgar/daily-index/2013/QTR4/master.20131129.idx.gz,20131129,master.20131129.idx.gz,before_handoff,listed_source_pending,
2013Q4,SEC-0099,https://www.sec.gov/Archives/edgar/daily-index/2013/QTR4/master.20131202.idx.gz,20131202,master.20131202.idx.gz,before_handoff,listed_source_pending,
2013Q4,SEC-0099,https://www.sec.gov/Archives/edgar/daily-index/2013/QTR4/master.20131203.idx.gz,20131203,master.20131203.idx.gz,before_handoff,listed_source_pending,
2013Q4,SEC-0099,https://www.sec.gov/Archives/edgar/daily-index/2013/QTR4/master.20131204.idx.gz,20131204,master.20131204.idx.gz,before_handoff,listed_source_pending,
2013Q4,SEC-0099,https://www.sec.gov/Archives/edgar/daily-index/2013/QTR4/master.20131205.idx.gz,20131205,master.20131205.idx.gz,before_handoff,listed_source_pending,
2013Q4,SEC-0099,https://www.sec.gov/Archives/edgar/daily-index/2013/QTR4/master.20131206.idx.gz,20131206,master.20131206.idx.gz,before_handoff,listed_source_pending,
2013Q4,SEC-0099,https://www.sec.gov/Archives/edgar/daily-index/2013/QTR4/master.20131209.idx.gz,20131209,master.20131209.idx.gz,before_handoff,listed_source_pending,
2013Q4,SEC-0099,https://www.sec.gov/Archives/edgar/daily-index/2013/QTR4/master.20131210.idx.gz,20131210,master.20131210.idx.gz,before_handoff,listed_source_pending,
2013Q4,SEC-0099,https://www.sec.gov/Archives/edgar/daily-index/2013/QTR4/master.20131211.idx.gz,20131211,master.20131211.idx.gz,before_handoff,listed_source_pending,
2013Q4,SEC-0099,https://www.sec.gov/Archives/edgar/daily-index/2013/QTR4/master.20131212.idx.gz,20131212,master.20131212.idx.gz,before_handoff,listed_source_pending,
2013Q4,SEC-0099,https://www.sec.gov/Archives/edgar/daily-index/2013/QTR4/master.20131213.idx.gz,20131213,master.20131213.idx.gz,before_handoff,listed_source_pending,
2013Q4,SEC-0099,https://www.sec.gov/Archives/edgar/daily-index/2013/QTR4/master.20131216.idx.gz,20131216,master.20131216.idx.gz,before_handoff,listed_source_pending,
2013Q4,SEC-0099,https://www.sec.gov/Archives/edgar/daily-index/2013/QTR4/master.20131217.idx.gz,20131217,master.20131217.idx.gz,before_handoff,listed_source_pending,
2013Q4,SEC-0099,https://www.sec.gov/Archives/edgar/daily-index/2013/QTR4/master.20131218.idx.gz,20131218,master.20131218.idx.gz,before_handoff,listed_source_pending,
2013Q4,SEC-0099,https://www.sec.gov/Archives/edgar/daily-index/2013/QTR4/master.20131219.idx.gz,20131219,master.20131219.idx.gz,before_handoff,listed_source_pending,
2013Q4,SEC-0099,https://www.sec.gov/Archives/edgar/daily-index/2013/QTR4/master.20131220.idx.gz,20131220,master.20131220.idx.gz,before_handoff,listed_source_pending,
2013Q4,SEC-0099,https://www.sec.gov/Archives/edgar/daily-index/2013/QTR4/master.20131223.idx.gz,20131223,master.20131223.idx.gz,before_handoff,listed_source_pending,
2013Q4,SEC-0099,https://www.sec.gov/Archives/edgar/daily-index/2013/QTR4/master.20131224.idx.gz,20131224,master.20131224.idx.gz,before_handoff,listed_source_pending,
2013Q4,SEC-0099,https://www.sec.gov/Archives/edgar/daily-index/2013/QTR4/master.20131226.idx.gz,20131226,master.20131226.idx.gz,before_handoff,listed_source_pending,
2013Q4,SEC-0099,https://www.sec.gov/Archives/edgar/daily-index/2013/QTR4/master.20131227.idx.gz,20131227,master.20131227.idx.gz,before_handoff,listed_source_pending,
2013Q4,SEC-0099,https://www.sec.gov/Archives/edgar/daily-index/2013/QTR4/master.20131230.idx.gz,20131230,master.20131230.idx.gz,before_handoff,listed_source_pending,
2013Q4,SEC-0099,https://www.sec.gov/Archives/edgar/daily-index/2013/QTR4/master.20131231.idx.gz,20131231,master.20131231.idx.gz,before_handoff,listed_source_pending,
2014,SEC-0100,https://www.sec.gov/Archives/edgar/daily-index/2014/index.json,,year_summary,Historical boundary,available,
2014Q1,SEC-0101,https://www.sec.gov/Archives/edgar/daily-index/2014/QTR1/index.json,,directory_summary,historical/preceding,available,
2014Q1,SEC-0101,https://www.sec.gov/Archives/edgar/daily-index/2014/QTR1/master.20140102.idx,20140102,master.20140102.idx,before_handoff,listed_source_pending,
2014Q1,SEC-0101,https://www.sec.gov/Archives/edgar/daily-index/2014/QTR1/master.20140103.idx,20140103,master.20140103.idx,before_handoff,listed_source_pending,
2014Q1,SEC-0101,https://www.sec.gov/Archives/edgar/daily-index/2014/QTR1/master.20140106.idx,20140106,master.20140106.idx,before_handoff,listed_source_pending,
2014Q1,SEC-0101,https://www.sec.gov/Archives/edgar/daily-index/2014/QTR1/master.20140107.idx,20140107,master.20140107.idx,before_handoff,listed_source_pending,
2014Q1,SEC-0101,https://www.sec.gov/Archives/edgar/daily-index/2014/QTR1/master.20140108.idx,20140108,master.20140108.idx,before_handoff,listed_source_pending,
2014Q1,SEC-0101,https://www.sec.gov/Archives/edgar/daily-index/2014/QTR1/master.20140109.idx,20140109,master.20140109.idx,before_handoff,listed_source_pending,
2014Q1,SEC-0101,https://www.sec.gov/Archives/edgar/daily-index/2014/QTR1/master.20140110.idx,20140110,master.20140110.idx,before_handoff,listed_source_pending,
2014Q1,SEC-0101,https://www.sec.gov/Archives/edgar/daily-index/2014/QTR1/master.20140113.idx,20140113,master.20140113.idx,before_handoff,listed_source_pending,
2014Q1,SEC-0101,https://www.sec.gov/Archives/edgar/daily-index/2014/QTR1/master.20140114.idx,20140114,master.20140114.idx,before_handoff,listed_source_pending,
2014Q1,SEC-0101,https://www.sec.gov/Archives/edgar/daily-index/2014/QTR1/master.20140115.idx,20140115,master.20140115.idx,before_handoff,listed_source_pending,
2014Q1,SEC-0101,https://www.sec.gov/Archives/edgar/daily-index/2014/QTR1/master.20140116.idx,20140116,master.20140116.idx,before_handoff,listed_source_pending,
2014Q1,SEC-0101,https://www.sec.gov/Archives/edgar/daily-index/2014/QTR1/master.20140117.idx,20140117,master.20140117.idx,before_handoff,listed_source_pending,
2014Q1,SEC-0101,https://www.sec.gov/Archives/edgar/daily-index/2014/QTR1/master.20140121.idx,20140121,master.20140121.idx,before_handoff,listed_source_pending,
2014Q1,SEC-0101,https://www.sec.gov/Archives/edgar/daily-index/2014/QTR1/master.20140122.idx,20140122,master.20140122.idx,before_handoff,listed_source_pending,
2014Q1,SEC-0101,https://www.sec.gov/Archives/edgar/daily-index/2014/QTR1/master.20140123.idx,20140123,master.20140123.idx,before_handoff,listed_source_pending,
2014Q1,SEC-0101,https://www.sec.gov/Archives/edgar/daily-index/2014/QTR1/master.20140124.idx,20140124,master.20140124.idx,before_handoff,listed_source_pending,
2014Q1,SEC-0101,https://www.sec.gov/Archives/edgar/daily-index/2014/QTR1/master.20140127.idx,20140127,master.20140127.idx,before_handoff,listed_source_pending,
2014Q1,SEC-0101,https://www.sec.gov/Archives/edgar/daily-index/2014/QTR1/master.20140128.idx,20140128,master.20140128.idx,before_handoff,listed_source_pending,
2014Q1,SEC-0101,https://www.sec.gov/Archives/edgar/daily-index/2014/QTR1/master.20140129.idx,20140129,master.20140129.idx,before_handoff,listed_source_pending,
2014Q1,SEC-0101,https://www.sec.gov/Archives/edgar/daily-index/2014/QTR1/master.20140130.idx,20140130,master.20140130.idx,before_handoff,listed_source_pending,
2014Q1,SEC-0101,https://www.sec.gov/Archives/edgar/daily-index/2014/QTR1/master.20140131.idx,20140131,master.20140131.idx,before_handoff,listed_source_pending,
2014Q1,SEC-0101,https://www.sec.gov/Archives/edgar/daily-index/2014/QTR1/master.20140203.idx,20140203,master.20140203.idx,before_handoff,listed_source_pending,
2014Q1,SEC-0101,https://www.sec.gov/Archives/edgar/daily-index/2014/QTR1/master.20140204.idx,20140204,master.20140204.idx,before_handoff,listed_source_pending,
2014Q1,SEC-0101,https://www.sec.gov/Archives/edgar/daily-index/2014/QTR1/master.20140205.idx,20140205,master.20140205.idx,before_handoff,listed_source_pending,
2014Q1,SEC-0101,https://www.sec.gov/Archives/edgar/daily-index/2014/QTR1/master.20140206.idx,20140206,master.20140206.idx,before_handoff,listed_source_pending,
2014Q1,SEC-0101,https://www.sec.gov/Archives/edgar/daily-index/2014/QTR1/master.20140207.idx,20140207,master.20140207.idx,before_handoff,listed_source_pending,
2014Q1,SEC-0101,https://www.sec.gov/Archives/edgar/daily-index/2014/QTR1/master.20140210.idx,20140210,master.20140210.idx,before_handoff,listed_source_pending,
2014Q1,SEC-0101,https://www.sec.gov/Archives/edgar/daily-index/2014/QTR1/master.20140211.idx,20140211,master.20140211.idx,before_handoff,listed_source_pending,
2014Q1,SEC-0101,https://www.sec.gov/Archives/edgar/daily-index/2014/QTR1/master.20140212.idx,20140212,master.20140212.idx,before_handoff,listed_source_pending,
2014Q1,SEC-0101,https://www.sec.gov/Archives/edgar/daily-index/2014/QTR1/master.20140213.idx,20140213,master.20140213.idx,before_handoff,listed_source_pending,
2014Q1,SEC-0101,https://www.sec.gov/Archives/edgar/daily-index/2014/QTR1/master.20140214.idx,20140214,master.20140214.idx,before_handoff,listed_source_pending,
2014Q1,SEC-0101,https://www.sec.gov/Archives/edgar/daily-index/2014/QTR1/master.20140218.idx,20140218,master.20140218.idx,before_handoff,listed_source_pending,
2014Q1,SEC-0101,https://www.sec.gov/Archives/edgar/daily-index/2014/QTR1/master.20140219.idx,20140219,master.20140219.idx,before_handoff,listed_source_pending,
2014Q1,SEC-0101,https://www.sec.gov/Archives/edgar/daily-index/2014/QTR1/master.20140220.idx,20140220,master.20140220.idx,before_handoff,listed_source_pending,
2014Q1,SEC-0101,https://www.sec.gov/Archives/edgar/daily-index/2014/QTR1/master.20140221.idx,20140221,master.20140221.idx,before_handoff,listed_source_pending,
2014Q1,SEC-0101,https://www.sec.gov/Archives/edgar/daily-index/2014/QTR1/master.20140224.idx,20140224,master.20140224.idx,before_handoff,listed_source_pending,
2014Q1,SEC-0101,https://www.sec.gov/Archives/edgar/daily-index/2014/QTR1/master.20140225.idx,20140225,master.20140225.idx,before_handoff,listed_source_pending,
2014Q1,SEC-0101,https://www.sec.gov/Archives/edgar/daily-index/2014/QTR1/master.20140226.idx,20140226,master.20140226.idx,before_handoff,listed_source_pending,
2014Q1,SEC-0101,https://www.sec.gov/Archives/edgar/daily-index/2014/QTR1/master.20140227.idx,20140227,master.20140227.idx,before_handoff,listed_source_pending,
2014Q1,SEC-0101,https://www.sec.gov/Archives/edgar/daily-index/2014/QTR1/master.20140228.idx,20140228,master.20140228.idx,before_handoff,listed_source_pending,
2014Q1,SEC-0101,https://www.sec.gov/Archives/edgar/daily-index/2014/QTR1/master.20140303.idx,20140303,master.20140303.idx,before_handoff,listed_source_pending,
2014Q1,SEC-0101,https://www.sec.gov/Archives/edgar/daily-index/2014/QTR1/master.20140304.idx,20140304,master.20140304.idx,before_handoff,listed_source_pending,
2014Q1,SEC-0101,https://www.sec.gov/Archives/edgar/daily-index/2014/QTR1/master.20140305.idx,20140305,master.20140305.idx,before_handoff,listed_source_pending,
2014Q1,SEC-0101,https://www.sec.gov/Archives/edgar/daily-index/2014/QTR1/master.20140306.idx,20140306,master.20140306.idx,before_handoff,listed_source_pending,
2014Q1,SEC-0101,https://www.sec.gov/Archives/edgar/daily-index/2014/QTR1/master.20140307.idx,20140307,master.20140307.idx,before_handoff,listed_source_pending,
2014Q1,SEC-0101,https://www.sec.gov/Archives/edgar/daily-index/2014/QTR1/master.20140310.idx,20140310,master.20140310.idx,before_handoff,listed_source_pending,
2014Q1,SEC-0101,https://www.sec.gov/Archives/edgar/daily-index/2014/QTR1/master.20140311.idx,20140311,master.20140311.idx,before_handoff,listed_source_pending,
2014Q1,SEC-0101,https://www.sec.gov/Archives/edgar/daily-index/2014/QTR1/master.20140312.idx,20140312,master.20140312.idx,before_handoff,listed_source_pending,
2014Q1,SEC-0101,https://www.sec.gov/Archives/edgar/daily-index/2014/QTR1/master.20140313.idx,20140313,master.20140313.idx,before_handoff,listed_source_pending,
2014Q1,SEC-0101,https://www.sec.gov/Archives/edgar/daily-index/2014/QTR1/master.20140314.idx,20140314,master.20140314.idx,before_handoff,listed_source_pending,
2014Q1,SEC-0101,https://www.sec.gov/Archives/edgar/daily-index/2014/QTR1/master.20140317.idx,20140317,master.20140317.idx,before_handoff,listed_source_pending,
2014Q1,SEC-0101,https://www.sec.gov/Archives/edgar/daily-index/2014/QTR1/master.20140318.idx,20140318,master.20140318.idx,before_handoff,listed_source_pending,
2014Q1,SEC-0101,https://www.sec.gov/Archives/edgar/daily-index/2014/QTR1/master.20140319.idx,20140319,master.20140319.idx,before_handoff,listed_source_pending,
2014Q1,SEC-0101,https://www.sec.gov/Archives/edgar/daily-index/2014/QTR1/master.20140320.idx,20140320,master.20140320.idx,before_handoff,listed_source_pending,
2014Q1,SEC-0101,https://www.sec.gov/Archives/edgar/daily-index/2014/QTR1/master.20140321.idx,20140321,master.20140321.idx,before_handoff,listed_source_pending,
2014Q1,SEC-0101,https://www.sec.gov/Archives/edgar/daily-index/2014/QTR1/master.20140324.idx,20140324,master.20140324.idx,before_handoff,listed_source_pending,
2014Q1,SEC-0101,https://www.sec.gov/Archives/edgar/daily-index/2014/QTR1/master.20140325.idx,20140325,master.20140325.idx,before_handoff,listed_source_pending,
2014Q1,SEC-0101,https://www.sec.gov/Archives/edgar/daily-index/2014/QTR1/master.20140326.idx,20140326,master.20140326.idx,before_handoff,listed_source_pending,
2014Q1,SEC-0101,https://www.sec.gov/Archives/edgar/daily-index/2014/QTR1/master.20140327.idx,20140327,master.20140327.idx,before_handoff,listed_source_pending,
2014Q1,SEC-0101,https://www.sec.gov/Archives/edgar/daily-index/2014/QTR1/master.20140328.idx,20140328,master.20140328.idx,before_handoff,listed_source_pending,
2014Q1,SEC-0101,https://www.sec.gov/Archives/edgar/daily-index/2014/QTR1/master.20140331.idx,20140331,master.20140331.idx,before_handoff,listed_source_pending,
2014Q2,SEC-0100,https://www.sec.gov/Archives/edgar/daily-index/2014/QTR2/index.json,,directory_summary,Historical boundary,listed_uninspected,GAP-D-2014Q2
2014Q3,SEC-0100,https://www.sec.gov/Archives/edgar/daily-index/2014/QTR3/index.json,,directory_summary,Historical boundary,listed_uninspected,GAP-D-2014Q3
2014Q4,SEC-0102,https://www.sec.gov/Archives/edgar/daily-index/2014/QTR4/index.json,,directory_summary,historical/preceding,available,
2014Q4,SEC-0102,https://www.sec.gov/Archives/edgar/daily-index/2014/QTR4/master.20141001.idx,20141001,master.20141001.idx,before_handoff,listed_source_pending,
2014Q4,SEC-0102,https://www.sec.gov/Archives/edgar/daily-index/2014/QTR4/master.20141002.idx,20141002,master.20141002.idx,before_handoff,listed_source_pending,
2014Q4,SEC-0102,https://www.sec.gov/Archives/edgar/daily-index/2014/QTR4/master.20141003.idx,20141003,master.20141003.idx,before_handoff,listed_source_pending,
2014Q4,SEC-0102,https://www.sec.gov/Archives/edgar/daily-index/2014/QTR4/master.20141006.idx,20141006,master.20141006.idx,before_handoff,listed_source_pending,
2014Q4,SEC-0102,https://www.sec.gov/Archives/edgar/daily-index/2014/QTR4/master.20141007.idx,20141007,master.20141007.idx,before_handoff,listed_source_pending,
2014Q4,SEC-0102,https://www.sec.gov/Archives/edgar/daily-index/2014/QTR4/master.20141008.idx,20141008,master.20141008.idx,before_handoff,listed_source_pending,
2014Q4,SEC-0102,https://www.sec.gov/Archives/edgar/daily-index/2014/QTR4/master.20141009.idx,20141009,master.20141009.idx,before_handoff,listed_source_pending,
2014Q4,SEC-0102,https://www.sec.gov/Archives/edgar/daily-index/2014/QTR4/master.20141010.idx,20141010,master.20141010.idx,before_handoff,listed_source_pending,
2014Q4,SEC-0102,https://www.sec.gov/Archives/edgar/daily-index/2014/QTR4/master.20141014.idx,20141014,master.20141014.idx,before_handoff,listed_source_pending,
2014Q4,SEC-0102,https://www.sec.gov/Archives/edgar/daily-index/2014/QTR4/master.20141015.idx,20141015,master.20141015.idx,before_handoff,listed_source_pending,
2014Q4,SEC-0102,https://www.sec.gov/Archives/edgar/daily-index/2014/QTR4/master.20141016.idx,20141016,master.20141016.idx,before_handoff,listed_source_pending,
2014Q4,SEC-0102,https://www.sec.gov/Archives/edgar/daily-index/2014/QTR4/master.20141017.idx,20141017,master.20141017.idx,before_handoff,listed_source_pending,
2014Q4,SEC-0102,https://www.sec.gov/Archives/edgar/daily-index/2014/QTR4/master.20141020.idx,20141020,master.20141020.idx,before_handoff,listed_source_pending,
2014Q4,SEC-0102,https://www.sec.gov/Archives/edgar/daily-index/2014/QTR4/master.20141021.idx,20141021,master.20141021.idx,before_handoff,listed_source_pending,
2014Q4,SEC-0102,https://www.sec.gov/Archives/edgar/daily-index/2014/QTR4/master.20141022.idx,20141022,master.20141022.idx,before_handoff,listed_source_pending,
2014Q4,SEC-0102,https://www.sec.gov/Archives/edgar/daily-index/2014/QTR4/master.20141023.idx,20141023,master.20141023.idx,before_handoff,listed_source_pending,
2014Q4,SEC-0102,https://www.sec.gov/Archives/edgar/daily-index/2014/QTR4/master.20141024.idx,20141024,master.20141024.idx,before_handoff,listed_source_pending,
2014Q4,SEC-0102,https://www.sec.gov/Archives/edgar/daily-index/2014/QTR4/master.20141027.idx,20141027,master.20141027.idx,before_handoff,listed_source_pending,
2014Q4,SEC-0102,https://www.sec.gov/Archives/edgar/daily-index/2014/QTR4/master.20141028.idx,20141028,master.20141028.idx,before_handoff,listed_source_pending,
2014Q4,SEC-0102,https://www.sec.gov/Archives/edgar/daily-index/2014/QTR4/master.20141029.idx,20141029,master.20141029.idx,before_handoff,listed_source_pending,
2014Q4,SEC-0102,https://www.sec.gov/Archives/edgar/daily-index/2014/QTR4/master.20141030.idx,20141030,master.20141030.idx,before_handoff,listed_source_pending,
2014Q4,SEC-0102,https://www.sec.gov/Archives/edgar/daily-index/2014/QTR4/master.20141031.idx,20141031,master.20141031.idx,before_handoff,listed_source_pending,
2014Q4,SEC-0102,https://www.sec.gov/Archives/edgar/daily-index/2014/QTR4/master.20141103.idx,20141103,master.20141103.idx,before_handoff,listed_source_pending,
2014Q4,SEC-0102,https://www.sec.gov/Archives/edgar/daily-index/2014/QTR4/master.20141104.idx,20141104,master.20141104.idx,before_handoff,listed_source_pending,
2014Q4,SEC-0102,https://www.sec.gov/Archives/edgar/daily-index/2014/QTR4/master.20141105.idx,20141105,master.20141105.idx,before_handoff,listed_source_pending,
2014Q4,SEC-0102,https://www.sec.gov/Archives/edgar/daily-index/2014/QTR4/master.20141106.idx,20141106,master.20141106.idx,before_handoff,listed_source_pending,
2014Q4,SEC-0102,https://www.sec.gov/Archives/edgar/daily-index/2014/QTR4/master.20141107.idx,20141107,master.20141107.idx,before_handoff,listed_source_pending,
2014Q4,SEC-0102,https://www.sec.gov/Archives/edgar/daily-index/2014/QTR4/master.20141110.idx,20141110,master.20141110.idx,before_handoff,listed_source_pending,
2014Q4,SEC-0102,https://www.sec.gov/Archives/edgar/daily-index/2014/QTR4/master.20141112.idx,20141112,master.20141112.idx,before_handoff,listed_source_pending,
2014Q4,SEC-0102,https://www.sec.gov/Archives/edgar/daily-index/2014/QTR4/master.20141113.idx,20141113,master.20141113.idx,before_handoff,listed_source_pending,
2014Q4,SEC-0102,https://www.sec.gov/Archives/edgar/daily-index/2014/QTR4/master.20141114.idx,20141114,master.20141114.idx,before_handoff,listed_source_pending,
2014Q4,SEC-0102,https://www.sec.gov/Archives/edgar/daily-index/2014/QTR4/master.20141117.idx,20141117,master.20141117.idx,before_handoff,listed_source_pending,
2014Q4,SEC-0102,https://www.sec.gov/Archives/edgar/daily-index/2014/QTR4/master.20141118.idx,20141118,master.20141118.idx,before_handoff,listed_source_pending,
2014Q4,SEC-0102,https://www.sec.gov/Archives/edgar/daily-index/2014/QTR4/master.20141119.idx,20141119,master.20141119.idx,before_handoff,listed_source_pending,
2014Q4,SEC-0102,https://www.sec.gov/Archives/edgar/daily-index/2014/QTR4/master.20141120.idx,20141120,master.20141120.idx,before_handoff,listed_source_pending,
2014Q4,SEC-0102,https://www.sec.gov/Archives/edgar/daily-index/2014/QTR4/master.20141121.idx,20141121,master.20141121.idx,before_handoff,listed_source_pending,
2014Q4,SEC-0102,https://www.sec.gov/Archives/edgar/daily-index/2014/QTR4/master.20141124.idx,20141124,master.20141124.idx,before_handoff,listed_source_pending,
2014Q4,SEC-0102,https://www.sec.gov/Archives/edgar/daily-index/2014/QTR4/master.20141125.idx,20141125,master.20141125.idx,before_handoff,listed_source_pending,
2014Q4,SEC-0102,https://www.sec.gov/Archives/edgar/daily-index/2014/QTR4/master.20141126.idx,20141126,master.20141126.idx,before_handoff,listed_source_pending,
2014Q4,SEC-0102,https://www.sec.gov/Archives/edgar/daily-index/2014/QTR4/master.20141128.idx,20141128,master.20141128.idx,before_handoff,listed_source_pending,
2014Q4,SEC-0102,https://www.sec.gov/Archives/edgar/daily-index/2014/QTR4/master.20141201.idx,20141201,master.20141201.idx,before_handoff,listed_source_pending,
2014Q4,SEC-0102,https://www.sec.gov/Archives/edgar/daily-index/2014/QTR4/master.20141202.idx,20141202,master.20141202.idx,before_handoff,listed_source_pending,
2014Q4,SEC-0102,https://www.sec.gov/Archives/edgar/daily-index/2014/QTR4/master.20141203.idx,20141203,master.20141203.idx,before_handoff,listed_source_pending,
2014Q4,SEC-0102,https://www.sec.gov/Archives/edgar/daily-index/2014/QTR4/master.20141204.idx,20141204,master.20141204.idx,before_handoff,listed_source_pending,
2014Q4,SEC-0102,https://www.sec.gov/Archives/edgar/daily-index/2014/QTR4/master.20141205.idx,20141205,master.20141205.idx,before_handoff,listed_source_pending,
2014Q4,SEC-0102,https://www.sec.gov/Archives/edgar/daily-index/2014/QTR4/master.20141208.idx,20141208,master.20141208.idx,before_handoff,listed_source_pending,
2014Q4,SEC-0102,https://www.sec.gov/Archives/edgar/daily-index/2014/QTR4/master.20141209.idx,20141209,master.20141209.idx,before_handoff,listed_source_pending,
2014Q4,SEC-0102,https://www.sec.gov/Archives/edgar/daily-index/2014/QTR4/master.20141210.idx,20141210,master.20141210.idx,before_handoff,listed_source_pending,
2014Q4,SEC-0102,https://www.sec.gov/Archives/edgar/daily-index/2014/QTR4/master.20141211.idx,20141211,master.20141211.idx,before_handoff,listed_source_pending,
2014Q4,SEC-0102,https://www.sec.gov/Archives/edgar/daily-index/2014/QTR4/master.20141212.idx,20141212,master.20141212.idx,before_handoff,listed_source_pending,
2014Q4,SEC-0102,https://www.sec.gov/Archives/edgar/daily-index/2014/QTR4/master.20141215.idx,20141215,master.20141215.idx,before_handoff,listed_source_pending,
2014Q4,SEC-0102,https://www.sec.gov/Archives/edgar/daily-index/2014/QTR4/master.20141216.idx,20141216,master.20141216.idx,before_handoff,listed_source_pending,
2014Q4,SEC-0102,https://www.sec.gov/Archives/edgar/daily-index/2014/QTR4/master.20141217.idx,20141217,master.20141217.idx,before_handoff,listed_source_pending,
2014Q4,SEC-0102,https://www.sec.gov/Archives/edgar/daily-index/2014/QTR4/master.20141218.idx,20141218,master.20141218.idx,before_handoff,listed_source_pending,
2014Q4,SEC-0102,https://www.sec.gov/Archives/edgar/daily-index/2014/QTR4/master.20141219.idx,20141219,master.20141219.idx,before_handoff,listed_source_pending,
2014Q4,SEC-0102,https://www.sec.gov/Archives/edgar/daily-index/2014/QTR4/master.20141222.idx,20141222,master.20141222.idx,before_handoff,listed_source_pending,
2014Q4,SEC-0102,https://www.sec.gov/Archives/edgar/daily-index/2014/QTR4/master.20141223.idx,20141223,master.20141223.idx,before_handoff,listed_source_pending,
2014Q4,SEC-0102,https://www.sec.gov/Archives/edgar/daily-index/2014/QTR4/master.20141224.idx,20141224,master.20141224.idx,before_handoff,listed_source_pending,
2014Q4,SEC-0102,https://www.sec.gov/Archives/edgar/daily-index/2014/QTR4/master.20141229.idx,20141229,master.20141229.idx,before_handoff,listed_source_pending,
2014Q4,SEC-0102,https://www.sec.gov/Archives/edgar/daily-index/2014/QTR4/master.20141230.idx,20141230,master.20141230.idx,before_handoff,listed_source_pending,
2015,SEC-0103,https://www.sec.gov/Archives/edgar/daily-index/2015/index.json,,year_summary,Historical boundary,available,
2015Q1,SEC-0104,https://www.sec.gov/Archives/edgar/daily-index/2015/QTR1/index.json,,directory_summary,historical/preceding,available,
2015Q1,SEC-0104,https://www.sec.gov/Archives/edgar/daily-index/2015/QTR1/master.20150102.idx,20150102,master.20150102.idx,before_handoff,listed_source_pending,
2015Q1,SEC-0104,https://www.sec.gov/Archives/edgar/daily-index/2015/QTR1/master.20150105.idx,20150105,master.20150105.idx,before_handoff,listed_source_pending,
2015Q1,SEC-0104,https://www.sec.gov/Archives/edgar/daily-index/2015/QTR1/master.20150106.idx,20150106,master.20150106.idx,before_handoff,listed_source_pending,
2015Q1,SEC-0104,https://www.sec.gov/Archives/edgar/daily-index/2015/QTR1/master.20150107.idx,20150107,master.20150107.idx,before_handoff,listed_source_pending,
2015Q1,SEC-0104,https://www.sec.gov/Archives/edgar/daily-index/2015/QTR1/master.20150108.idx,20150108,master.20150108.idx,before_handoff,listed_source_pending,
2015Q1,SEC-0104,https://www.sec.gov/Archives/edgar/daily-index/2015/QTR1/master.20150109.idx,20150109,master.20150109.idx,before_handoff,listed_source_pending,
2015Q1,SEC-0104,https://www.sec.gov/Archives/edgar/daily-index/2015/QTR1/master.20150112.idx,20150112,master.20150112.idx,before_handoff,listed_source_pending,
2015Q1,SEC-0104,https://www.sec.gov/Archives/edgar/daily-index/2015/QTR1/master.20150113.idx,20150113,master.20150113.idx,before_handoff,listed_source_pending,
2015Q1,SEC-0104,https://www.sec.gov/Archives/edgar/daily-index/2015/QTR1/master.20150114.idx,20150114,master.20150114.idx,before_handoff,listed_source_pending,
2015Q1,SEC-0104,https://www.sec.gov/Archives/edgar/daily-index/2015/QTR1/master.20150115.idx,20150115,master.20150115.idx,before_handoff,listed_source_pending,
2015Q1,SEC-0104,https://www.sec.gov/Archives/edgar/daily-index/2015/QTR1/master.20150116.idx,20150116,master.20150116.idx,before_handoff,listed_source_pending,
2015Q1,SEC-0104,https://www.sec.gov/Archives/edgar/daily-index/2015/QTR1/master.20150120.idx,20150120,master.20150120.idx,before_handoff,listed_source_pending,
2015Q1,SEC-0104,https://www.sec.gov/Archives/edgar/daily-index/2015/QTR1/master.20150121.idx,20150121,master.20150121.idx,before_handoff,listed_source_pending,
2015Q1,SEC-0104,https://www.sec.gov/Archives/edgar/daily-index/2015/QTR1/master.20150122.idx,20150122,master.20150122.idx,before_handoff,listed_source_pending,
2015Q1,SEC-0104,https://www.sec.gov/Archives/edgar/daily-index/2015/QTR1/master.20150123.idx,20150123,master.20150123.idx,before_handoff,listed_source_pending,
2015Q1,SEC-0104,https://www.sec.gov/Archives/edgar/daily-index/2015/QTR1/master.20150126.idx,20150126,master.20150126.idx,before_handoff,listed_source_pending,
2015Q1,SEC-0104,https://www.sec.gov/Archives/edgar/daily-index/2015/QTR1/master.20150127.idx,20150127,master.20150127.idx,before_handoff,listed_source_pending,
2015Q1,SEC-0104,https://www.sec.gov/Archives/edgar/daily-index/2015/QTR1/master.20150128.idx,20150128,master.20150128.idx,before_handoff,listed_source_pending,
2015Q1,SEC-0104,https://www.sec.gov/Archives/edgar/daily-index/2015/QTR1/master.20150129.idx,20150129,master.20150129.idx,before_handoff,listed_source_pending,
2015Q1,SEC-0104,https://www.sec.gov/Archives/edgar/daily-index/2015/QTR1/master.20150130.idx,20150130,master.20150130.idx,before_handoff,listed_source_pending,
2015Q1,SEC-0104,https://www.sec.gov/Archives/edgar/daily-index/2015/QTR1/master.20150202.idx,20150202,master.20150202.idx,before_handoff,listed_source_pending,
2015Q1,SEC-0104,https://www.sec.gov/Archives/edgar/daily-index/2015/QTR1/master.20150203.idx,20150203,master.20150203.idx,before_handoff,listed_source_pending,
2015Q1,SEC-0104,https://www.sec.gov/Archives/edgar/daily-index/2015/QTR1/master.20150204.idx,20150204,master.20150204.idx,before_handoff,listed_source_pending,
2015Q1,SEC-0104,https://www.sec.gov/Archives/edgar/daily-index/2015/QTR1/master.20150205.idx,20150205,master.20150205.idx,before_handoff,listed_source_pending,
2015Q1,SEC-0104,https://www.sec.gov/Archives/edgar/daily-index/2015/QTR1/master.20150206.idx,20150206,master.20150206.idx,before_handoff,listed_source_pending,
2015Q1,SEC-0104,https://www.sec.gov/Archives/edgar/daily-index/2015/QTR1/master.20150209.idx,20150209,master.20150209.idx,before_handoff,listed_source_pending,
2015Q1,SEC-0104,https://www.sec.gov/Archives/edgar/daily-index/2015/QTR1/master.20150210.idx,20150210,master.20150210.idx,before_handoff,listed_source_pending,
2015Q1,SEC-0104,https://www.sec.gov/Archives/edgar/daily-index/2015/QTR1/master.20150211.idx,20150211,master.20150211.idx,before_handoff,listed_source_pending,
2015Q1,SEC-0104,https://www.sec.gov/Archives/edgar/daily-index/2015/QTR1/master.20150212.idx,20150212,master.20150212.idx,before_handoff,listed_source_pending,
2015Q1,SEC-0104,https://www.sec.gov/Archives/edgar/daily-index/2015/QTR1/master.20150213.idx,20150213,master.20150213.idx,before_handoff,listed_source_pending,
2015Q1,SEC-0104,https://www.sec.gov/Archives/edgar/daily-index/2015/QTR1/master.20150217.idx,20150217,master.20150217.idx,before_handoff,listed_source_pending,
2015Q1,SEC-0104,https://www.sec.gov/Archives/edgar/daily-index/2015/QTR1/master.20150218.idx,20150218,master.20150218.idx,before_handoff,listed_source_pending,
2015Q1,SEC-0104,https://www.sec.gov/Archives/edgar/daily-index/2015/QTR1/master.20150219.idx,20150219,master.20150219.idx,before_handoff,listed_source_pending,
2015Q1,SEC-0104,https://www.sec.gov/Archives/edgar/daily-index/2015/QTR1/master.20150220.idx,20150220,master.20150220.idx,before_handoff,listed_source_pending,
2015Q1,SEC-0104,https://www.sec.gov/Archives/edgar/daily-index/2015/QTR1/master.20150223.idx,20150223,master.20150223.idx,before_handoff,listed_source_pending,
2015Q1,SEC-0104,https://www.sec.gov/Archives/edgar/daily-index/2015/QTR1/master.20150224.idx,20150224,master.20150224.idx,before_handoff,listed_source_pending,
2015Q1,SEC-0104,https://www.sec.gov/Archives/edgar/daily-index/2015/QTR1/master.20150225.idx,20150225,master.20150225.idx,before_handoff,listed_source_pending,
2015Q1,SEC-0104,https://www.sec.gov/Archives/edgar/daily-index/2015/QTR1/master.20150226.idx,20150226,master.20150226.idx,before_handoff,listed_source_pending,
2015Q1,SEC-0104,https://www.sec.gov/Archives/edgar/daily-index/2015/QTR1/master.20150227.idx,20150227,master.20150227.idx,before_handoff,listed_source_pending,
2015Q1,SEC-0104,https://www.sec.gov/Archives/edgar/daily-index/2015/QTR1/master.20150302.idx,20150302,master.20150302.idx,before_handoff,listed_source_pending,
2015Q1,SEC-0104,https://www.sec.gov/Archives/edgar/daily-index/2015/QTR1/master.20150303.idx,20150303,master.20150303.idx,before_handoff,listed_source_pending,
2015Q1,SEC-0104,https://www.sec.gov/Archives/edgar/daily-index/2015/QTR1/master.20150304.idx,20150304,master.20150304.idx,before_handoff,listed_source_pending,
2015Q1,SEC-0104,https://www.sec.gov/Archives/edgar/daily-index/2015/QTR1/master.20150305.idx,20150305,master.20150305.idx,before_handoff,listed_source_pending,
2015Q1,SEC-0104,https://www.sec.gov/Archives/edgar/daily-index/2015/QTR1/master.20150306.idx,20150306,master.20150306.idx,before_handoff,listed_source_pending,
2015Q1,SEC-0104,https://www.sec.gov/Archives/edgar/daily-index/2015/QTR1/master.20150309.idx,20150309,master.20150309.idx,before_handoff,listed_source_pending,
2015Q1,SEC-0104,https://www.sec.gov/Archives/edgar/daily-index/2015/QTR1/master.20150310.idx,20150310,master.20150310.idx,before_handoff,listed_source_pending,
2015Q1,SEC-0104,https://www.sec.gov/Archives/edgar/daily-index/2015/QTR1/master.20150311.idx,20150311,master.20150311.idx,before_handoff,listed_source_pending,
2015Q1,SEC-0104,https://www.sec.gov/Archives/edgar/daily-index/2015/QTR1/master.20150312.idx,20150312,master.20150312.idx,before_handoff,listed_source_pending,
2015Q1,SEC-0104,https://www.sec.gov/Archives/edgar/daily-index/2015/QTR1/master.20150313.idx,20150313,master.20150313.idx,before_handoff,listed_source_pending,
2015Q1,SEC-0104,https://www.sec.gov/Archives/edgar/daily-index/2015/QTR1/master.20150316.idx,20150316,master.20150316.idx,before_handoff,listed_source_pending,
2015Q1,SEC-0104,https://www.sec.gov/Archives/edgar/daily-index/2015/QTR1/master.20150317.idx,20150317,master.20150317.idx,before_handoff,listed_source_pending,
2015Q1,SEC-0104,https://www.sec.gov/Archives/edgar/daily-index/2015/QTR1/master.20150318.idx,20150318,master.20150318.idx,before_handoff,listed_source_pending,
2015Q1,SEC-0104,https://www.sec.gov/Archives/edgar/daily-index/2015/QTR1/master.20150319.idx,20150319,master.20150319.idx,before_handoff,listed_source_pending,
2015Q1,SEC-0104,https://www.sec.gov/Archives/edgar/daily-index/2015/QTR1/master.20150320.idx,20150320,master.20150320.idx,before_handoff,listed_source_pending,
2015Q1,SEC-0104,https://www.sec.gov/Archives/edgar/daily-index/2015/QTR1/master.20150323.idx,20150323,master.20150323.idx,before_handoff,listed_source_pending,
2015Q1,SEC-0104,https://www.sec.gov/Archives/edgar/daily-index/2015/QTR1/master.20150324.idx,20150324,master.20150324.idx,before_handoff,listed_source_pending,
2015Q1,SEC-0104,https://www.sec.gov/Archives/edgar/daily-index/2015/QTR1/master.20150325.idx,20150325,master.20150325.idx,before_handoff,listed_source_pending,
2015Q1,SEC-0104,https://www.sec.gov/Archives/edgar/daily-index/2015/QTR1/master.20150326.idx,20150326,master.20150326.idx,before_handoff,listed_source_pending,
2015Q1,SEC-0104,https://www.sec.gov/Archives/edgar/daily-index/2015/QTR1/master.20150327.idx,20150327,master.20150327.idx,before_handoff,listed_source_pending,
2015Q1,SEC-0104,https://www.sec.gov/Archives/edgar/daily-index/2015/QTR1/master.20150330.idx,20150330,master.20150330.idx,before_handoff,listed_source_pending,
2015Q1,SEC-0104,https://www.sec.gov/Archives/edgar/daily-index/2015/QTR1/master.20150331.idx,20150331,master.20150331.idx,before_handoff,listed_source_pending,
2015Q2,SEC-0103,https://www.sec.gov/Archives/edgar/daily-index/2015/QTR2/index.json,,directory_summary,Historical boundary,listed_uninspected,GAP-D-2015Q2
2015Q3,SEC-0103,https://www.sec.gov/Archives/edgar/daily-index/2015/QTR3/index.json,,directory_summary,Historical boundary,listed_uninspected,GAP-D-2015Q3
2015Q4,SEC-0105,https://www.sec.gov/Archives/edgar/daily-index/2015/QTR4/index.json,,directory_summary,historical/preceding,available,
2015Q4,SEC-0105,https://www.sec.gov/Archives/edgar/daily-index/2015/QTR4/master.20151001.idx,20151001,master.20151001.idx,before_handoff,listed_source_pending,
2015Q4,SEC-0105,https://www.sec.gov/Archives/edgar/daily-index/2015/QTR4/master.20151002.idx,20151002,master.20151002.idx,before_handoff,listed_source_pending,
2015Q4,SEC-0105,https://www.sec.gov/Archives/edgar/daily-index/2015/QTR4/master.20151005.idx,20151005,master.20151005.idx,before_handoff,listed_source_pending,
2015Q4,SEC-0105,https://www.sec.gov/Archives/edgar/daily-index/2015/QTR4/master.20151006.idx,20151006,master.20151006.idx,before_handoff,listed_source_pending,
2015Q4,SEC-0105,https://www.sec.gov/Archives/edgar/daily-index/2015/QTR4/master.20151007.idx,20151007,master.20151007.idx,before_handoff,listed_source_pending,
2015Q4,SEC-0105,https://www.sec.gov/Archives/edgar/daily-index/2015/QTR4/master.20151008.idx,20151008,master.20151008.idx,before_handoff,listed_source_pending,
2015Q4,SEC-0105,https://www.sec.gov/Archives/edgar/daily-index/2015/QTR4/master.20151009.idx,20151009,master.20151009.idx,before_handoff,listed_source_pending,
2015Q4,SEC-0105,https://www.sec.gov/Archives/edgar/daily-index/2015/QTR4/master.20151013.idx,20151013,master.20151013.idx,before_handoff,listed_source_pending,
2015Q4,SEC-0105,https://www.sec.gov/Archives/edgar/daily-index/2015/QTR4/master.20151014.idx,20151014,master.20151014.idx,before_handoff,listed_source_pending,
2015Q4,SEC-0105,https://www.sec.gov/Archives/edgar/daily-index/2015/QTR4/master.20151015.idx,20151015,master.20151015.idx,before_handoff,listed_source_pending,
2015Q4,SEC-0105,https://www.sec.gov/Archives/edgar/daily-index/2015/QTR4/master.20151016.idx,20151016,master.20151016.idx,before_handoff,listed_source_pending,
2015Q4,SEC-0105,https://www.sec.gov/Archives/edgar/daily-index/2015/QTR4/master.20151019.idx,20151019,master.20151019.idx,before_handoff,listed_source_pending,
2015Q4,SEC-0105,https://www.sec.gov/Archives/edgar/daily-index/2015/QTR4/master.20151020.idx,20151020,master.20151020.idx,before_handoff,listed_source_pending,
2015Q4,SEC-0105,https://www.sec.gov/Archives/edgar/daily-index/2015/QTR4/master.20151021.idx,20151021,master.20151021.idx,before_handoff,listed_source_pending,
2015Q4,SEC-0105,https://www.sec.gov/Archives/edgar/daily-index/2015/QTR4/master.20151022.idx,20151022,master.20151022.idx,before_handoff,listed_source_pending,
2015Q4,SEC-0105,https://www.sec.gov/Archives/edgar/daily-index/2015/QTR4/master.20151023.idx,20151023,master.20151023.idx,before_handoff,listed_source_pending,
2015Q4,SEC-0105,https://www.sec.gov/Archives/edgar/daily-index/2015/QTR4/master.20151026.idx,20151026,master.20151026.idx,before_handoff,listed_source_pending,
2015Q4,SEC-0105,https://www.sec.gov/Archives/edgar/daily-index/2015/QTR4/master.20151027.idx,20151027,master.20151027.idx,before_handoff,listed_source_pending,
2015Q4,SEC-0105,https://www.sec.gov/Archives/edgar/daily-index/2015/QTR4/master.20151028.idx,20151028,master.20151028.idx,before_handoff,listed_source_pending,
2015Q4,SEC-0105,https://www.sec.gov/Archives/edgar/daily-index/2015/QTR4/master.20151029.idx,20151029,master.20151029.idx,before_handoff,listed_source_pending,
2015Q4,SEC-0105,https://www.sec.gov/Archives/edgar/daily-index/2015/QTR4/master.20151030.idx,20151030,master.20151030.idx,before_handoff,listed_source_pending,
2015Q4,SEC-0105,https://www.sec.gov/Archives/edgar/daily-index/2015/QTR4/master.20151102.idx,20151102,master.20151102.idx,before_handoff,listed_source_pending,
2015Q4,SEC-0105,https://www.sec.gov/Archives/edgar/daily-index/2015/QTR4/master.20151103.idx,20151103,master.20151103.idx,before_handoff,listed_source_pending,
2015Q4,SEC-0105,https://www.sec.gov/Archives/edgar/daily-index/2015/QTR4/master.20151104.idx,20151104,master.20151104.idx,before_handoff,listed_source_pending,
2015Q4,SEC-0105,https://www.sec.gov/Archives/edgar/daily-index/2015/QTR4/master.20151105.idx,20151105,master.20151105.idx,before_handoff,listed_source_pending,
2015Q4,SEC-0105,https://www.sec.gov/Archives/edgar/daily-index/2015/QTR4/master.20151106.idx,20151106,master.20151106.idx,before_handoff,listed_source_pending,
2015Q4,SEC-0105,https://www.sec.gov/Archives/edgar/daily-index/2015/QTR4/master.20151109.idx,20151109,master.20151109.idx,before_handoff,listed_source_pending,
2015Q4,SEC-0105,https://www.sec.gov/Archives/edgar/daily-index/2015/QTR4/master.20151110.idx,20151110,master.20151110.idx,before_handoff,listed_source_pending,
2015Q4,SEC-0105,https://www.sec.gov/Archives/edgar/daily-index/2015/QTR4/master.20151112.idx,20151112,master.20151112.idx,before_handoff,listed_source_pending,
2015Q4,SEC-0105,https://www.sec.gov/Archives/edgar/daily-index/2015/QTR4/master.20151113.idx,20151113,master.20151113.idx,before_handoff,listed_source_pending,
2015Q4,SEC-0105,https://www.sec.gov/Archives/edgar/daily-index/2015/QTR4/master.20151116.idx,20151116,master.20151116.idx,before_handoff,listed_source_pending,
2015Q4,SEC-0105,https://www.sec.gov/Archives/edgar/daily-index/2015/QTR4/master.20151117.idx,20151117,master.20151117.idx,before_handoff,listed_source_pending,
2015Q4,SEC-0105,https://www.sec.gov/Archives/edgar/daily-index/2015/QTR4/master.20151118.idx,20151118,master.20151118.idx,before_handoff,listed_source_pending,
2015Q4,SEC-0105,https://www.sec.gov/Archives/edgar/daily-index/2015/QTR4/master.20151119.idx,20151119,master.20151119.idx,before_handoff,listed_source_pending,
2015Q4,SEC-0105,https://www.sec.gov/Archives/edgar/daily-index/2015/QTR4/master.20151120.idx,20151120,master.20151120.idx,before_handoff,listed_source_pending,
2015Q4,SEC-0105,https://www.sec.gov/Archives/edgar/daily-index/2015/QTR4/master.20151123.idx,20151123,master.20151123.idx,before_handoff,listed_source_pending,
2015Q4,SEC-0105,https://www.sec.gov/Archives/edgar/daily-index/2015/QTR4/master.20151124.idx,20151124,master.20151124.idx,before_handoff,listed_source_pending,
2015Q4,SEC-0105,https://www.sec.gov/Archives/edgar/daily-index/2015/QTR4/master.20151125.idx,20151125,master.20151125.idx,before_handoff,listed_source_pending,
2015Q4,SEC-0105,https://www.sec.gov/Archives/edgar/daily-index/2015/QTR4/master.20151127.idx,20151127,master.20151127.idx,before_handoff,listed_source_pending,
2015Q4,SEC-0105,https://www.sec.gov/Archives/edgar/daily-index/2015/QTR4/master.20151130.idx,20151130,master.20151130.idx,before_handoff,listed_source_pending,
2015Q4,SEC-0105,https://www.sec.gov/Archives/edgar/daily-index/2015/QTR4/master.20151201.idx,20151201,master.20151201.idx,before_handoff,listed_source_pending,
2015Q4,SEC-0105,https://www.sec.gov/Archives/edgar/daily-index/2015/QTR4/master.20151202.idx,20151202,master.20151202.idx,before_handoff,listed_source_pending,
2015Q4,SEC-0105,https://www.sec.gov/Archives/edgar/daily-index/2015/QTR4/master.20151203.idx,20151203,master.20151203.idx,before_handoff,listed_source_pending,
2015Q4,SEC-0105,https://www.sec.gov/Archives/edgar/daily-index/2015/QTR4/master.20151204.idx,20151204,master.20151204.idx,before_handoff,listed_source_pending,
2015Q4,SEC-0105,https://www.sec.gov/Archives/edgar/daily-index/2015/QTR4/master.20151207.idx,20151207,master.20151207.idx,before_handoff,listed_source_pending,
2015Q4,SEC-0105,https://www.sec.gov/Archives/edgar/daily-index/2015/QTR4/master.20151208.idx,20151208,master.20151208.idx,before_handoff,listed_source_pending,
2015Q4,SEC-0105,https://www.sec.gov/Archives/edgar/daily-index/2015/QTR4/master.20151209.idx,20151209,master.20151209.idx,before_handoff,listed_source_pending,
2015Q4,SEC-0105,https://www.sec.gov/Archives/edgar/daily-index/2015/QTR4/master.20151210.idx,20151210,master.20151210.idx,before_handoff,listed_source_pending,
2015Q4,SEC-0105,https://www.sec.gov/Archives/edgar/daily-index/2015/QTR4/master.20151211.idx,20151211,master.20151211.idx,before_handoff,listed_source_pending,
2015Q4,SEC-0105,https://www.sec.gov/Archives/edgar/daily-index/2015/QTR4/master.20151214.idx,20151214,master.20151214.idx,before_handoff,listed_source_pending,
2015Q4,SEC-0105,https://www.sec.gov/Archives/edgar/daily-index/2015/QTR4/master.20151215.idx,20151215,master.20151215.idx,before_handoff,listed_source_pending,
2015Q4,SEC-0105,https://www.sec.gov/Archives/edgar/daily-index/2015/QTR4/master.20151216.idx,20151216,master.20151216.idx,before_handoff,listed_source_pending,
2015Q4,SEC-0105,https://www.sec.gov/Archives/edgar/daily-index/2015/QTR4/master.20151217.idx,20151217,master.20151217.idx,before_handoff,listed_source_pending,
2015Q4,SEC-0105,https://www.sec.gov/Archives/edgar/daily-index/2015/QTR4/master.20151218.idx,20151218,master.20151218.idx,before_handoff,listed_source_pending,
2015Q4,SEC-0105,https://www.sec.gov/Archives/edgar/daily-index/2015/QTR4/master.20151221.idx,20151221,master.20151221.idx,before_handoff,listed_source_pending,
2015Q4,SEC-0105,https://www.sec.gov/Archives/edgar/daily-index/2015/QTR4/master.20151222.idx,20151222,master.20151222.idx,before_handoff,listed_source_pending,
2015Q4,SEC-0105,https://www.sec.gov/Archives/edgar/daily-index/2015/QTR4/master.20151223.idx,20151223,master.20151223.idx,before_handoff,listed_source_pending,
2015Q4,SEC-0105,https://www.sec.gov/Archives/edgar/daily-index/2015/QTR4/master.20151224.idx,20151224,master.20151224.idx,before_handoff,listed_source_pending,
2015Q4,SEC-0105,https://www.sec.gov/Archives/edgar/daily-index/2015/QTR4/master.20151228.idx,20151228,master.20151228.idx,before_handoff,listed_source_pending,
2015Q4,SEC-0105,https://www.sec.gov/Archives/edgar/daily-index/2015/QTR4/master.20151229.idx,20151229,master.20151229.idx,before_handoff,listed_source_pending,
2015Q4,SEC-0105,https://www.sec.gov/Archives/edgar/daily-index/2015/QTR4/master.20151230.idx,20151230,master.20151230.idx,before_handoff,listed_source_pending,
2015Q4,SEC-0105,https://www.sec.gov/Archives/edgar/daily-index/2015/QTR4/master.20151231.idx,20151231,master.20151231.idx,before_handoff,listed_source_pending,
2016,SEC-0106,https://www.sec.gov/Archives/edgar/daily-index/2016/index.json,,year_summary,Historical boundary,available,
2016Q1,SEC-0107,https://www.sec.gov/Archives/edgar/daily-index/2016/QTR1/index.json,,directory_summary,historical/preceding,available,
2016Q1,SEC-0107,https://www.sec.gov/Archives/edgar/daily-index/2016/QTR1/master.20160104.idx,20160104,master.20160104.idx,before_handoff,listed_source_pending,
2016Q1,SEC-0107,https://www.sec.gov/Archives/edgar/daily-index/2016/QTR1/master.20160105.idx,20160105,master.20160105.idx,before_handoff,listed_source_pending,
2016Q1,SEC-0107,https://www.sec.gov/Archives/edgar/daily-index/2016/QTR1/master.20160106.idx,20160106,master.20160106.idx,before_handoff,listed_source_pending,
2016Q1,SEC-0107,https://www.sec.gov/Archives/edgar/daily-index/2016/QTR1/master.20160107.idx,20160107,master.20160107.idx,before_handoff,listed_source_pending,
2016Q1,SEC-0107,https://www.sec.gov/Archives/edgar/daily-index/2016/QTR1/master.20160108.idx,20160108,master.20160108.idx,before_handoff,listed_source_pending,
2016Q1,SEC-0107,https://www.sec.gov/Archives/edgar/daily-index/2016/QTR1/master.20160111.idx,20160111,master.20160111.idx,before_handoff,listed_source_pending,
2016Q1,SEC-0107,https://www.sec.gov/Archives/edgar/daily-index/2016/QTR1/master.20160112.idx,20160112,master.20160112.idx,before_handoff,listed_source_pending,
2016Q1,SEC-0107,https://www.sec.gov/Archives/edgar/daily-index/2016/QTR1/master.20160113.idx,20160113,master.20160113.idx,before_handoff,listed_source_pending,
2016Q1,SEC-0107,https://www.sec.gov/Archives/edgar/daily-index/2016/QTR1/master.20160114.idx,20160114,master.20160114.idx,before_handoff,listed_source_pending,
2016Q1,SEC-0107,https://www.sec.gov/Archives/edgar/daily-index/2016/QTR1/master.20160115.idx,20160115,master.20160115.idx,before_handoff,listed_source_pending,
2016Q1,SEC-0107,https://www.sec.gov/Archives/edgar/daily-index/2016/QTR1/master.20160119.idx,20160119,master.20160119.idx,before_handoff,listed_source_pending,
2016Q1,SEC-0107,https://www.sec.gov/Archives/edgar/daily-index/2016/QTR1/master.20160120.idx,20160120,master.20160120.idx,before_handoff,listed_source_pending,
2016Q1,SEC-0107,https://www.sec.gov/Archives/edgar/daily-index/2016/QTR1/master.20160121.idx,20160121,master.20160121.idx,before_handoff,listed_source_pending,
2016Q1,SEC-0107,https://www.sec.gov/Archives/edgar/daily-index/2016/QTR1/master.20160122.idx,20160122,master.20160122.idx,before_handoff,listed_source_pending,
2016Q1,SEC-0107,https://www.sec.gov/Archives/edgar/daily-index/2016/QTR1/master.20160125.idx,20160125,master.20160125.idx,before_handoff,listed_source_pending,
2016Q1,SEC-0107,https://www.sec.gov/Archives/edgar/daily-index/2016/QTR1/master.20160126.idx,20160126,master.20160126.idx,before_handoff,listed_source_pending,
2016Q1,SEC-0107,https://www.sec.gov/Archives/edgar/daily-index/2016/QTR1/master.20160127.idx,20160127,master.20160127.idx,before_handoff,listed_source_pending,
2016Q1,SEC-0107,https://www.sec.gov/Archives/edgar/daily-index/2016/QTR1/master.20160128.idx,20160128,master.20160128.idx,before_handoff,listed_source_pending,
2016Q1,SEC-0107,https://www.sec.gov/Archives/edgar/daily-index/2016/QTR1/master.20160129.idx,20160129,master.20160129.idx,before_handoff,listed_source_pending,
2016Q1,SEC-0107,https://www.sec.gov/Archives/edgar/daily-index/2016/QTR1/master.20160201.idx,20160201,master.20160201.idx,before_handoff,listed_source_pending,
2016Q1,SEC-0107,https://www.sec.gov/Archives/edgar/daily-index/2016/QTR1/master.20160202.idx,20160202,master.20160202.idx,before_handoff,listed_source_pending,
2016Q1,SEC-0107,https://www.sec.gov/Archives/edgar/daily-index/2016/QTR1/master.20160203.idx,20160203,master.20160203.idx,before_handoff,listed_source_pending,
2016Q1,SEC-0107,https://www.sec.gov/Archives/edgar/daily-index/2016/QTR1/master.20160204.idx,20160204,master.20160204.idx,before_handoff,listed_source_pending,
2016Q1,SEC-0107,https://www.sec.gov/Archives/edgar/daily-index/2016/QTR1/master.20160205.idx,20160205,master.20160205.idx,before_handoff,listed_source_pending,
2016Q1,SEC-0107,https://www.sec.gov/Archives/edgar/daily-index/2016/QTR1/master.20160208.idx,20160208,master.20160208.idx,before_handoff,listed_source_pending,
2016Q1,SEC-0107,https://www.sec.gov/Archives/edgar/daily-index/2016/QTR1/master.20160209.idx,20160209,master.20160209.idx,before_handoff,listed_source_pending,
2016Q1,SEC-0107,https://www.sec.gov/Archives/edgar/daily-index/2016/QTR1/master.20160210.idx,20160210,master.20160210.idx,before_handoff,listed_source_pending,
2016Q1,SEC-0107,https://www.sec.gov/Archives/edgar/daily-index/2016/QTR1/master.20160211.idx,20160211,master.20160211.idx,before_handoff,listed_source_pending,
2016Q1,SEC-0107,https://www.sec.gov/Archives/edgar/daily-index/2016/QTR1/master.20160212.idx,20160212,master.20160212.idx,before_handoff,listed_source_pending,
2016Q1,SEC-0107,https://www.sec.gov/Archives/edgar/daily-index/2016/QTR1/master.20160216.idx,20160216,master.20160216.idx,before_handoff,listed_source_pending,
2016Q1,SEC-0107,https://www.sec.gov/Archives/edgar/daily-index/2016/QTR1/master.20160217.idx,20160217,master.20160217.idx,before_handoff,listed_source_pending,
2016Q1,SEC-0107,https://www.sec.gov/Archives/edgar/daily-index/2016/QTR1/master.20160218.idx,20160218,master.20160218.idx,before_handoff,listed_source_pending,
2016Q1,SEC-0107,https://www.sec.gov/Archives/edgar/daily-index/2016/QTR1/master.20160219.idx,20160219,master.20160219.idx,before_handoff,listed_source_pending,
2016Q1,SEC-0107,https://www.sec.gov/Archives/edgar/daily-index/2016/QTR1/master.20160222.idx,20160222,master.20160222.idx,before_handoff,listed_source_pending,
2016Q1,SEC-0107,https://www.sec.gov/Archives/edgar/daily-index/2016/QTR1/master.20160223.idx,20160223,master.20160223.idx,before_handoff,listed_source_pending,
2016Q1,SEC-0107,https://www.sec.gov/Archives/edgar/daily-index/2016/QTR1/master.20160224.idx,20160224,master.20160224.idx,before_handoff,listed_source_pending,
2016Q1,SEC-0107,https://www.sec.gov/Archives/edgar/daily-index/2016/QTR1/master.20160225.idx,20160225,master.20160225.idx,before_handoff,listed_source_pending,
2016Q1,SEC-0107,https://www.sec.gov/Archives/edgar/daily-index/2016/QTR1/master.20160226.idx,20160226,master.20160226.idx,before_handoff,listed_source_pending,
2016Q1,SEC-0107,https://www.sec.gov/Archives/edgar/daily-index/2016/QTR1/master.20160229.idx,20160229,master.20160229.idx,before_handoff,listed_source_pending,
2016Q1,SEC-0107,https://www.sec.gov/Archives/edgar/daily-index/2016/QTR1/master.20160301.idx,20160301,master.20160301.idx,before_handoff,listed_source_pending,
2016Q1,SEC-0107,https://www.sec.gov/Archives/edgar/daily-index/2016/QTR1/master.20160302.idx,20160302,master.20160302.idx,before_handoff,listed_source_pending,
2016Q1,SEC-0107,https://www.sec.gov/Archives/edgar/daily-index/2016/QTR1/master.20160303.idx,20160303,master.20160303.idx,before_handoff,listed_source_pending,
2016Q1,SEC-0107,https://www.sec.gov/Archives/edgar/daily-index/2016/QTR1/master.20160304.idx,20160304,master.20160304.idx,before_handoff,listed_source_pending,
2016Q1,SEC-0107,https://www.sec.gov/Archives/edgar/daily-index/2016/QTR1/master.20160307.idx,20160307,master.20160307.idx,before_handoff,listed_source_pending,
2016Q1,SEC-0107,https://www.sec.gov/Archives/edgar/daily-index/2016/QTR1/master.20160308.idx,20160308,master.20160308.idx,before_handoff,listed_source_pending,
2016Q1,SEC-0107,https://www.sec.gov/Archives/edgar/daily-index/2016/QTR1/master.20160309.idx,20160309,master.20160309.idx,before_handoff,listed_source_pending,
2016Q1,SEC-0107,https://www.sec.gov/Archives/edgar/daily-index/2016/QTR1/master.20160310.idx,20160310,master.20160310.idx,before_handoff,listed_source_pending,
2016Q1,SEC-0107,https://www.sec.gov/Archives/edgar/daily-index/2016/QTR1/master.20160311.idx,20160311,master.20160311.idx,before_handoff,listed_source_pending,
2016Q1,SEC-0107,https://www.sec.gov/Archives/edgar/daily-index/2016/QTR1/master.20160314.idx,20160314,master.20160314.idx,before_handoff,listed_source_pending,
2016Q1,SEC-0107,https://www.sec.gov/Archives/edgar/daily-index/2016/QTR1/master.20160315.idx,20160315,master.20160315.idx,before_handoff,listed_source_pending,
2016Q1,SEC-0107,https://www.sec.gov/Archives/edgar/daily-index/2016/QTR1/master.20160316.idx,20160316,master.20160316.idx,before_handoff,listed_source_pending,
2016Q1,SEC-0107,https://www.sec.gov/Archives/edgar/daily-index/2016/QTR1/master.20160317.idx,20160317,master.20160317.idx,before_handoff,listed_source_pending,
2016Q1,SEC-0107,https://www.sec.gov/Archives/edgar/daily-index/2016/QTR1/master.20160318.idx,20160318,master.20160318.idx,before_handoff,listed_source_pending,
2016Q1,SEC-0107,https://www.sec.gov/Archives/edgar/daily-index/2016/QTR1/master.20160321.idx,20160321,master.20160321.idx,before_handoff,listed_source_pending,
2016Q1,SEC-0107,https://www.sec.gov/Archives/edgar/daily-index/2016/QTR1/master.20160322.idx,20160322,master.20160322.idx,before_handoff,listed_source_pending,
2016Q1,SEC-0107,https://www.sec.gov/Archives/edgar/daily-index/2016/QTR1/master.20160323.idx,20160323,master.20160323.idx,before_handoff,listed_source_pending,
2016Q1,SEC-0107,https://www.sec.gov/Archives/edgar/daily-index/2016/QTR1/master.20160324.idx,20160324,master.20160324.idx,before_handoff,listed_source_pending,
2016Q1,SEC-0107,https://www.sec.gov/Archives/edgar/daily-index/2016/QTR1/master.20160325.idx,20160325,master.20160325.idx,before_handoff,listed_source_pending,
2016Q1,SEC-0107,https://www.sec.gov/Archives/edgar/daily-index/2016/QTR1/master.20160328.idx,20160328,master.20160328.idx,before_handoff,listed_source_pending,
2016Q1,SEC-0107,https://www.sec.gov/Archives/edgar/daily-index/2016/QTR1/master.20160329.idx,20160329,master.20160329.idx,before_handoff,listed_source_pending,
2016Q1,SEC-0107,https://www.sec.gov/Archives/edgar/daily-index/2016/QTR1/master.20160330.idx,20160330,master.20160330.idx,before_handoff,listed_source_pending,
2016Q2,SEC-0106,https://www.sec.gov/Archives/edgar/daily-index/2016/QTR2/index.json,,directory_summary,Historical boundary,listed_uninspected,GAP-D-2016Q2
2016Q3,SEC-0106,https://www.sec.gov/Archives/edgar/daily-index/2016/QTR3/index.json,,directory_summary,Historical boundary,listed_uninspected,GAP-D-2016Q3
2016Q4,SEC-0108,https://www.sec.gov/Archives/edgar/daily-index/2016/QTR4/index.json,,directory_summary,historical/preceding,available,
2016Q4,SEC-0108,https://www.sec.gov/Archives/edgar/daily-index/2016/QTR4/master.20161003.idx,20161003,master.20161003.idx,before_handoff,listed_source_pending,
2016Q4,SEC-0108,https://www.sec.gov/Archives/edgar/daily-index/2016/QTR4/master.20161004.idx,20161004,master.20161004.idx,before_handoff,listed_source_pending,
2016Q4,SEC-0108,https://www.sec.gov/Archives/edgar/daily-index/2016/QTR4/master.20161005.idx,20161005,master.20161005.idx,before_handoff,listed_source_pending,
2016Q4,SEC-0108,https://www.sec.gov/Archives/edgar/daily-index/2016/QTR4/master.20161006.idx,20161006,master.20161006.idx,before_handoff,listed_source_pending,
2016Q4,SEC-0108,https://www.sec.gov/Archives/edgar/daily-index/2016/QTR4/master.20161007.idx,20161007,master.20161007.idx,before_handoff,listed_source_pending,
2016Q4,SEC-0108,https://www.sec.gov/Archives/edgar/daily-index/2016/QTR4/master.20161011.idx,20161011,master.20161011.idx,before_handoff,listed_source_pending,
2016Q4,SEC-0108,https://www.sec.gov/Archives/edgar/daily-index/2016/QTR4/master.20161012.idx,20161012,master.20161012.idx,before_handoff,listed_source_pending,
2016Q4,SEC-0108,https://www.sec.gov/Archives/edgar/daily-index/2016/QTR4/master.20161013.idx,20161013,master.20161013.idx,before_handoff,listed_source_pending,
2016Q4,SEC-0108,https://www.sec.gov/Archives/edgar/daily-index/2016/QTR4/master.20161014.idx,20161014,master.20161014.idx,before_handoff,listed_source_pending,
2016Q4,SEC-0108,https://www.sec.gov/Archives/edgar/daily-index/2016/QTR4/master.20161017.idx,20161017,master.20161017.idx,before_handoff,listed_source_pending,
2016Q4,SEC-0108,https://www.sec.gov/Archives/edgar/daily-index/2016/QTR4/master.20161018.idx,20161018,master.20161018.idx,before_handoff,listed_source_pending,
2016Q4,SEC-0108,https://www.sec.gov/Archives/edgar/daily-index/2016/QTR4/master.20161019.idx,20161019,master.20161019.idx,before_handoff,listed_source_pending,
2016Q4,SEC-0108,https://www.sec.gov/Archives/edgar/daily-index/2016/QTR4/master.20161020.idx,20161020,master.20161020.idx,before_handoff,listed_source_pending,
2016Q4,SEC-0108,https://www.sec.gov/Archives/edgar/daily-index/2016/QTR4/master.20161021.idx,20161021,master.20161021.idx,before_handoff,listed_source_pending,
2016Q4,SEC-0108,https://www.sec.gov/Archives/edgar/daily-index/2016/QTR4/master.20161024.idx,20161024,master.20161024.idx,before_handoff,listed_source_pending,
2016Q4,SEC-0108,https://www.sec.gov/Archives/edgar/daily-index/2016/QTR4/master.20161025.idx,20161025,master.20161025.idx,before_handoff,listed_source_pending,
2016Q4,SEC-0108,https://www.sec.gov/Archives/edgar/daily-index/2016/QTR4/master.20161026.idx,20161026,master.20161026.idx,before_handoff,listed_source_pending,
2016Q4,SEC-0108,https://www.sec.gov/Archives/edgar/daily-index/2016/QTR4/master.20161027.idx,20161027,master.20161027.idx,before_handoff,listed_source_pending,
2016Q4,SEC-0108,https://www.sec.gov/Archives/edgar/daily-index/2016/QTR4/master.20161028.idx,20161028,master.20161028.idx,before_handoff,listed_source_pending,
2016Q4,SEC-0108,https://www.sec.gov/Archives/edgar/daily-index/2016/QTR4/master.20161031.idx,20161031,master.20161031.idx,before_handoff,listed_source_pending,
2016Q4,SEC-0108,https://www.sec.gov/Archives/edgar/daily-index/2016/QTR4/master.20161101.idx,20161101,master.20161101.idx,before_handoff,listed_source_pending,
2016Q4,SEC-0108,https://www.sec.gov/Archives/edgar/daily-index/2016/QTR4/master.20161102.idx,20161102,master.20161102.idx,before_handoff,listed_source_pending,
2016Q4,SEC-0108,https://www.sec.gov/Archives/edgar/daily-index/2016/QTR4/master.20161103.idx,20161103,master.20161103.idx,before_handoff,listed_source_pending,
2016Q4,SEC-0108,https://www.sec.gov/Archives/edgar/daily-index/2016/QTR4/master.20161104.idx,20161104,master.20161104.idx,before_handoff,listed_source_pending,
2016Q4,SEC-0108,https://www.sec.gov/Archives/edgar/daily-index/2016/QTR4/master.20161107.idx,20161107,master.20161107.idx,before_handoff,listed_source_pending,
2016Q4,SEC-0108,https://www.sec.gov/Archives/edgar/daily-index/2016/QTR4/master.20161108.idx,20161108,master.20161108.idx,before_handoff,listed_source_pending,
2016Q4,SEC-0108,https://www.sec.gov/Archives/edgar/daily-index/2016/QTR4/master.20161109.idx,20161109,master.20161109.idx,before_handoff,listed_source_pending,
2016Q4,SEC-0108,https://www.sec.gov/Archives/edgar/daily-index/2016/QTR4/master.20161110.idx,20161110,master.20161110.idx,before_handoff,listed_source_pending,
2016Q4,SEC-0108,https://www.sec.gov/Archives/edgar/daily-index/2016/QTR4/master.20161114.idx,20161114,master.20161114.idx,before_handoff,listed_source_pending,
2016Q4,SEC-0108,https://www.sec.gov/Archives/edgar/daily-index/2016/QTR4/master.20161115.idx,20161115,master.20161115.idx,before_handoff,listed_source_pending,
2016Q4,SEC-0108,https://www.sec.gov/Archives/edgar/daily-index/2016/QTR4/master.20161116.idx,20161116,master.20161116.idx,before_handoff,listed_source_pending,
2016Q4,SEC-0108,https://www.sec.gov/Archives/edgar/daily-index/2016/QTR4/master.20161117.idx,20161117,master.20161117.idx,before_handoff,listed_source_pending,
2016Q4,SEC-0108,https://www.sec.gov/Archives/edgar/daily-index/2016/QTR4/master.20161118.idx,20161118,master.20161118.idx,before_handoff,listed_source_pending,
2016Q4,SEC-0108,https://www.sec.gov/Archives/edgar/daily-index/2016/QTR4/master.20161121.idx,20161121,master.20161121.idx,before_handoff,listed_source_pending,
2016Q4,SEC-0108,https://www.sec.gov/Archives/edgar/daily-index/2016/QTR4/master.20161122.idx,20161122,master.20161122.idx,before_handoff,listed_source_pending,
2016Q4,SEC-0108,https://www.sec.gov/Archives/edgar/daily-index/2016/QTR4/master.20161123.idx,20161123,master.20161123.idx,before_handoff,listed_source_pending,
2016Q4,SEC-0108,https://www.sec.gov/Archives/edgar/daily-index/2016/QTR4/master.20161125.idx,20161125,master.20161125.idx,before_handoff,listed_source_pending,
2016Q4,SEC-0108,https://www.sec.gov/Archives/edgar/daily-index/2016/QTR4/master.20161128.idx,20161128,master.20161128.idx,before_handoff,listed_source_pending,
2016Q4,SEC-0108,https://www.sec.gov/Archives/edgar/daily-index/2016/QTR4/master.20161129.idx,20161129,master.20161129.idx,before_handoff,listed_source_pending,
2016Q4,SEC-0108,https://www.sec.gov/Archives/edgar/daily-index/2016/QTR4/master.20161130.idx,20161130,master.20161130.idx,before_handoff,listed_source_pending,
2016Q4,SEC-0108,https://www.sec.gov/Archives/edgar/daily-index/2016/QTR4/master.20161201.idx,20161201,master.20161201.idx,before_handoff,listed_source_pending,
2016Q4,SEC-0108,https://www.sec.gov/Archives/edgar/daily-index/2016/QTR4/master.20161202.idx,20161202,master.20161202.idx,before_handoff,listed_source_pending,
2016Q4,SEC-0108,https://www.sec.gov/Archives/edgar/daily-index/2016/QTR4/master.20161205.idx,20161205,master.20161205.idx,before_handoff,listed_source_pending,
2016Q4,SEC-0108,https://www.sec.gov/Archives/edgar/daily-index/2016/QTR4/master.20161206.idx,20161206,master.20161206.idx,before_handoff,listed_source_pending,
2016Q4,SEC-0108,https://www.sec.gov/Archives/edgar/daily-index/2016/QTR4/master.20161207.idx,20161207,master.20161207.idx,before_handoff,listed_source_pending,
2016Q4,SEC-0108,https://www.sec.gov/Archives/edgar/daily-index/2016/QTR4/master.20161208.idx,20161208,master.20161208.idx,before_handoff,listed_source_pending,
2016Q4,SEC-0108,https://www.sec.gov/Archives/edgar/daily-index/2016/QTR4/master.20161209.idx,20161209,master.20161209.idx,before_handoff,listed_source_pending,
2016Q4,SEC-0108,https://www.sec.gov/Archives/edgar/daily-index/2016/QTR4/master.20161212.idx,20161212,master.20161212.idx,before_handoff,listed_source_pending,
2016Q4,SEC-0108,https://www.sec.gov/Archives/edgar/daily-index/2016/QTR4/master.20161213.idx,20161213,master.20161213.idx,before_handoff,listed_source_pending,
2016Q4,SEC-0108,https://www.sec.gov/Archives/edgar/daily-index/2016/QTR4/master.20161214.idx,20161214,master.20161214.idx,before_handoff,listed_source_pending,
2016Q4,SEC-0108,https://www.sec.gov/Archives/edgar/daily-index/2016/QTR4/master.20161215.idx,20161215,master.20161215.idx,before_handoff,listed_source_pending,
2016Q4,SEC-0108,https://www.sec.gov/Archives/edgar/daily-index/2016/QTR4/master.20161216.idx,20161216,master.20161216.idx,before_handoff,listed_source_pending,
2016Q4,SEC-0108,https://www.sec.gov/Archives/edgar/daily-index/2016/QTR4/master.20161219.idx,20161219,master.20161219.idx,before_handoff,listed_source_pending,
2016Q4,SEC-0108,https://www.sec.gov/Archives/edgar/daily-index/2016/QTR4/master.20161220.idx,20161220,master.20161220.idx,before_handoff,listed_source_pending,
2016Q4,SEC-0108,https://www.sec.gov/Archives/edgar/daily-index/2016/QTR4/master.20161221.idx,20161221,master.20161221.idx,before_handoff,listed_source_pending,
2016Q4,SEC-0108,https://www.sec.gov/Archives/edgar/daily-index/2016/QTR4/master.20161222.idx,20161222,master.20161222.idx,before_handoff,listed_source_pending,
2016Q4,SEC-0108,https://www.sec.gov/Archives/edgar/daily-index/2016/QTR4/master.20161223.idx,20161223,master.20161223.idx,before_handoff,listed_source_pending,
2016Q4,SEC-0108,https://www.sec.gov/Archives/edgar/daily-index/2016/QTR4/master.20161227.idx,20161227,master.20161227.idx,before_handoff,listed_source_pending,
2016Q4,SEC-0108,https://www.sec.gov/Archives/edgar/daily-index/2016/QTR4/master.20161228.idx,20161228,master.20161228.idx,before_handoff,listed_source_pending,
2016Q4,SEC-0108,https://www.sec.gov/Archives/edgar/daily-index/2016/QTR4/master.20161229.idx,20161229,master.20161229.idx,before_handoff,listed_source_pending,
2016Q4,SEC-0108,https://www.sec.gov/Archives/edgar/daily-index/2016/QTR4/master.20161230.idx,20161230,master.20161230.idx,before_handoff,listed_source_pending,
2017,SEC-0109,https://www.sec.gov/Archives/edgar/daily-index/2017/index.json,,year_summary,Historical boundary,available,
2017Q1,SEC-0110,https://www.sec.gov/Archives/edgar/daily-index/2017/QTR1/index.json,,directory_summary,historical/preceding,available,
2017Q1,SEC-0110,https://www.sec.gov/Archives/edgar/daily-index/2017/QTR1/master.20170103.idx,20170103,master.20170103.idx,before_handoff,listed_source_pending,
2017Q1,SEC-0110,https://www.sec.gov/Archives/edgar/daily-index/2017/QTR1/master.20170104.idx,20170104,master.20170104.idx,before_handoff,listed_source_pending,
2017Q1,SEC-0110,https://www.sec.gov/Archives/edgar/daily-index/2017/QTR1/master.20170105.idx,20170105,master.20170105.idx,before_handoff,listed_source_pending,
2017Q1,SEC-0110,https://www.sec.gov/Archives/edgar/daily-index/2017/QTR1/master.20170106.idx,20170106,master.20170106.idx,before_handoff,listed_source_pending,
2017Q1,SEC-0110,https://www.sec.gov/Archives/edgar/daily-index/2017/QTR1/master.20170109.idx,20170109,master.20170109.idx,before_handoff,listed_source_pending,
2017Q1,SEC-0110,https://www.sec.gov/Archives/edgar/daily-index/2017/QTR1/master.20170110.idx,20170110,master.20170110.idx,before_handoff,listed_source_pending,
2017Q1,SEC-0110,https://www.sec.gov/Archives/edgar/daily-index/2017/QTR1/master.20170111.idx,20170111,master.20170111.idx,before_handoff,listed_source_pending,
2017Q1,SEC-0110,https://www.sec.gov/Archives/edgar/daily-index/2017/QTR1/master.20170112.idx,20170112,master.20170112.idx,before_handoff,listed_source_pending,
2017Q1,SEC-0110,https://www.sec.gov/Archives/edgar/daily-index/2017/QTR1/master.20170113.idx,20170113,master.20170113.idx,before_handoff,listed_source_pending,
2017Q1,SEC-0110,https://www.sec.gov/Archives/edgar/daily-index/2017/QTR1/master.20170117.idx,20170117,master.20170117.idx,before_handoff,listed_source_pending,
2017Q1,SEC-0110,https://www.sec.gov/Archives/edgar/daily-index/2017/QTR1/master.20170118.idx,20170118,master.20170118.idx,before_handoff,listed_source_pending,
2017Q1,SEC-0110,https://www.sec.gov/Archives/edgar/daily-index/2017/QTR1/master.20170119.idx,20170119,master.20170119.idx,before_handoff,listed_source_pending,
2017Q1,SEC-0110,https://www.sec.gov/Archives/edgar/daily-index/2017/QTR1/master.20170120.idx,20170120,master.20170120.idx,before_handoff,listed_source_pending,
2017Q1,SEC-0110,https://www.sec.gov/Archives/edgar/daily-index/2017/QTR1/master.20170123.idx,20170123,master.20170123.idx,before_handoff,listed_source_pending,
2017Q1,SEC-0110,https://www.sec.gov/Archives/edgar/daily-index/2017/QTR1/master.20170124.idx,20170124,master.20170124.idx,before_handoff,listed_source_pending,
2017Q1,SEC-0110,https://www.sec.gov/Archives/edgar/daily-index/2017/QTR1/master.20170125.idx,20170125,master.20170125.idx,before_handoff,listed_source_pending,
2017Q1,SEC-0110,https://www.sec.gov/Archives/edgar/daily-index/2017/QTR1/master.20170126.idx,20170126,master.20170126.idx,before_handoff,listed_source_pending,
2017Q1,SEC-0110,https://www.sec.gov/Archives/edgar/daily-index/2017/QTR1/master.20170127.idx,20170127,master.20170127.idx,before_handoff,listed_source_pending,
2017Q1,SEC-0110,https://www.sec.gov/Archives/edgar/daily-index/2017/QTR1/master.20170130.idx,20170130,master.20170130.idx,before_handoff,listed_source_pending,
2017Q1,SEC-0110,https://www.sec.gov/Archives/edgar/daily-index/2017/QTR1/master.20170131.idx,20170131,master.20170131.idx,before_handoff,listed_source_pending,
2017Q1,SEC-0110,https://www.sec.gov/Archives/edgar/daily-index/2017/QTR1/master.20170201.idx,20170201,master.20170201.idx,before_handoff,listed_source_pending,
2017Q1,SEC-0110,https://www.sec.gov/Archives/edgar/daily-index/2017/QTR1/master.20170202.idx,20170202,master.20170202.idx,before_handoff,listed_source_pending,
2017Q1,SEC-0110,https://www.sec.gov/Archives/edgar/daily-index/2017/QTR1/master.20170203.idx,20170203,master.20170203.idx,before_handoff,listed_source_pending,
2017Q1,SEC-0110,https://www.sec.gov/Archives/edgar/daily-index/2017/QTR1/master.20170206.idx,20170206,master.20170206.idx,before_handoff,listed_source_pending,
2017Q1,SEC-0110,https://www.sec.gov/Archives/edgar/daily-index/2017/QTR1/master.20170207.idx,20170207,master.20170207.idx,before_handoff,listed_source_pending,
2017Q1,SEC-0110,https://www.sec.gov/Archives/edgar/daily-index/2017/QTR1/master.20170208.idx,20170208,master.20170208.idx,before_handoff,listed_source_pending,
2017Q1,SEC-0110,https://www.sec.gov/Archives/edgar/daily-index/2017/QTR1/master.20170209.idx,20170209,master.20170209.idx,before_handoff,listed_source_pending,
2017Q1,SEC-0110,https://www.sec.gov/Archives/edgar/daily-index/2017/QTR1/master.20170210.idx,20170210,master.20170210.idx,before_handoff,listed_source_pending,
2017Q1,SEC-0110,https://www.sec.gov/Archives/edgar/daily-index/2017/QTR1/master.20170213.idx,20170213,master.20170213.idx,before_handoff,listed_source_pending,
2017Q1,SEC-0110,https://www.sec.gov/Archives/edgar/daily-index/2017/QTR1/master.20170214.idx,20170214,master.20170214.idx,before_handoff,listed_source_pending,
2017Q1,SEC-0110,https://www.sec.gov/Archives/edgar/daily-index/2017/QTR1/master.20170215.idx,20170215,master.20170215.idx,before_handoff,listed_source_pending,
2017Q1,SEC-0110,https://www.sec.gov/Archives/edgar/daily-index/2017/QTR1/master.20170216.idx,20170216,master.20170216.idx,before_handoff,listed_source_pending,
2017Q1,SEC-0110,https://www.sec.gov/Archives/edgar/daily-index/2017/QTR1/master.20170217.idx,20170217,master.20170217.idx,before_handoff,listed_source_pending,
2017Q1,SEC-0110,https://www.sec.gov/Archives/edgar/daily-index/2017/QTR1/master.20170221.idx,20170221,master.20170221.idx,before_handoff,listed_source_pending,
2017Q1,SEC-0110,https://www.sec.gov/Archives/edgar/daily-index/2017/QTR1/master.20170222.idx,20170222,master.20170222.idx,before_handoff,listed_source_pending,
2017Q1,SEC-0110,https://www.sec.gov/Archives/edgar/daily-index/2017/QTR1/master.20170223.idx,20170223,master.20170223.idx,before_handoff,listed_source_pending,
2017Q1,SEC-0110,https://www.sec.gov/Archives/edgar/daily-index/2017/QTR1/master.20170224.idx,20170224,master.20170224.idx,before_handoff,listed_source_pending,
2017Q1,SEC-0110,https://www.sec.gov/Archives/edgar/daily-index/2017/QTR1/master.20170227.idx,20170227,master.20170227.idx,before_handoff,listed_source_pending,
2017Q1,SEC-0110,https://www.sec.gov/Archives/edgar/daily-index/2017/QTR1/master.20170228.idx,20170228,master.20170228.idx,before_handoff,listed_source_pending,
2017Q1,SEC-0110,https://www.sec.gov/Archives/edgar/daily-index/2017/QTR1/master.20170301.idx,20170301,master.20170301.idx,before_handoff,listed_source_pending,
2017Q1,SEC-0110,https://www.sec.gov/Archives/edgar/daily-index/2017/QTR1/master.20170302.idx,20170302,master.20170302.idx,before_handoff,listed_source_pending,
2017Q1,SEC-0110,https://www.sec.gov/Archives/edgar/daily-index/2017/QTR1/master.20170303.idx,20170303,master.20170303.idx,before_handoff,listed_source_pending,
2017Q1,SEC-0110,https://www.sec.gov/Archives/edgar/daily-index/2017/QTR1/master.20170306.idx,20170306,master.20170306.idx,before_handoff,listed_source_pending,
2017Q1,SEC-0110,https://www.sec.gov/Archives/edgar/daily-index/2017/QTR1/master.20170307.idx,20170307,master.20170307.idx,before_handoff,listed_source_pending,
2017Q1,SEC-0110,https://www.sec.gov/Archives/edgar/daily-index/2017/QTR1/master.20170308.idx,20170308,master.20170308.idx,before_handoff,listed_source_pending,
2017Q1,SEC-0110,https://www.sec.gov/Archives/edgar/daily-index/2017/QTR1/master.20170309.idx,20170309,master.20170309.idx,before_handoff,listed_source_pending,
2017Q1,SEC-0110,https://www.sec.gov/Archives/edgar/daily-index/2017/QTR1/master.20170310.idx,20170310,master.20170310.idx,before_handoff,listed_source_pending,
2017Q1,SEC-0110,https://www.sec.gov/Archives/edgar/daily-index/2017/QTR1/master.20170313.idx,20170313,master.20170313.idx,before_handoff,listed_source_pending,
2017Q1,SEC-0110,https://www.sec.gov/Archives/edgar/daily-index/2017/QTR1/master.20170314.idx,20170314,master.20170314.idx,before_handoff,listed_source_pending,
2017Q1,SEC-0110,https://www.sec.gov/Archives/edgar/daily-index/2017/QTR1/master.20170315.idx,20170315,master.20170315.idx,before_handoff,listed_source_pending,
2017Q1,SEC-0110,https://www.sec.gov/Archives/edgar/daily-index/2017/QTR1/master.20170316.idx,20170316,master.20170316.idx,before_handoff,listed_source_pending,
2017Q1,SEC-0110,https://www.sec.gov/Archives/edgar/daily-index/2017/QTR1/master.20170317.idx,20170317,master.20170317.idx,before_handoff,listed_source_pending,
2017Q1,SEC-0110,https://www.sec.gov/Archives/edgar/daily-index/2017/QTR1/master.20170320.idx,20170320,master.20170320.idx,before_handoff,listed_source_pending,
2017Q1,SEC-0110,https://www.sec.gov/Archives/edgar/daily-index/2017/QTR1/master.20170321.idx,20170321,master.20170321.idx,before_handoff,listed_source_pending,
2017Q1,SEC-0110,https://www.sec.gov/Archives/edgar/daily-index/2017/QTR1/master.20170322.idx,20170322,master.20170322.idx,before_handoff,listed_source_pending,
2017Q1,SEC-0110,https://www.sec.gov/Archives/edgar/daily-index/2017/QTR1/master.20170323.idx,20170323,master.20170323.idx,before_handoff,listed_source_pending,
2017Q1,SEC-0110,https://www.sec.gov/Archives/edgar/daily-index/2017/QTR1/master.20170324.idx,20170324,master.20170324.idx,before_handoff,listed_source_pending,
2017Q1,SEC-0110,https://www.sec.gov/Archives/edgar/daily-index/2017/QTR1/master.20170327.idx,20170327,master.20170327.idx,before_handoff,listed_source_pending,
2017Q1,SEC-0110,https://www.sec.gov/Archives/edgar/daily-index/2017/QTR1/master.20170328.idx,20170328,master.20170328.idx,before_handoff,listed_source_pending,
2017Q1,SEC-0110,https://www.sec.gov/Archives/edgar/daily-index/2017/QTR1/master.20170329.idx,20170329,master.20170329.idx,before_handoff,listed_source_pending,
2017Q1,SEC-0110,https://www.sec.gov/Archives/edgar/daily-index/2017/QTR1/master.20170330.idx,20170330,master.20170330.idx,before_handoff,listed_source_pending,
2017Q1,SEC-0110,https://www.sec.gov/Archives/edgar/daily-index/2017/QTR1/master.20170331.idx,20170331,master.20170331.idx,before_handoff,listed_source_pending,
2017Q2,SEC-0109,https://www.sec.gov/Archives/edgar/daily-index/2017/QTR2/index.json,,directory_summary,Historical boundary,listed_uninspected,GAP-D-2017Q2
2017Q3,SEC-0109,https://www.sec.gov/Archives/edgar/daily-index/2017/QTR3/index.json,,directory_summary,Historical boundary,listed_uninspected,GAP-D-2017Q3
2017Q4,SEC-0111,https://www.sec.gov/Archives/edgar/daily-index/2017/QTR4/index.json,,directory_summary,historical/preceding,available,
2017Q4,SEC-0111,https://www.sec.gov/Archives/edgar/daily-index/2017/QTR4/master.20171002.idx,20171002,master.20171002.idx,before_handoff,listed_source_pending,
2017Q4,SEC-0111,https://www.sec.gov/Archives/edgar/daily-index/2017/QTR4/master.20171003.idx,20171003,master.20171003.idx,before_handoff,listed_source_pending,
2017Q4,SEC-0111,https://www.sec.gov/Archives/edgar/daily-index/2017/QTR4/master.20171004.idx,20171004,master.20171004.idx,before_handoff,listed_source_pending,
2017Q4,SEC-0111,https://www.sec.gov/Archives/edgar/daily-index/2017/QTR4/master.20171005.idx,20171005,master.20171005.idx,before_handoff,listed_source_pending,
2017Q4,SEC-0111,https://www.sec.gov/Archives/edgar/daily-index/2017/QTR4/master.20171006.idx,20171006,master.20171006.idx,before_handoff,listed_source_pending,
2017Q4,SEC-0111,https://www.sec.gov/Archives/edgar/daily-index/2017/QTR4/master.20171010.idx,20171010,master.20171010.idx,before_handoff,listed_source_pending,
2017Q4,SEC-0111,https://www.sec.gov/Archives/edgar/daily-index/2017/QTR4/master.20171011.idx,20171011,master.20171011.idx,before_handoff,listed_source_pending,
2017Q4,SEC-0111,https://www.sec.gov/Archives/edgar/daily-index/2017/QTR4/master.20171012.idx,20171012,master.20171012.idx,before_handoff,listed_source_pending,
2017Q4,SEC-0111,https://www.sec.gov/Archives/edgar/daily-index/2017/QTR4/master.20171013.idx,20171013,master.20171013.idx,before_handoff,listed_source_pending,
2017Q4,SEC-0111,https://www.sec.gov/Archives/edgar/daily-index/2017/QTR4/master.20171016.idx,20171016,master.20171016.idx,before_handoff,listed_source_pending,
2017Q4,SEC-0111,https://www.sec.gov/Archives/edgar/daily-index/2017/QTR4/master.20171017.idx,20171017,master.20171017.idx,before_handoff,listed_source_pending,
2017Q4,SEC-0111,https://www.sec.gov/Archives/edgar/daily-index/2017/QTR4/master.20171018.idx,20171018,master.20171018.idx,before_handoff,listed_source_pending,
2017Q4,SEC-0111,https://www.sec.gov/Archives/edgar/daily-index/2017/QTR4/master.20171019.idx,20171019,master.20171019.idx,before_handoff,listed_source_pending,
2017Q4,SEC-0111,https://www.sec.gov/Archives/edgar/daily-index/2017/QTR4/master.20171020.idx,20171020,master.20171020.idx,before_handoff,listed_source_pending,
2017Q4,SEC-0111,https://www.sec.gov/Archives/edgar/daily-index/2017/QTR4/master.20171023.idx,20171023,master.20171023.idx,before_handoff,listed_source_pending,
2017Q4,SEC-0111,https://www.sec.gov/Archives/edgar/daily-index/2017/QTR4/master.20171024.idx,20171024,master.20171024.idx,before_handoff,listed_source_pending,
2017Q4,SEC-0111,https://www.sec.gov/Archives/edgar/daily-index/2017/QTR4/master.20171025.idx,20171025,master.20171025.idx,before_handoff,listed_source_pending,
2017Q4,SEC-0111,https://www.sec.gov/Archives/edgar/daily-index/2017/QTR4/master.20171026.idx,20171026,master.20171026.idx,before_handoff,listed_source_pending,
2017Q4,SEC-0111,https://www.sec.gov/Archives/edgar/daily-index/2017/QTR4/master.20171027.idx,20171027,master.20171027.idx,before_handoff,listed_source_pending,
2017Q4,SEC-0111,https://www.sec.gov/Archives/edgar/daily-index/2017/QTR4/master.20171030.idx,20171030,master.20171030.idx,before_handoff,listed_source_pending,
2017Q4,SEC-0111,https://www.sec.gov/Archives/edgar/daily-index/2017/QTR4/master.20171031.idx,20171031,master.20171031.idx,before_handoff,listed_source_pending,
2017Q4,SEC-0111,https://www.sec.gov/Archives/edgar/daily-index/2017/QTR4/master.20171101.idx,20171101,master.20171101.idx,before_handoff,listed_source_pending,
2017Q4,SEC-0111,https://www.sec.gov/Archives/edgar/daily-index/2017/QTR4/master.20171102.idx,20171102,master.20171102.idx,before_handoff,listed_source_pending,
2017Q4,SEC-0111,https://www.sec.gov/Archives/edgar/daily-index/2017/QTR4/master.20171103.idx,20171103,master.20171103.idx,before_handoff,listed_source_pending,
2017Q4,SEC-0111,https://www.sec.gov/Archives/edgar/daily-index/2017/QTR4/master.20171106.idx,20171106,master.20171106.idx,before_handoff,listed_source_pending,
2017Q4,SEC-0111,https://www.sec.gov/Archives/edgar/daily-index/2017/QTR4/master.20171107.idx,20171107,master.20171107.idx,before_handoff,listed_source_pending,
2017Q4,SEC-0111,https://www.sec.gov/Archives/edgar/daily-index/2017/QTR4/master.20171108.idx,20171108,master.20171108.idx,before_handoff,listed_source_pending,
2017Q4,SEC-0111,https://www.sec.gov/Archives/edgar/daily-index/2017/QTR4/master.20171109.idx,20171109,master.20171109.idx,before_handoff,listed_source_pending,
2017Q4,SEC-0111,https://www.sec.gov/Archives/edgar/daily-index/2017/QTR4/master.20171113.idx,20171113,master.20171113.idx,before_handoff,listed_source_pending,
2017Q4,SEC-0111,https://www.sec.gov/Archives/edgar/daily-index/2017/QTR4/master.20171114.idx,20171114,master.20171114.idx,before_handoff,listed_source_pending,
2017Q4,SEC-0111,https://www.sec.gov/Archives/edgar/daily-index/2017/QTR4/master.20171115.idx,20171115,master.20171115.idx,before_handoff,listed_source_pending,
2017Q4,SEC-0111,https://www.sec.gov/Archives/edgar/daily-index/2017/QTR4/master.20171116.idx,20171116,master.20171116.idx,before_handoff,listed_source_pending,
2017Q4,SEC-0111,https://www.sec.gov/Archives/edgar/daily-index/2017/QTR4/master.20171117.idx,20171117,master.20171117.idx,before_handoff,listed_source_pending,
2017Q4,SEC-0111,https://www.sec.gov/Archives/edgar/daily-index/2017/QTR4/master.20171120.idx,20171120,master.20171120.idx,before_handoff,listed_source_pending,
2017Q4,SEC-0111,https://www.sec.gov/Archives/edgar/daily-index/2017/QTR4/master.20171121.idx,20171121,master.20171121.idx,before_handoff,listed_source_pending,
2017Q4,SEC-0111,https://www.sec.gov/Archives/edgar/daily-index/2017/QTR4/master.20171122.idx,20171122,master.20171122.idx,before_handoff,listed_source_pending,
2017Q4,SEC-0111,https://www.sec.gov/Archives/edgar/daily-index/2017/QTR4/master.20171124.idx,20171124,master.20171124.idx,before_handoff,listed_source_pending,
2017Q4,SEC-0111,https://www.sec.gov/Archives/edgar/daily-index/2017/QTR4/master.20171127.idx,20171127,master.20171127.idx,before_handoff,listed_source_pending,
2017Q4,SEC-0111,https://www.sec.gov/Archives/edgar/daily-index/2017/QTR4/master.20171128.idx,20171128,master.20171128.idx,before_handoff,listed_source_pending,
2017Q4,SEC-0111,https://www.sec.gov/Archives/edgar/daily-index/2017/QTR4/master.20171129.idx,20171129,master.20171129.idx,before_handoff,listed_source_pending,
2017Q4,SEC-0111,https://www.sec.gov/Archives/edgar/daily-index/2017/QTR4/master.20171130.idx,20171130,master.20171130.idx,before_handoff,listed_source_pending,
2017Q4,SEC-0111,https://www.sec.gov/Archives/edgar/daily-index/2017/QTR4/master.20171201.idx,20171201,master.20171201.idx,before_handoff,listed_source_pending,
2017Q4,SEC-0111,https://www.sec.gov/Archives/edgar/daily-index/2017/QTR4/master.20171204.idx,20171204,master.20171204.idx,before_handoff,listed_source_pending,
2017Q4,SEC-0111,https://www.sec.gov/Archives/edgar/daily-index/2017/QTR4/master.20171205.idx,20171205,master.20171205.idx,before_handoff,listed_source_pending,
2017Q4,SEC-0111,https://www.sec.gov/Archives/edgar/daily-index/2017/QTR4/master.20171206.idx,20171206,master.20171206.idx,before_handoff,listed_source_pending,
2017Q4,SEC-0111,https://www.sec.gov/Archives/edgar/daily-index/2017/QTR4/master.20171207.idx,20171207,master.20171207.idx,before_handoff,listed_source_pending,
2017Q4,SEC-0111,https://www.sec.gov/Archives/edgar/daily-index/2017/QTR4/master.20171208.idx,20171208,master.20171208.idx,before_handoff,listed_source_pending,
2017Q4,SEC-0111,https://www.sec.gov/Archives/edgar/daily-index/2017/QTR4/master.20171211.idx,20171211,master.20171211.idx,before_handoff,listed_source_pending,
2017Q4,SEC-0111,https://www.sec.gov/Archives/edgar/daily-index/2017/QTR4/master.20171212.idx,20171212,master.20171212.idx,before_handoff,listed_source_pending,
2017Q4,SEC-0111,https://www.sec.gov/Archives/edgar/daily-index/2017/QTR4/master.20171213.idx,20171213,master.20171213.idx,before_handoff,listed_source_pending,
2017Q4,SEC-0111,https://www.sec.gov/Archives/edgar/daily-index/2017/QTR4/master.20171214.idx,20171214,master.20171214.idx,before_handoff,listed_source_pending,
2017Q4,SEC-0111,https://www.sec.gov/Archives/edgar/daily-index/2017/QTR4/master.20171215.idx,20171215,master.20171215.idx,before_handoff,listed_source_pending,
2017Q4,SEC-0111,https://www.sec.gov/Archives/edgar/daily-index/2017/QTR4/master.20171218.idx,20171218,master.20171218.idx,before_handoff,listed_source_pending,
2017Q4,SEC-0111,https://www.sec.gov/Archives/edgar/daily-index/2017/QTR4/master.20171219.idx,20171219,master.20171219.idx,before_handoff,listed_source_pending,
2017Q4,SEC-0111,https://www.sec.gov/Archives/edgar/daily-index/2017/QTR4/master.20171220.idx,20171220,master.20171220.idx,before_handoff,listed_source_pending,
2017Q4,SEC-0111,https://www.sec.gov/Archives/edgar/daily-index/2017/QTR4/master.20171221.idx,20171221,master.20171221.idx,before_handoff,listed_source_pending,
2017Q4,SEC-0111,https://www.sec.gov/Archives/edgar/daily-index/2017/QTR4/master.20171222.idx,20171222,master.20171222.idx,before_handoff,listed_source_pending,
2017Q4,SEC-0111,https://www.sec.gov/Archives/edgar/daily-index/2017/QTR4/master.20171226.idx,20171226,master.20171226.idx,before_handoff,listed_source_pending,
2017Q4,SEC-0111,https://www.sec.gov/Archives/edgar/daily-index/2017/QTR4/master.20171227.idx,20171227,master.20171227.idx,before_handoff,listed_source_pending,
2017Q4,SEC-0111,https://www.sec.gov/Archives/edgar/daily-index/2017/QTR4/master.20171228.idx,20171228,master.20171228.idx,before_handoff,listed_source_pending,
2017Q4,SEC-0111,https://www.sec.gov/Archives/edgar/daily-index/2017/QTR4/master.20171229.idx,20171229,master.20171229.idx,before_handoff,listed_source_pending,
2018,SEC-0112,https://www.sec.gov/Archives/edgar/daily-index/2018/index.json,,year_summary,Historical boundary,available,
2018Q1,SEC-0113,https://www.sec.gov/Archives/edgar/daily-index/2018/QTR1/index.json,,directory_summary,historical/preceding,available,
2018Q1,SEC-0113,https://www.sec.gov/Archives/edgar/daily-index/2018/QTR1/master.20180102.idx,20180102,master.20180102.idx,before_handoff,listed_source_pending,
2018Q1,SEC-0113,https://www.sec.gov/Archives/edgar/daily-index/2018/QTR1/master.20180103.idx,20180103,master.20180103.idx,before_handoff,listed_source_pending,
2018Q1,SEC-0113,https://www.sec.gov/Archives/edgar/daily-index/2018/QTR1/master.20180104.idx,20180104,master.20180104.idx,before_handoff,listed_source_pending,
2018Q1,SEC-0113,https://www.sec.gov/Archives/edgar/daily-index/2018/QTR1/master.20180105.idx,20180105,master.20180105.idx,before_handoff,listed_source_pending,
2018Q1,SEC-0113,https://www.sec.gov/Archives/edgar/daily-index/2018/QTR1/master.20180108.idx,20180108,master.20180108.idx,before_handoff,listed_source_pending,
2018Q1,SEC-0113,https://www.sec.gov/Archives/edgar/daily-index/2018/QTR1/master.20180109.idx,20180109,master.20180109.idx,before_handoff,listed_source_pending,
2018Q1,SEC-0113,https://www.sec.gov/Archives/edgar/daily-index/2018/QTR1/master.20180110.idx,20180110,master.20180110.idx,before_handoff,listed_source_pending,
2018Q1,SEC-0113,https://www.sec.gov/Archives/edgar/daily-index/2018/QTR1/master.20180111.idx,20180111,master.20180111.idx,before_handoff,listed_source_pending,
2018Q1,SEC-0113,https://www.sec.gov/Archives/edgar/daily-index/2018/QTR1/master.20180112.idx,20180112,master.20180112.idx,before_handoff,listed_source_pending,
2018Q1,SEC-0113,https://www.sec.gov/Archives/edgar/daily-index/2018/QTR1/master.20180116.idx,20180116,master.20180116.idx,before_handoff,listed_source_pending,
2018Q1,SEC-0113,https://www.sec.gov/Archives/edgar/daily-index/2018/QTR1/master.20180117.idx,20180117,master.20180117.idx,before_handoff,listed_source_pending,
2018Q1,SEC-0113,https://www.sec.gov/Archives/edgar/daily-index/2018/QTR1/master.20180118.idx,20180118,master.20180118.idx,before_handoff,listed_source_pending,
2018Q1,SEC-0113,https://www.sec.gov/Archives/edgar/daily-index/2018/QTR1/master.20180119.idx,20180119,master.20180119.idx,before_handoff,listed_source_pending,
2018Q1,SEC-0113,https://www.sec.gov/Archives/edgar/daily-index/2018/QTR1/master.20180122.idx,20180122,master.20180122.idx,before_handoff,listed_source_pending,
2018Q1,SEC-0113,https://www.sec.gov/Archives/edgar/daily-index/2018/QTR1/master.20180123.idx,20180123,master.20180123.idx,before_handoff,listed_source_pending,
2018Q1,SEC-0113,https://www.sec.gov/Archives/edgar/daily-index/2018/QTR1/master.20180124.idx,20180124,master.20180124.idx,before_handoff,listed_source_pending,
2018Q1,SEC-0113,https://www.sec.gov/Archives/edgar/daily-index/2018/QTR1/master.20180125.idx,20180125,master.20180125.idx,before_handoff,listed_source_pending,
2018Q1,SEC-0113,https://www.sec.gov/Archives/edgar/daily-index/2018/QTR1/master.20180126.idx,20180126,master.20180126.idx,before_handoff,listed_source_pending,
2018Q1,SEC-0113,https://www.sec.gov/Archives/edgar/daily-index/2018/QTR1/master.20180129.idx,20180129,master.20180129.idx,before_handoff,listed_source_pending,
2018Q1,SEC-0113,https://www.sec.gov/Archives/edgar/daily-index/2018/QTR1/master.20180130.idx,20180130,master.20180130.idx,before_handoff,listed_source_pending,
2018Q1,SEC-0113,https://www.sec.gov/Archives/edgar/daily-index/2018/QTR1/master.20180131.idx,20180131,master.20180131.idx,before_handoff,listed_source_pending,
2018Q1,SEC-0113,https://www.sec.gov/Archives/edgar/daily-index/2018/QTR1/master.20180201.idx,20180201,master.20180201.idx,before_handoff,listed_source_pending,
2018Q1,SEC-0113,https://www.sec.gov/Archives/edgar/daily-index/2018/QTR1/master.20180202.idx,20180202,master.20180202.idx,before_handoff,listed_source_pending,
2018Q1,SEC-0113,https://www.sec.gov/Archives/edgar/daily-index/2018/QTR1/master.20180205.idx,20180205,master.20180205.idx,before_handoff,listed_source_pending,
2018Q1,SEC-0113,https://www.sec.gov/Archives/edgar/daily-index/2018/QTR1/master.20180206.idx,20180206,master.20180206.idx,before_handoff,listed_source_pending,
2018Q1,SEC-0113,https://www.sec.gov/Archives/edgar/daily-index/2018/QTR1/master.20180207.idx,20180207,master.20180207.idx,before_handoff,listed_source_pending,
2018Q1,SEC-0113,https://www.sec.gov/Archives/edgar/daily-index/2018/QTR1/master.20180208.idx,20180208,master.20180208.idx,before_handoff,listed_source_pending,
2018Q1,SEC-0113,https://www.sec.gov/Archives/edgar/daily-index/2018/QTR1/master.20180209.idx,20180209,master.20180209.idx,before_handoff,listed_source_pending,
2018Q1,SEC-0113,https://www.sec.gov/Archives/edgar/daily-index/2018/QTR1/master.20180212.idx,20180212,master.20180212.idx,before_handoff,listed_source_pending,
2018Q1,SEC-0113,https://www.sec.gov/Archives/edgar/daily-index/2018/QTR1/master.20180213.idx,20180213,master.20180213.idx,before_handoff,listed_source_pending,
2018Q1,SEC-0113,https://www.sec.gov/Archives/edgar/daily-index/2018/QTR1/master.20180214.idx,20180214,master.20180214.idx,before_handoff,listed_source_pending,
2018Q1,SEC-0113,https://www.sec.gov/Archives/edgar/daily-index/2018/QTR1/master.20180215.idx,20180215,master.20180215.idx,before_handoff,listed_source_pending,
2018Q1,SEC-0113,https://www.sec.gov/Archives/edgar/daily-index/2018/QTR1/master.20180216.idx,20180216,master.20180216.idx,before_handoff,listed_source_pending,
2018Q1,SEC-0113,https://www.sec.gov/Archives/edgar/daily-index/2018/QTR1/master.20180220.idx,20180220,master.20180220.idx,before_handoff,listed_source_pending,
2018Q1,SEC-0113,https://www.sec.gov/Archives/edgar/daily-index/2018/QTR1/master.20180221.idx,20180221,master.20180221.idx,before_handoff,listed_source_pending,
2018Q1,SEC-0113,https://www.sec.gov/Archives/edgar/daily-index/2018/QTR1/master.20180222.idx,20180222,master.20180222.idx,before_handoff,listed_source_pending,
2018Q1,SEC-0113,https://www.sec.gov/Archives/edgar/daily-index/2018/QTR1/master.20180223.idx,20180223,master.20180223.idx,before_handoff,listed_source_pending,
2018Q1,SEC-0113,https://www.sec.gov/Archives/edgar/daily-index/2018/QTR1/master.20180226.idx,20180226,master.20180226.idx,before_handoff,listed_source_pending,
2018Q1,SEC-0113,https://www.sec.gov/Archives/edgar/daily-index/2018/QTR1/master.20180227.idx,20180227,master.20180227.idx,before_handoff,listed_source_pending,
2018Q1,SEC-0113,https://www.sec.gov/Archives/edgar/daily-index/2018/QTR1/master.20180228.idx,20180228,master.20180228.idx,before_handoff,listed_source_pending,
2018Q1,SEC-0113,https://www.sec.gov/Archives/edgar/daily-index/2018/QTR1/master.20180301.idx,20180301,master.20180301.idx,before_handoff,listed_source_pending,
2018Q1,SEC-0113,https://www.sec.gov/Archives/edgar/daily-index/2018/QTR1/master.20180302.idx,20180302,master.20180302.idx,before_handoff,listed_source_pending,
2018Q1,SEC-0113,https://www.sec.gov/Archives/edgar/daily-index/2018/QTR1/master.20180305.idx,20180305,master.20180305.idx,before_handoff,listed_source_pending,
2018Q1,SEC-0113,https://www.sec.gov/Archives/edgar/daily-index/2018/QTR1/master.20180306.idx,20180306,master.20180306.idx,before_handoff,listed_source_pending,
2018Q1,SEC-0113,https://www.sec.gov/Archives/edgar/daily-index/2018/QTR1/master.20180307.idx,20180307,master.20180307.idx,before_handoff,listed_source_pending,
2018Q1,SEC-0113,https://www.sec.gov/Archives/edgar/daily-index/2018/QTR1/master.20180308.idx,20180308,master.20180308.idx,before_handoff,listed_source_pending,
2018Q1,SEC-0113,https://www.sec.gov/Archives/edgar/daily-index/2018/QTR1/master.20180309.idx,20180309,master.20180309.idx,before_handoff,listed_source_pending,
2018Q1,SEC-0113,https://www.sec.gov/Archives/edgar/daily-index/2018/QTR1/master.20180312.idx,20180312,master.20180312.idx,before_handoff,listed_source_pending,
2018Q1,SEC-0113,https://www.sec.gov/Archives/edgar/daily-index/2018/QTR1/master.20180313.idx,20180313,master.20180313.idx,before_handoff,listed_source_pending,
2018Q1,SEC-0113,https://www.sec.gov/Archives/edgar/daily-index/2018/QTR1/master.20180314.idx,20180314,master.20180314.idx,before_handoff,listed_source_pending,
2018Q1,SEC-0113,https://www.sec.gov/Archives/edgar/daily-index/2018/QTR1/master.20180315.idx,20180315,master.20180315.idx,before_handoff,listed_source_pending,
2018Q1,SEC-0113,https://www.sec.gov/Archives/edgar/daily-index/2018/QTR1/master.20180316.idx,20180316,master.20180316.idx,before_handoff,listed_source_pending,
2018Q1,SEC-0113,https://www.sec.gov/Archives/edgar/daily-index/2018/QTR1/master.20180319.idx,20180319,master.20180319.idx,before_handoff,listed_source_pending,
2018Q1,SEC-0113,https://www.sec.gov/Archives/edgar/daily-index/2018/QTR1/master.20180320.idx,20180320,master.20180320.idx,before_handoff,listed_source_pending,
2018Q1,SEC-0113,https://www.sec.gov/Archives/edgar/daily-index/2018/QTR1/master.20180321.idx,20180321,master.20180321.idx,before_handoff,listed_source_pending,
2018Q1,SEC-0113,https://www.sec.gov/Archives/edgar/daily-index/2018/QTR1/master.20180322.idx,20180322,master.20180322.idx,before_handoff,listed_source_pending,
2018Q1,SEC-0113,https://www.sec.gov/Archives/edgar/daily-index/2018/QTR1/master.20180323.idx,20180323,master.20180323.idx,before_handoff,listed_source_pending,
2018Q1,SEC-0113,https://www.sec.gov/Archives/edgar/daily-index/2018/QTR1/master.20180326.idx,20180326,master.20180326.idx,before_handoff,listed_source_pending,
2018Q1,SEC-0113,https://www.sec.gov/Archives/edgar/daily-index/2018/QTR1/master.20180327.idx,20180327,master.20180327.idx,before_handoff,listed_source_pending,
2018Q1,SEC-0113,https://www.sec.gov/Archives/edgar/daily-index/2018/QTR1/master.20180328.idx,20180328,master.20180328.idx,before_handoff,listed_source_pending,
2018Q1,SEC-0113,https://www.sec.gov/Archives/edgar/daily-index/2018/QTR1/master.20180329.idx,20180329,master.20180329.idx,before_handoff,listed_source_pending,
2018Q1,SEC-0113,https://www.sec.gov/Archives/edgar/daily-index/2018/QTR1/master.20180330.idx,20180330,master.20180330.idx,before_handoff,listed_source_pending,
2018Q2,SEC-0112,https://www.sec.gov/Archives/edgar/daily-index/2018/QTR2/index.json,,directory_summary,Historical boundary,listed_uninspected,GAP-D-2018Q2
2018Q3,SEC-0112,https://www.sec.gov/Archives/edgar/daily-index/2018/QTR3/index.json,,directory_summary,Historical boundary,listed_uninspected,GAP-D-2018Q3
2018Q4,SEC-0114,https://www.sec.gov/Archives/edgar/daily-index/2018/QTR4/index.json,,directory_summary,historical/preceding,available,
2018Q4,SEC-0114,https://www.sec.gov/Archives/edgar/daily-index/2018/QTR4/master.20181001.idx,20181001,master.20181001.idx,before_handoff,listed_source_pending,
2018Q4,SEC-0114,https://www.sec.gov/Archives/edgar/daily-index/2018/QTR4/master.20181002.idx,20181002,master.20181002.idx,before_handoff,listed_source_pending,
2018Q4,SEC-0114,https://www.sec.gov/Archives/edgar/daily-index/2018/QTR4/master.20181003.idx,20181003,master.20181003.idx,before_handoff,listed_source_pending,
2018Q4,SEC-0114,https://www.sec.gov/Archives/edgar/daily-index/2018/QTR4/master.20181004.idx,20181004,master.20181004.idx,before_handoff,listed_source_pending,
2018Q4,SEC-0114,https://www.sec.gov/Archives/edgar/daily-index/2018/QTR4/master.20181005.idx,20181005,master.20181005.idx,before_handoff,listed_source_pending,
2018Q4,SEC-0114,https://www.sec.gov/Archives/edgar/daily-index/2018/QTR4/master.20181009.idx,20181009,master.20181009.idx,before_handoff,listed_source_pending,
2018Q4,SEC-0114,https://www.sec.gov/Archives/edgar/daily-index/2018/QTR4/master.20181010.idx,20181010,master.20181010.idx,before_handoff,listed_source_pending,
2018Q4,SEC-0114,https://www.sec.gov/Archives/edgar/daily-index/2018/QTR4/master.20181011.idx,20181011,master.20181011.idx,before_handoff,listed_source_pending,
2018Q4,SEC-0114,https://www.sec.gov/Archives/edgar/daily-index/2018/QTR4/master.20181012.idx,20181012,master.20181012.idx,before_handoff,listed_source_pending,
2018Q4,SEC-0114,https://www.sec.gov/Archives/edgar/daily-index/2018/QTR4/master.20181015.idx,20181015,master.20181015.idx,before_handoff,listed_source_pending,
2018Q4,SEC-0114,https://www.sec.gov/Archives/edgar/daily-index/2018/QTR4/master.20181016.idx,20181016,master.20181016.idx,before_handoff,listed_source_pending,
2018Q4,SEC-0114,https://www.sec.gov/Archives/edgar/daily-index/2018/QTR4/master.20181017.idx,20181017,master.20181017.idx,before_handoff,listed_source_pending,
2018Q4,SEC-0114,https://www.sec.gov/Archives/edgar/daily-index/2018/QTR4/master.20181018.idx,20181018,master.20181018.idx,before_handoff,listed_source_pending,
2018Q4,SEC-0114,https://www.sec.gov/Archives/edgar/daily-index/2018/QTR4/master.20181019.idx,20181019,master.20181019.idx,before_handoff,listed_source_pending,
2018Q4,SEC-0114,https://www.sec.gov/Archives/edgar/daily-index/2018/QTR4/master.20181022.idx,20181022,master.20181022.idx,before_handoff,listed_source_pending,
2018Q4,SEC-0114,https://www.sec.gov/Archives/edgar/daily-index/2018/QTR4/master.20181023.idx,20181023,master.20181023.idx,before_handoff,listed_source_pending,
2018Q4,SEC-0114,https://www.sec.gov/Archives/edgar/daily-index/2018/QTR4/master.20181024.idx,20181024,master.20181024.idx,before_handoff,listed_source_pending,
2018Q4,SEC-0114,https://www.sec.gov/Archives/edgar/daily-index/2018/QTR4/master.20181025.idx,20181025,master.20181025.idx,before_handoff,listed_source_pending,
2018Q4,SEC-0114,https://www.sec.gov/Archives/edgar/daily-index/2018/QTR4/master.20181026.idx,20181026,master.20181026.idx,before_handoff,listed_source_pending,
2018Q4,SEC-0114,https://www.sec.gov/Archives/edgar/daily-index/2018/QTR4/master.20181029.idx,20181029,master.20181029.idx,before_handoff,listed_source_pending,
2018Q4,SEC-0114,https://www.sec.gov/Archives/edgar/daily-index/2018/QTR4/master.20181030.idx,20181030,master.20181030.idx,before_handoff,listed_source_pending,
2018Q4,SEC-0114,https://www.sec.gov/Archives/edgar/daily-index/2018/QTR4/master.20181031.idx,20181031,master.20181031.idx,before_handoff,listed_source_pending,
2018Q4,SEC-0114,https://www.sec.gov/Archives/edgar/daily-index/2018/QTR4/master.20181101.idx,20181101,master.20181101.idx,before_handoff,listed_source_pending,
2018Q4,SEC-0114,https://www.sec.gov/Archives/edgar/daily-index/2018/QTR4/master.20181102.idx,20181102,master.20181102.idx,before_handoff,listed_source_pending,
2018Q4,SEC-0114,https://www.sec.gov/Archives/edgar/daily-index/2018/QTR4/master.20181105.idx,20181105,master.20181105.idx,before_handoff,listed_source_pending,
2018Q4,SEC-0114,https://www.sec.gov/Archives/edgar/daily-index/2018/QTR4/master.20181106.idx,20181106,master.20181106.idx,before_handoff,listed_source_pending,
2018Q4,SEC-0114,https://www.sec.gov/Archives/edgar/daily-index/2018/QTR4/master.20181107.idx,20181107,master.20181107.idx,before_handoff,listed_source_pending,
2018Q4,SEC-0114,https://www.sec.gov/Archives/edgar/daily-index/2018/QTR4/master.20181108.idx,20181108,master.20181108.idx,before_handoff,listed_source_pending,
2018Q4,SEC-0114,https://www.sec.gov/Archives/edgar/daily-index/2018/QTR4/master.20181109.idx,20181109,master.20181109.idx,before_handoff,listed_source_pending,
2018Q4,SEC-0114,https://www.sec.gov/Archives/edgar/daily-index/2018/QTR4/master.20181113.idx,20181113,master.20181113.idx,before_handoff,listed_source_pending,
2018Q4,SEC-0114,https://www.sec.gov/Archives/edgar/daily-index/2018/QTR4/master.20181114.idx,20181114,master.20181114.idx,before_handoff,listed_source_pending,
2018Q4,SEC-0114,https://www.sec.gov/Archives/edgar/daily-index/2018/QTR4/master.20181115.idx,20181115,master.20181115.idx,before_handoff,listed_source_pending,
2018Q4,SEC-0114,https://www.sec.gov/Archives/edgar/daily-index/2018/QTR4/master.20181116.idx,20181116,master.20181116.idx,before_handoff,listed_source_pending,
2018Q4,SEC-0114,https://www.sec.gov/Archives/edgar/daily-index/2018/QTR4/master.20181119.idx,20181119,master.20181119.idx,before_handoff,listed_source_pending,
2018Q4,SEC-0114,https://www.sec.gov/Archives/edgar/daily-index/2018/QTR4/master.20181120.idx,20181120,master.20181120.idx,before_handoff,listed_source_pending,
2018Q4,SEC-0114,https://www.sec.gov/Archives/edgar/daily-index/2018/QTR4/master.20181121.idx,20181121,master.20181121.idx,before_handoff,listed_source_pending,
2018Q4,SEC-0114,https://www.sec.gov/Archives/edgar/daily-index/2018/QTR4/master.20181123.idx,20181123,master.20181123.idx,before_handoff,listed_source_pending,
2018Q4,SEC-0114,https://www.sec.gov/Archives/edgar/daily-index/2018/QTR4/master.20181126.idx,20181126,master.20181126.idx,before_handoff,listed_source_pending,
2018Q4,SEC-0114,https://www.sec.gov/Archives/edgar/daily-index/2018/QTR4/master.20181127.idx,20181127,master.20181127.idx,before_handoff,listed_source_pending,
2018Q4,SEC-0114,https://www.sec.gov/Archives/edgar/daily-index/2018/QTR4/master.20181128.idx,20181128,master.20181128.idx,before_handoff,listed_source_pending,
2018Q4,SEC-0114,https://www.sec.gov/Archives/edgar/daily-index/2018/QTR4/master.20181129.idx,20181129,master.20181129.idx,before_handoff,listed_source_pending,
2018Q4,SEC-0114,https://www.sec.gov/Archives/edgar/daily-index/2018/QTR4/master.20181130.idx,20181130,master.20181130.idx,before_handoff,listed_source_pending,
2018Q4,SEC-0114,https://www.sec.gov/Archives/edgar/daily-index/2018/QTR4/master.20181203.idx,20181203,master.20181203.idx,before_handoff,listed_source_pending,
2018Q4,SEC-0114,https://www.sec.gov/Archives/edgar/daily-index/2018/QTR4/master.20181204.idx,20181204,master.20181204.idx,before_handoff,listed_source_pending,
2018Q4,SEC-0114,https://www.sec.gov/Archives/edgar/daily-index/2018/QTR4/master.20181206.idx,20181206,master.20181206.idx,before_handoff,listed_source_pending,
2018Q4,SEC-0114,https://www.sec.gov/Archives/edgar/daily-index/2018/QTR4/master.20181207.idx,20181207,master.20181207.idx,before_handoff,listed_source_pending,
2018Q4,SEC-0114,https://www.sec.gov/Archives/edgar/daily-index/2018/QTR4/master.20181210.idx,20181210,master.20181210.idx,before_handoff,listed_source_pending,
2018Q4,SEC-0114,https://www.sec.gov/Archives/edgar/daily-index/2018/QTR4/master.20181211.idx,20181211,master.20181211.idx,before_handoff,listed_source_pending,
2018Q4,SEC-0114,https://www.sec.gov/Archives/edgar/daily-index/2018/QTR4/master.20181212.idx,20181212,master.20181212.idx,before_handoff,listed_source_pending,
2018Q4,SEC-0114,https://www.sec.gov/Archives/edgar/daily-index/2018/QTR4/master.20181213.idx,20181213,master.20181213.idx,before_handoff,listed_source_pending,
2018Q4,SEC-0114,https://www.sec.gov/Archives/edgar/daily-index/2018/QTR4/master.20181214.idx,20181214,master.20181214.idx,before_handoff,listed_source_pending,
2018Q4,SEC-0114,https://www.sec.gov/Archives/edgar/daily-index/2018/QTR4/master.20181217.idx,20181217,master.20181217.idx,before_handoff,listed_source_pending,
2018Q4,SEC-0114,https://www.sec.gov/Archives/edgar/daily-index/2018/QTR4/master.20181218.idx,20181218,master.20181218.idx,before_handoff,listed_source_pending,
2018Q4,SEC-0114,https://www.sec.gov/Archives/edgar/daily-index/2018/QTR4/master.20181219.idx,20181219,master.20181219.idx,before_handoff,listed_source_pending,
2018Q4,SEC-0114,https://www.sec.gov/Archives/edgar/daily-index/2018/QTR4/master.20181220.idx,20181220,master.20181220.idx,before_handoff,listed_source_pending,
2018Q4,SEC-0114,https://www.sec.gov/Archives/edgar/daily-index/2018/QTR4/master.20181221.idx,20181221,master.20181221.idx,before_handoff,listed_source_pending,
2018Q4,SEC-0114,https://www.sec.gov/Archives/edgar/daily-index/2018/QTR4/master.20181226.idx,20181226,master.20181226.idx,before_handoff,listed_source_pending,
2018Q4,SEC-0114,https://www.sec.gov/Archives/edgar/daily-index/2018/QTR4/master.20181227.idx,20181227,master.20181227.idx,before_handoff,listed_source_pending,
2018Q4,SEC-0114,https://www.sec.gov/Archives/edgar/daily-index/2018/QTR4/master.20181228.idx,20181228,master.20181228.idx,before_handoff,listed_source_pending,
2018Q4,SEC-0114,https://www.sec.gov/Archives/edgar/daily-index/2018/QTR4/master.20181231.idx,20181231,master.20181231.idx,before_handoff,listed_source_pending,
2019,SEC-0115,https://www.sec.gov/Archives/edgar/daily-index/2019/index.json,,year_summary,Historical boundary,available,
2019Q1,SEC-0116,https://www.sec.gov/Archives/edgar/daily-index/2019/QTR1/index.json,,directory_summary,historical/preceding,available,
2019Q1,SEC-0116,https://www.sec.gov/Archives/edgar/daily-index/2019/QTR1/master.20190102.idx,20190102,master.20190102.idx,before_handoff,listed_source_pending,
2019Q1,SEC-0116,https://www.sec.gov/Archives/edgar/daily-index/2019/QTR1/master.20190103.idx,20190103,master.20190103.idx,before_handoff,listed_source_pending,
2019Q1,SEC-0116,https://www.sec.gov/Archives/edgar/daily-index/2019/QTR1/master.20190104.idx,20190104,master.20190104.idx,before_handoff,listed_source_pending,
2019Q1,SEC-0116,https://www.sec.gov/Archives/edgar/daily-index/2019/QTR1/master.20190107.idx,20190107,master.20190107.idx,before_handoff,listed_source_pending,
2019Q1,SEC-0116,https://www.sec.gov/Archives/edgar/daily-index/2019/QTR1/master.20190108.idx,20190108,master.20190108.idx,before_handoff,listed_source_pending,
2019Q1,SEC-0116,https://www.sec.gov/Archives/edgar/daily-index/2019/QTR1/master.20190109.idx,20190109,master.20190109.idx,before_handoff,listed_source_pending,
2019Q1,SEC-0116,https://www.sec.gov/Archives/edgar/daily-index/2019/QTR1/master.20190110.idx,20190110,master.20190110.idx,before_handoff,listed_source_pending,
2019Q1,SEC-0116,https://www.sec.gov/Archives/edgar/daily-index/2019/QTR1/master.20190111.idx,20190111,master.20190111.idx,before_handoff,listed_source_pending,
2019Q1,SEC-0116,https://www.sec.gov/Archives/edgar/daily-index/2019/QTR1/master.20190114.idx,20190114,master.20190114.idx,before_handoff,listed_source_pending,
2019Q1,SEC-0116,https://www.sec.gov/Archives/edgar/daily-index/2019/QTR1/master.20190115.idx,20190115,master.20190115.idx,before_handoff,listed_source_pending,
2019Q1,SEC-0116,https://www.sec.gov/Archives/edgar/daily-index/2019/QTR1/master.20190116.idx,20190116,master.20190116.idx,before_handoff,listed_source_pending,
2019Q1,SEC-0116,https://www.sec.gov/Archives/edgar/daily-index/2019/QTR1/master.20190117.idx,20190117,master.20190117.idx,before_handoff,listed_source_pending,
2019Q1,SEC-0116,https://www.sec.gov/Archives/edgar/daily-index/2019/QTR1/master.20190118.idx,20190118,master.20190118.idx,before_handoff,listed_source_pending,
2019Q1,SEC-0116,https://www.sec.gov/Archives/edgar/daily-index/2019/QTR1/master.20190122.idx,20190122,master.20190122.idx,before_handoff,listed_source_pending,
2019Q1,SEC-0116,https://www.sec.gov/Archives/edgar/daily-index/2019/QTR1/master.20190123.idx,20190123,master.20190123.idx,before_handoff,listed_source_pending,
2019Q1,SEC-0116,https://www.sec.gov/Archives/edgar/daily-index/2019/QTR1/master.20190124.idx,20190124,master.20190124.idx,before_handoff,listed_source_pending,
2019Q1,SEC-0116,https://www.sec.gov/Archives/edgar/daily-index/2019/QTR1/master.20190125.idx,20190125,master.20190125.idx,before_handoff,listed_source_pending,
2019Q1,SEC-0116,https://www.sec.gov/Archives/edgar/daily-index/2019/QTR1/master.20190128.idx,20190128,master.20190128.idx,before_handoff,listed_source_pending,
2019Q1,SEC-0116,https://www.sec.gov/Archives/edgar/daily-index/2019/QTR1/master.20190129.idx,20190129,master.20190129.idx,before_handoff,listed_source_pending,
2019Q1,SEC-0116,https://www.sec.gov/Archives/edgar/daily-index/2019/QTR1/master.20190130.idx,20190130,master.20190130.idx,before_handoff,listed_source_pending,
2019Q1,SEC-0116,https://www.sec.gov/Archives/edgar/daily-index/2019/QTR1/master.20190131.idx,20190131,master.20190131.idx,before_handoff,listed_source_pending,
2019Q1,SEC-0116,https://www.sec.gov/Archives/edgar/daily-index/2019/QTR1/master.20190201.idx,20190201,master.20190201.idx,before_handoff,listed_source_pending,
2019Q1,SEC-0116,https://www.sec.gov/Archives/edgar/daily-index/2019/QTR1/master.20190204.idx,20190204,master.20190204.idx,before_handoff,listed_source_pending,
2019Q1,SEC-0116,https://www.sec.gov/Archives/edgar/daily-index/2019/QTR1/master.20190205.idx,20190205,master.20190205.idx,before_handoff,listed_source_pending,
2019Q1,SEC-0116,https://www.sec.gov/Archives/edgar/daily-index/2019/QTR1/master.20190206.idx,20190206,master.20190206.idx,before_handoff,listed_source_pending,
2019Q1,SEC-0116,https://www.sec.gov/Archives/edgar/daily-index/2019/QTR1/master.20190207.idx,20190207,master.20190207.idx,before_handoff,listed_source_pending,
2019Q1,SEC-0116,https://www.sec.gov/Archives/edgar/daily-index/2019/QTR1/master.20190208.idx,20190208,master.20190208.idx,before_handoff,listed_source_pending,
2019Q1,SEC-0116,https://www.sec.gov/Archives/edgar/daily-index/2019/QTR1/master.20190211.idx,20190211,master.20190211.idx,before_handoff,listed_source_pending,
2019Q1,SEC-0116,https://www.sec.gov/Archives/edgar/daily-index/2019/QTR1/master.20190212.idx,20190212,master.20190212.idx,before_handoff,listed_source_pending,
2019Q1,SEC-0116,https://www.sec.gov/Archives/edgar/daily-index/2019/QTR1/master.20190213.idx,20190213,master.20190213.idx,before_handoff,listed_source_pending,
2019Q1,SEC-0116,https://www.sec.gov/Archives/edgar/daily-index/2019/QTR1/master.20190214.idx,20190214,master.20190214.idx,before_handoff,listed_source_pending,
2019Q1,SEC-0116,https://www.sec.gov/Archives/edgar/daily-index/2019/QTR1/master.20190215.idx,20190215,master.20190215.idx,before_handoff,listed_source_pending,
2019Q1,SEC-0116,https://www.sec.gov/Archives/edgar/daily-index/2019/QTR1/master.20190219.idx,20190219,master.20190219.idx,before_handoff,listed_source_pending,
2019Q1,SEC-0116,https://www.sec.gov/Archives/edgar/daily-index/2019/QTR1/master.20190220.idx,20190220,master.20190220.idx,before_handoff,listed_source_pending,
2019Q1,SEC-0116,https://www.sec.gov/Archives/edgar/daily-index/2019/QTR1/master.20190221.idx,20190221,master.20190221.idx,before_handoff,listed_source_pending,
2019Q1,SEC-0116,https://www.sec.gov/Archives/edgar/daily-index/2019/QTR1/master.20190222.idx,20190222,master.20190222.idx,before_handoff,listed_source_pending,
2019Q1,SEC-0116,https://www.sec.gov/Archives/edgar/daily-index/2019/QTR1/master.20190225.idx,20190225,master.20190225.idx,before_handoff,listed_source_pending,
2019Q1,SEC-0116,https://www.sec.gov/Archives/edgar/daily-index/2019/QTR1/master.20190226.idx,20190226,master.20190226.idx,before_handoff,listed_source_pending,
2019Q1,SEC-0116,https://www.sec.gov/Archives/edgar/daily-index/2019/QTR1/master.20190227.idx,20190227,master.20190227.idx,before_handoff,listed_source_pending,
2019Q1,SEC-0116,https://www.sec.gov/Archives/edgar/daily-index/2019/QTR1/master.20190228.idx,20190228,master.20190228.idx,before_handoff,listed_source_pending,
2019Q1,SEC-0116,https://www.sec.gov/Archives/edgar/daily-index/2019/QTR1/master.20190301.idx,20190301,master.20190301.idx,before_handoff,listed_source_pending,
2019Q1,SEC-0116,https://www.sec.gov/Archives/edgar/daily-index/2019/QTR1/master.20190304.idx,20190304,master.20190304.idx,before_handoff,listed_source_pending,
2019Q1,SEC-0116,https://www.sec.gov/Archives/edgar/daily-index/2019/QTR1/master.20190305.idx,20190305,master.20190305.idx,before_handoff,listed_source_pending,
2019Q1,SEC-0116,https://www.sec.gov/Archives/edgar/daily-index/2019/QTR1/master.20190306.idx,20190306,master.20190306.idx,before_handoff,listed_source_pending,
2019Q1,SEC-0116,https://www.sec.gov/Archives/edgar/daily-index/2019/QTR1/master.20190307.idx,20190307,master.20190307.idx,before_handoff,listed_source_pending,
2019Q1,SEC-0116,https://www.sec.gov/Archives/edgar/daily-index/2019/QTR1/master.20190308.idx,20190308,master.20190308.idx,before_handoff,listed_source_pending,
2019Q1,SEC-0116,https://www.sec.gov/Archives/edgar/daily-index/2019/QTR1/master.20190311.idx,20190311,master.20190311.idx,before_handoff,listed_source_pending,
2019Q1,SEC-0116,https://www.sec.gov/Archives/edgar/daily-index/2019/QTR1/master.20190312.idx,20190312,master.20190312.idx,before_handoff,listed_source_pending,
2019Q1,SEC-0116,https://www.sec.gov/Archives/edgar/daily-index/2019/QTR1/master.20190313.idx,20190313,master.20190313.idx,before_handoff,listed_source_pending,
2019Q1,SEC-0116,https://www.sec.gov/Archives/edgar/daily-index/2019/QTR1/master.20190314.idx,20190314,master.20190314.idx,before_handoff,listed_source_pending,
2019Q1,SEC-0116,https://www.sec.gov/Archives/edgar/daily-index/2019/QTR1/master.20190315.idx,20190315,master.20190315.idx,before_handoff,listed_source_pending,
2019Q1,SEC-0116,https://www.sec.gov/Archives/edgar/daily-index/2019/QTR1/master.20190318.idx,20190318,master.20190318.idx,before_handoff,listed_source_pending,
2019Q1,SEC-0116,https://www.sec.gov/Archives/edgar/daily-index/2019/QTR1/master.20190319.idx,20190319,master.20190319.idx,before_handoff,listed_source_pending,
2019Q1,SEC-0116,https://www.sec.gov/Archives/edgar/daily-index/2019/QTR1/master.20190320.idx,20190320,master.20190320.idx,before_handoff,listed_source_pending,
2019Q1,SEC-0116,https://www.sec.gov/Archives/edgar/daily-index/2019/QTR1/master.20190321.idx,20190321,master.20190321.idx,before_handoff,listed_source_pending,
2019Q1,SEC-0116,https://www.sec.gov/Archives/edgar/daily-index/2019/QTR1/master.20190322.idx,20190322,master.20190322.idx,before_handoff,listed_source_pending,
2019Q1,SEC-0116,https://www.sec.gov/Archives/edgar/daily-index/2019/QTR1/master.20190325.idx,20190325,master.20190325.idx,before_handoff,listed_source_pending,
2019Q1,SEC-0116,https://www.sec.gov/Archives/edgar/daily-index/2019/QTR1/master.20190326.idx,20190326,master.20190326.idx,before_handoff,listed_source_pending,
2019Q1,SEC-0116,https://www.sec.gov/Archives/edgar/daily-index/2019/QTR1/master.20190327.idx,20190327,master.20190327.idx,before_handoff,listed_source_pending,
2019Q1,SEC-0116,https://www.sec.gov/Archives/edgar/daily-index/2019/QTR1/master.20190328.idx,20190328,master.20190328.idx,before_handoff,listed_source_pending,
2019Q1,SEC-0116,https://www.sec.gov/Archives/edgar/daily-index/2019/QTR1/master.20190329.idx,20190329,master.20190329.idx,before_handoff,listed_source_pending,
2019Q2,SEC-0115,https://www.sec.gov/Archives/edgar/daily-index/2019/QTR2/index.json,,directory_summary,Historical boundary,listed_uninspected,GAP-D-2019Q2
2019Q3,SEC-0115,https://www.sec.gov/Archives/edgar/daily-index/2019/QTR3/index.json,,directory_summary,Historical boundary,listed_uninspected,GAP-D-2019Q3
2019Q4,SEC-0117,https://www.sec.gov/Archives/edgar/daily-index/2019/QTR4/index.json,,directory_summary,historical/preceding,available,
2019Q4,SEC-0117,https://www.sec.gov/Archives/edgar/daily-index/2019/QTR4/master.20191001.idx,20191001,master.20191001.idx,before_handoff,listed_source_pending,
2019Q4,SEC-0117,https://www.sec.gov/Archives/edgar/daily-index/2019/QTR4/master.20191002.idx,20191002,master.20191002.idx,before_handoff,listed_source_pending,
2019Q4,SEC-0117,https://www.sec.gov/Archives/edgar/daily-index/2019/QTR4/master.20191003.idx,20191003,master.20191003.idx,before_handoff,listed_source_pending,
2019Q4,SEC-0117,https://www.sec.gov/Archives/edgar/daily-index/2019/QTR4/master.20191004.idx,20191004,master.20191004.idx,before_handoff,listed_source_pending,
2019Q4,SEC-0117,https://www.sec.gov/Archives/edgar/daily-index/2019/QTR4/master.20191007.idx,20191007,master.20191007.idx,before_handoff,listed_source_pending,
2019Q4,SEC-0117,https://www.sec.gov/Archives/edgar/daily-index/2019/QTR4/master.20191008.idx,20191008,master.20191008.idx,before_handoff,listed_source_pending,
2019Q4,SEC-0117,https://www.sec.gov/Archives/edgar/daily-index/2019/QTR4/master.20191009.idx,20191009,master.20191009.idx,before_handoff,listed_source_pending,
2019Q4,SEC-0117,https://www.sec.gov/Archives/edgar/daily-index/2019/QTR4/master.20191010.idx,20191010,master.20191010.idx,before_handoff,listed_source_pending,
2019Q4,SEC-0117,https://www.sec.gov/Archives/edgar/daily-index/2019/QTR4/master.20191011.idx,20191011,master.20191011.idx,before_handoff,listed_source_pending,
2019Q4,SEC-0117,https://www.sec.gov/Archives/edgar/daily-index/2019/QTR4/master.20191015.idx,20191015,master.20191015.idx,before_handoff,listed_source_pending,
2019Q4,SEC-0117,https://www.sec.gov/Archives/edgar/daily-index/2019/QTR4/master.20191016.idx,20191016,master.20191016.idx,before_handoff,listed_source_pending,
2019Q4,SEC-0117,https://www.sec.gov/Archives/edgar/daily-index/2019/QTR4/master.20191017.idx,20191017,master.20191017.idx,before_handoff,listed_source_pending,
2019Q4,SEC-0117,https://www.sec.gov/Archives/edgar/daily-index/2019/QTR4/master.20191018.idx,20191018,master.20191018.idx,before_handoff,listed_source_pending,
2019Q4,SEC-0117,https://www.sec.gov/Archives/edgar/daily-index/2019/QTR4/master.20191021.idx,20191021,master.20191021.idx,before_handoff,listed_source_pending,
2019Q4,SEC-0117,https://www.sec.gov/Archives/edgar/daily-index/2019/QTR4/master.20191022.idx,20191022,master.20191022.idx,before_handoff,listed_source_pending,
2019Q4,SEC-0117,https://www.sec.gov/Archives/edgar/daily-index/2019/QTR4/master.20191023.idx,20191023,master.20191023.idx,before_handoff,listed_source_pending,
2019Q4,SEC-0117,https://www.sec.gov/Archives/edgar/daily-index/2019/QTR4/master.20191024.idx,20191024,master.20191024.idx,before_handoff,listed_source_pending,
2019Q4,SEC-0117,https://www.sec.gov/Archives/edgar/daily-index/2019/QTR4/master.20191025.idx,20191025,master.20191025.idx,before_handoff,listed_source_pending,
2019Q4,SEC-0117,https://www.sec.gov/Archives/edgar/daily-index/2019/QTR4/master.20191028.idx,20191028,master.20191028.idx,before_handoff,listed_source_pending,
2019Q4,SEC-0117,https://www.sec.gov/Archives/edgar/daily-index/2019/QTR4/master.20191029.idx,20191029,master.20191029.idx,before_handoff,listed_source_pending,
2019Q4,SEC-0117,https://www.sec.gov/Archives/edgar/daily-index/2019/QTR4/master.20191030.idx,20191030,master.20191030.idx,before_handoff,listed_source_pending,
2019Q4,SEC-0117,https://www.sec.gov/Archives/edgar/daily-index/2019/QTR4/master.20191031.idx,20191031,master.20191031.idx,before_handoff,listed_source_pending,
2019Q4,SEC-0117,https://www.sec.gov/Archives/edgar/daily-index/2019/QTR4/master.20191101.idx,20191101,master.20191101.idx,before_handoff,listed_source_pending,
2019Q4,SEC-0117,https://www.sec.gov/Archives/edgar/daily-index/2019/QTR4/master.20191104.idx,20191104,master.20191104.idx,before_handoff,listed_source_pending,
2019Q4,SEC-0117,https://www.sec.gov/Archives/edgar/daily-index/2019/QTR4/master.20191105.idx,20191105,master.20191105.idx,before_handoff,listed_source_pending,
2019Q4,SEC-0117,https://www.sec.gov/Archives/edgar/daily-index/2019/QTR4/master.20191106.idx,20191106,master.20191106.idx,before_handoff,listed_source_pending,
2019Q4,SEC-0117,https://www.sec.gov/Archives/edgar/daily-index/2019/QTR4/master.20191107.idx,20191107,master.20191107.idx,before_handoff,listed_source_pending,
2019Q4,SEC-0117,https://www.sec.gov/Archives/edgar/daily-index/2019/QTR4/master.20191108.idx,20191108,master.20191108.idx,before_handoff,listed_source_pending,
2019Q4,SEC-0117,https://www.sec.gov/Archives/edgar/daily-index/2019/QTR4/master.20191112.idx,20191112,master.20191112.idx,before_handoff,listed_source_pending,
2019Q4,SEC-0117,https://www.sec.gov/Archives/edgar/daily-index/2019/QTR4/master.20191113.idx,20191113,master.20191113.idx,before_handoff,listed_source_pending,
2019Q4,SEC-0117,https://www.sec.gov/Archives/edgar/daily-index/2019/QTR4/master.20191114.idx,20191114,master.20191114.idx,before_handoff,listed_source_pending,
2019Q4,SEC-0117,https://www.sec.gov/Archives/edgar/daily-index/2019/QTR4/master.20191115.idx,20191115,master.20191115.idx,before_handoff,listed_source_pending,
2019Q4,SEC-0117,https://www.sec.gov/Archives/edgar/daily-index/2019/QTR4/master.20191118.idx,20191118,master.20191118.idx,before_handoff,listed_source_pending,
2019Q4,SEC-0117,https://www.sec.gov/Archives/edgar/daily-index/2019/QTR4/master.20191119.idx,20191119,master.20191119.idx,before_handoff,listed_source_pending,
2019Q4,SEC-0117,https://www.sec.gov/Archives/edgar/daily-index/2019/QTR4/master.20191120.idx,20191120,master.20191120.idx,before_handoff,listed_source_pending,
2019Q4,SEC-0117,https://www.sec.gov/Archives/edgar/daily-index/2019/QTR4/master.20191121.idx,20191121,master.20191121.idx,before_handoff,listed_source_pending,
2019Q4,SEC-0117,https://www.sec.gov/Archives/edgar/daily-index/2019/QTR4/master.20191122.idx,20191122,master.20191122.idx,before_handoff,listed_source_pending,
2019Q4,SEC-0117,https://www.sec.gov/Archives/edgar/daily-index/2019/QTR4/master.20191125.idx,20191125,master.20191125.idx,before_handoff,listed_source_pending,
2019Q4,SEC-0117,https://www.sec.gov/Archives/edgar/daily-index/2019/QTR4/master.20191126.idx,20191126,master.20191126.idx,before_handoff,listed_source_pending,
2019Q4,SEC-0117,https://www.sec.gov/Archives/edgar/daily-index/2019/QTR4/master.20191127.idx,20191127,master.20191127.idx,before_handoff,listed_source_pending,
2019Q4,SEC-0117,https://www.sec.gov/Archives/edgar/daily-index/2019/QTR4/master.20191129.idx,20191129,master.20191129.idx,before_handoff,listed_source_pending,
2019Q4,SEC-0117,https://www.sec.gov/Archives/edgar/daily-index/2019/QTR4/master.20191202.idx,20191202,master.20191202.idx,before_handoff,listed_source_pending,
2019Q4,SEC-0117,https://www.sec.gov/Archives/edgar/daily-index/2019/QTR4/master.20191203.idx,20191203,master.20191203.idx,before_handoff,listed_source_pending,
2019Q4,SEC-0117,https://www.sec.gov/Archives/edgar/daily-index/2019/QTR4/master.20191204.idx,20191204,master.20191204.idx,before_handoff,listed_source_pending,
2019Q4,SEC-0117,https://www.sec.gov/Archives/edgar/daily-index/2019/QTR4/master.20191205.idx,20191205,master.20191205.idx,before_handoff,listed_source_pending,
2019Q4,SEC-0117,https://www.sec.gov/Archives/edgar/daily-index/2019/QTR4/master.20191206.idx,20191206,master.20191206.idx,before_handoff,listed_source_pending,
2019Q4,SEC-0117,https://www.sec.gov/Archives/edgar/daily-index/2019/QTR4/master.20191209.idx,20191209,master.20191209.idx,before_handoff,listed_source_pending,
2019Q4,SEC-0117,https://www.sec.gov/Archives/edgar/daily-index/2019/QTR4/master.20191210.idx,20191210,master.20191210.idx,before_handoff,listed_source_pending,
2019Q4,SEC-0117,https://www.sec.gov/Archives/edgar/daily-index/2019/QTR4/master.20191211.idx,20191211,master.20191211.idx,before_handoff,listed_source_pending,
2019Q4,SEC-0117,https://www.sec.gov/Archives/edgar/daily-index/2019/QTR4/master.20191212.idx,20191212,master.20191212.idx,before_handoff,listed_source_pending,
2019Q4,SEC-0117,https://www.sec.gov/Archives/edgar/daily-index/2019/QTR4/master.20191213.idx,20191213,master.20191213.idx,before_handoff,listed_source_pending,
2019Q4,SEC-0117,https://www.sec.gov/Archives/edgar/daily-index/2019/QTR4/master.20191216.idx,20191216,master.20191216.idx,before_handoff,listed_source_pending,
2019Q4,SEC-0117,https://www.sec.gov/Archives/edgar/daily-index/2019/QTR4/master.20191217.idx,20191217,master.20191217.idx,before_handoff,listed_source_pending,
2019Q4,SEC-0117,https://www.sec.gov/Archives/edgar/daily-index/2019/QTR4/master.20191218.idx,20191218,master.20191218.idx,before_handoff,listed_source_pending,
2019Q4,SEC-0117,https://www.sec.gov/Archives/edgar/daily-index/2019/QTR4/master.20191219.idx,20191219,master.20191219.idx,before_handoff,listed_source_pending,
2019Q4,SEC-0117,https://www.sec.gov/Archives/edgar/daily-index/2019/QTR4/master.20191220.idx,20191220,master.20191220.idx,before_handoff,listed_source_pending,
2019Q4,SEC-0117,https://www.sec.gov/Archives/edgar/daily-index/2019/QTR4/master.20191223.idx,20191223,master.20191223.idx,before_handoff,listed_source_pending,
2019Q4,SEC-0117,https://www.sec.gov/Archives/edgar/daily-index/2019/QTR4/master.20191226.idx,20191226,master.20191226.idx,before_handoff,listed_source_pending,
2019Q4,SEC-0117,https://www.sec.gov/Archives/edgar/daily-index/2019/QTR4/master.20191227.idx,20191227,master.20191227.idx,before_handoff,listed_source_pending,
2019Q4,SEC-0117,https://www.sec.gov/Archives/edgar/daily-index/2019/QTR4/master.20191230.idx,20191230,master.20191230.idx,before_handoff,listed_source_pending,
2019Q4,SEC-0117,https://www.sec.gov/Archives/edgar/daily-index/2019/QTR4/master.20191231.idx,20191231,master.20191231.idx,before_handoff,listed_source_pending,
2020,SEC-0118,https://www.sec.gov/Archives/edgar/daily-index/2020/index.json,,year_summary,Historical boundary,available,
2020Q1,SEC-0119,https://www.sec.gov/Archives/edgar/daily-index/2020/QTR1/index.json,,directory_summary,historical/preceding,available,
2020Q1,SEC-0119,https://www.sec.gov/Archives/edgar/daily-index/2020/QTR1/master.20200102.idx,20200102,master.20200102.idx,before_handoff,listed_source_pending,
2020Q1,SEC-0119,https://www.sec.gov/Archives/edgar/daily-index/2020/QTR1/master.20200103.idx,20200103,master.20200103.idx,before_handoff,listed_source_pending,
2020Q1,SEC-0119,https://www.sec.gov/Archives/edgar/daily-index/2020/QTR1/master.20200106.idx,20200106,master.20200106.idx,before_handoff,listed_source_pending,
2020Q1,SEC-0119,https://www.sec.gov/Archives/edgar/daily-index/2020/QTR1/master.20200107.idx,20200107,master.20200107.idx,before_handoff,listed_source_pending,
2020Q1,SEC-0119,https://www.sec.gov/Archives/edgar/daily-index/2020/QTR1/master.20200108.idx,20200108,master.20200108.idx,before_handoff,listed_source_pending,
2020Q1,SEC-0119,https://www.sec.gov/Archives/edgar/daily-index/2020/QTR1/master.20200109.idx,20200109,master.20200109.idx,before_handoff,listed_source_pending,
2020Q1,SEC-0119,https://www.sec.gov/Archives/edgar/daily-index/2020/QTR1/master.20200110.idx,20200110,master.20200110.idx,before_handoff,listed_source_pending,
2020Q1,SEC-0119,https://www.sec.gov/Archives/edgar/daily-index/2020/QTR1/master.20200113.idx,20200113,master.20200113.idx,before_handoff,listed_source_pending,
2020Q1,SEC-0119,https://www.sec.gov/Archives/edgar/daily-index/2020/QTR1/master.20200114.idx,20200114,master.20200114.idx,before_handoff,listed_source_pending,
2020Q1,SEC-0119,https://www.sec.gov/Archives/edgar/daily-index/2020/QTR1/master.20200115.idx,20200115,master.20200115.idx,before_handoff,listed_source_pending,
2020Q1,SEC-0119,https://www.sec.gov/Archives/edgar/daily-index/2020/QTR1/master.20200116.idx,20200116,master.20200116.idx,before_handoff,listed_source_pending,
2020Q1,SEC-0119,https://www.sec.gov/Archives/edgar/daily-index/2020/QTR1/master.20200117.idx,20200117,master.20200117.idx,before_handoff,listed_source_pending,
2020Q1,SEC-0119,https://www.sec.gov/Archives/edgar/daily-index/2020/QTR1/master.20200121.idx,20200121,master.20200121.idx,before_handoff,listed_source_pending,
2020Q1,SEC-0119,https://www.sec.gov/Archives/edgar/daily-index/2020/QTR1/master.20200122.idx,20200122,master.20200122.idx,before_handoff,listed_source_pending,
2020Q1,SEC-0119,https://www.sec.gov/Archives/edgar/daily-index/2020/QTR1/master.20200123.idx,20200123,master.20200123.idx,before_handoff,listed_source_pending,
2020Q1,SEC-0119,https://www.sec.gov/Archives/edgar/daily-index/2020/QTR1/master.20200124.idx,20200124,master.20200124.idx,before_handoff,listed_source_pending,
2020Q1,SEC-0119,https://www.sec.gov/Archives/edgar/daily-index/2020/QTR1/master.20200127.idx,20200127,master.20200127.idx,before_handoff,listed_source_pending,
2020Q1,SEC-0119,https://www.sec.gov/Archives/edgar/daily-index/2020/QTR1/master.20200128.idx,20200128,master.20200128.idx,before_handoff,listed_source_pending,
2020Q1,SEC-0119,https://www.sec.gov/Archives/edgar/daily-index/2020/QTR1/master.20200129.idx,20200129,master.20200129.idx,before_handoff,listed_source_pending,
2020Q1,SEC-0119,https://www.sec.gov/Archives/edgar/daily-index/2020/QTR1/master.20200130.idx,20200130,master.20200130.idx,before_handoff,listed_source_pending,
2020Q1,SEC-0119,https://www.sec.gov/Archives/edgar/daily-index/2020/QTR1/master.20200131.idx,20200131,master.20200131.idx,before_handoff,listed_source_pending,
2020Q1,SEC-0119,https://www.sec.gov/Archives/edgar/daily-index/2020/QTR1/master.20200203.idx,20200203,master.20200203.idx,before_handoff,listed_source_pending,
2020Q1,SEC-0119,https://www.sec.gov/Archives/edgar/daily-index/2020/QTR1/master.20200204.idx,20200204,master.20200204.idx,before_handoff,listed_source_pending,
2020Q1,SEC-0119,https://www.sec.gov/Archives/edgar/daily-index/2020/QTR1/master.20200205.idx,20200205,master.20200205.idx,before_handoff,listed_source_pending,
2020Q1,SEC-0119,https://www.sec.gov/Archives/edgar/daily-index/2020/QTR1/master.20200206.idx,20200206,master.20200206.idx,before_handoff,listed_source_pending,
2020Q1,SEC-0119,https://www.sec.gov/Archives/edgar/daily-index/2020/QTR1/master.20200207.idx,20200207,master.20200207.idx,before_handoff,listed_source_pending,
2020Q1,SEC-0119,https://www.sec.gov/Archives/edgar/daily-index/2020/QTR1/master.20200210.idx,20200210,master.20200210.idx,before_handoff,listed_source_pending,
2020Q1,SEC-0119,https://www.sec.gov/Archives/edgar/daily-index/2020/QTR1/master.20200211.idx,20200211,master.20200211.idx,before_handoff,listed_source_pending,
2020Q1,SEC-0119,https://www.sec.gov/Archives/edgar/daily-index/2020/QTR1/master.20200212.idx,20200212,master.20200212.idx,before_handoff,listed_source_pending,
2020Q1,SEC-0119,https://www.sec.gov/Archives/edgar/daily-index/2020/QTR1/master.20200213.idx,20200213,master.20200213.idx,before_handoff,listed_source_pending,
2020Q1,SEC-0119,https://www.sec.gov/Archives/edgar/daily-index/2020/QTR1/master.20200214.idx,20200214,master.20200214.idx,before_handoff,listed_source_pending,
2020Q1,SEC-0119,https://www.sec.gov/Archives/edgar/daily-index/2020/QTR1/master.20200218.idx,20200218,master.20200218.idx,before_handoff,listed_source_pending,
2020Q1,SEC-0119,https://www.sec.gov/Archives/edgar/daily-index/2020/QTR1/master.20200219.idx,20200219,master.20200219.idx,before_handoff,listed_source_pending,
2020Q1,SEC-0119,https://www.sec.gov/Archives/edgar/daily-index/2020/QTR1/master.20200220.idx,20200220,master.20200220.idx,before_handoff,listed_source_pending,
2020Q1,SEC-0119,https://www.sec.gov/Archives/edgar/daily-index/2020/QTR1/master.20200221.idx,20200221,master.20200221.idx,before_handoff,listed_source_pending,
2020Q1,SEC-0119,https://www.sec.gov/Archives/edgar/daily-index/2020/QTR1/master.20200224.idx,20200224,master.20200224.idx,before_handoff,listed_source_pending,
2020Q1,SEC-0119,https://www.sec.gov/Archives/edgar/daily-index/2020/QTR1/master.20200225.idx,20200225,master.20200225.idx,before_handoff,listed_source_pending,
2020Q1,SEC-0119,https://www.sec.gov/Archives/edgar/daily-index/2020/QTR1/master.20200226.idx,20200226,master.20200226.idx,before_handoff,listed_source_pending,
2020Q1,SEC-0119,https://www.sec.gov/Archives/edgar/daily-index/2020/QTR1/master.20200227.idx,20200227,master.20200227.idx,before_handoff,listed_source_pending,
2020Q1,SEC-0119,https://www.sec.gov/Archives/edgar/daily-index/2020/QTR1/master.20200228.idx,20200228,master.20200228.idx,before_handoff,listed_source_pending,
2020Q1,SEC-0119,https://www.sec.gov/Archives/edgar/daily-index/2020/QTR1/master.20200302.idx,20200302,master.20200302.idx,before_handoff,listed_source_pending,
2020Q1,SEC-0119,https://www.sec.gov/Archives/edgar/daily-index/2020/QTR1/master.20200303.idx,20200303,master.20200303.idx,before_handoff,listed_source_pending,
2020Q1,SEC-0119,https://www.sec.gov/Archives/edgar/daily-index/2020/QTR1/master.20200304.idx,20200304,master.20200304.idx,before_handoff,listed_source_pending,
2020Q1,SEC-0119,https://www.sec.gov/Archives/edgar/daily-index/2020/QTR1/master.20200305.idx,20200305,master.20200305.idx,before_handoff,listed_source_pending,
2020Q1,SEC-0119,https://www.sec.gov/Archives/edgar/daily-index/2020/QTR1/master.20200306.idx,20200306,master.20200306.idx,before_handoff,listed_source_pending,
2020Q1,SEC-0119,https://www.sec.gov/Archives/edgar/daily-index/2020/QTR1/master.20200309.idx,20200309,master.20200309.idx,before_handoff,listed_source_pending,
2020Q1,SEC-0119,https://www.sec.gov/Archives/edgar/daily-index/2020/QTR1/master.20200310.idx,20200310,master.20200310.idx,before_handoff,listed_source_pending,
2020Q1,SEC-0119,https://www.sec.gov/Archives/edgar/daily-index/2020/QTR1/master.20200311.idx,20200311,master.20200311.idx,before_handoff,listed_source_pending,
2020Q1,SEC-0119,https://www.sec.gov/Archives/edgar/daily-index/2020/QTR1/master.20200312.idx,20200312,master.20200312.idx,before_handoff,listed_source_pending,
2020Q1,SEC-0119,https://www.sec.gov/Archives/edgar/daily-index/2020/QTR1/master.20200313.idx,20200313,master.20200313.idx,before_handoff,listed_source_pending,
2020Q1,SEC-0119,https://www.sec.gov/Archives/edgar/daily-index/2020/QTR1/master.20200316.idx,20200316,master.20200316.idx,before_handoff,listed_source_pending,
2020Q1,SEC-0119,https://www.sec.gov/Archives/edgar/daily-index/2020/QTR1/master.20200317.idx,20200317,master.20200317.idx,before_handoff,listed_source_pending,
2020Q1,SEC-0119,https://www.sec.gov/Archives/edgar/daily-index/2020/QTR1/master.20200318.idx,20200318,master.20200318.idx,before_handoff,listed_source_pending,
2020Q1,SEC-0119,https://www.sec.gov/Archives/edgar/daily-index/2020/QTR1/master.20200319.idx,20200319,master.20200319.idx,before_handoff,listed_source_pending,
2020Q1,SEC-0119,https://www.sec.gov/Archives/edgar/daily-index/2020/QTR1/master.20200320.idx,20200320,master.20200320.idx,before_handoff,listed_source_pending,
2020Q1,SEC-0119,https://www.sec.gov/Archives/edgar/daily-index/2020/QTR1/master.20200323.idx,20200323,master.20200323.idx,before_handoff,listed_source_pending,
2020Q1,SEC-0119,https://www.sec.gov/Archives/edgar/daily-index/2020/QTR1/master.20200324.idx,20200324,master.20200324.idx,before_handoff,listed_source_pending,
2020Q1,SEC-0119,https://www.sec.gov/Archives/edgar/daily-index/2020/QTR1/master.20200325.idx,20200325,master.20200325.idx,before_handoff,listed_source_pending,
2020Q1,SEC-0119,https://www.sec.gov/Archives/edgar/daily-index/2020/QTR1/master.20200326.idx,20200326,master.20200326.idx,before_handoff,listed_source_pending,
2020Q1,SEC-0119,https://www.sec.gov/Archives/edgar/daily-index/2020/QTR1/master.20200327.idx,20200327,master.20200327.idx,before_handoff,listed_source_pending,
2020Q1,SEC-0119,https://www.sec.gov/Archives/edgar/daily-index/2020/QTR1/master.20200330.idx,20200330,master.20200330.idx,before_handoff,listed_source_pending,
2020Q1,SEC-0119,https://www.sec.gov/Archives/edgar/daily-index/2020/QTR1/master.20200331.idx,20200331,master.20200331.idx,before_handoff,listed_source_pending,
2020Q2,SEC-0118,https://www.sec.gov/Archives/edgar/daily-index/2020/QTR2/index.json,,directory_summary,Historical boundary,listed_uninspected,GAP-D-2020Q2
2020Q3,SEC-0118,https://www.sec.gov/Archives/edgar/daily-index/2020/QTR3/index.json,,directory_summary,Historical boundary,listed_uninspected,GAP-D-2020Q3
2020Q4,SEC-0120,https://www.sec.gov/Archives/edgar/daily-index/2020/QTR4/index.json,,directory_summary,historical/preceding,available,
2020Q4,SEC-0120,https://www.sec.gov/Archives/edgar/daily-index/2020/QTR4/master.20201001.idx,20201001,master.20201001.idx,before_handoff,listed_source_pending,
2020Q4,SEC-0120,https://www.sec.gov/Archives/edgar/daily-index/2020/QTR4/master.20201002.idx,20201002,master.20201002.idx,before_handoff,listed_source_pending,
2020Q4,SEC-0120,https://www.sec.gov/Archives/edgar/daily-index/2020/QTR4/master.20201005.idx,20201005,master.20201005.idx,before_handoff,listed_source_pending,
2020Q4,SEC-0120,https://www.sec.gov/Archives/edgar/daily-index/2020/QTR4/master.20201006.idx,20201006,master.20201006.idx,before_handoff,listed_source_pending,
2020Q4,SEC-0120,https://www.sec.gov/Archives/edgar/daily-index/2020/QTR4/master.20201007.idx,20201007,master.20201007.idx,before_handoff,listed_source_pending,
2020Q4,SEC-0120,https://www.sec.gov/Archives/edgar/daily-index/2020/QTR4/master.20201008.idx,20201008,master.20201008.idx,before_handoff,listed_source_pending,
2020Q4,SEC-0120,https://www.sec.gov/Archives/edgar/daily-index/2020/QTR4/master.20201009.idx,20201009,master.20201009.idx,before_handoff,listed_source_pending,
2020Q4,SEC-0120,https://www.sec.gov/Archives/edgar/daily-index/2020/QTR4/master.20201013.idx,20201013,master.20201013.idx,before_handoff,listed_source_pending,
2020Q4,SEC-0120,https://www.sec.gov/Archives/edgar/daily-index/2020/QTR4/master.20201014.idx,20201014,master.20201014.idx,before_handoff,listed_source_pending,
2020Q4,SEC-0120,https://www.sec.gov/Archives/edgar/daily-index/2020/QTR4/master.20201015.idx,20201015,master.20201015.idx,before_handoff,listed_source_pending,
2020Q4,SEC-0120,https://www.sec.gov/Archives/edgar/daily-index/2020/QTR4/master.20201016.idx,20201016,master.20201016.idx,before_handoff,listed_source_pending,
2020Q4,SEC-0120,https://www.sec.gov/Archives/edgar/daily-index/2020/QTR4/master.20201019.idx,20201019,master.20201019.idx,before_handoff,listed_source_pending,
2020Q4,SEC-0120,https://www.sec.gov/Archives/edgar/daily-index/2020/QTR4/master.20201020.idx,20201020,master.20201020.idx,before_handoff,listed_source_pending,
2020Q4,SEC-0120,https://www.sec.gov/Archives/edgar/daily-index/2020/QTR4/master.20201021.idx,20201021,master.20201021.idx,before_handoff,listed_source_pending,
2020Q4,SEC-0120,https://www.sec.gov/Archives/edgar/daily-index/2020/QTR4/master.20201022.idx,20201022,master.20201022.idx,before_handoff,listed_source_pending,
2020Q4,SEC-0120,https://www.sec.gov/Archives/edgar/daily-index/2020/QTR4/master.20201023.idx,20201023,master.20201023.idx,before_handoff,listed_source_pending,
2020Q4,SEC-0120,https://www.sec.gov/Archives/edgar/daily-index/2020/QTR4/master.20201026.idx,20201026,master.20201026.idx,before_handoff,listed_source_pending,
2020Q4,SEC-0120,https://www.sec.gov/Archives/edgar/daily-index/2020/QTR4/master.20201027.idx,20201027,master.20201027.idx,before_handoff,listed_source_pending,
2020Q4,SEC-0120,https://www.sec.gov/Archives/edgar/daily-index/2020/QTR4/master.20201028.idx,20201028,master.20201028.idx,before_handoff,listed_source_pending,
2020Q4,SEC-0120,https://www.sec.gov/Archives/edgar/daily-index/2020/QTR4/master.20201029.idx,20201029,master.20201029.idx,before_handoff,listed_source_pending,
2020Q4,SEC-0120,https://www.sec.gov/Archives/edgar/daily-index/2020/QTR4/master.20201030.idx,20201030,master.20201030.idx,before_handoff,listed_source_pending,
2020Q4,SEC-0120,https://www.sec.gov/Archives/edgar/daily-index/2020/QTR4/master.20201102.idx,20201102,master.20201102.idx,before_handoff,listed_source_pending,
2020Q4,SEC-0120,https://www.sec.gov/Archives/edgar/daily-index/2020/QTR4/master.20201103.idx,20201103,master.20201103.idx,before_handoff,listed_source_pending,
2020Q4,SEC-0120,https://www.sec.gov/Archives/edgar/daily-index/2020/QTR4/master.20201104.idx,20201104,master.20201104.idx,before_handoff,listed_source_pending,
2020Q4,SEC-0120,https://www.sec.gov/Archives/edgar/daily-index/2020/QTR4/master.20201105.idx,20201105,master.20201105.idx,before_handoff,listed_source_pending,
2020Q4,SEC-0120,https://www.sec.gov/Archives/edgar/daily-index/2020/QTR4/master.20201106.idx,20201106,master.20201106.idx,before_handoff,listed_source_pending,
2020Q4,SEC-0120,https://www.sec.gov/Archives/edgar/daily-index/2020/QTR4/master.20201109.idx,20201109,master.20201109.idx,before_handoff,listed_source_pending,
2020Q4,SEC-0120,https://www.sec.gov/Archives/edgar/daily-index/2020/QTR4/master.20201110.idx,20201110,master.20201110.idx,before_handoff,listed_source_pending,
2020Q4,SEC-0120,https://www.sec.gov/Archives/edgar/daily-index/2020/QTR4/master.20201112.idx,20201112,master.20201112.idx,before_handoff,listed_source_pending,
2020Q4,SEC-0120,https://www.sec.gov/Archives/edgar/daily-index/2020/QTR4/master.20201113.idx,20201113,master.20201113.idx,before_handoff,listed_source_pending,
2020Q4,SEC-0120,https://www.sec.gov/Archives/edgar/daily-index/2020/QTR4/master.20201116.idx,20201116,master.20201116.idx,before_handoff,listed_source_pending,
2020Q4,SEC-0120,https://www.sec.gov/Archives/edgar/daily-index/2020/QTR4/master.20201117.idx,20201117,master.20201117.idx,before_handoff,listed_source_pending,
2020Q4,SEC-0120,https://www.sec.gov/Archives/edgar/daily-index/2020/QTR4/master.20201118.idx,20201118,master.20201118.idx,before_handoff,listed_source_pending,
2020Q4,SEC-0120,https://www.sec.gov/Archives/edgar/daily-index/2020/QTR4/master.20201119.idx,20201119,master.20201119.idx,before_handoff,listed_source_pending,
2020Q4,SEC-0120,https://www.sec.gov/Archives/edgar/daily-index/2020/QTR4/master.20201120.idx,20201120,master.20201120.idx,before_handoff,listed_source_pending,
2020Q4,SEC-0120,https://www.sec.gov/Archives/edgar/daily-index/2020/QTR4/master.20201123.idx,20201123,master.20201123.idx,before_handoff,listed_source_pending,
2020Q4,SEC-0120,https://www.sec.gov/Archives/edgar/daily-index/2020/QTR4/master.20201124.idx,20201124,master.20201124.idx,before_handoff,listed_source_pending,
2020Q4,SEC-0120,https://www.sec.gov/Archives/edgar/daily-index/2020/QTR4/master.20201125.idx,20201125,master.20201125.idx,before_handoff,listed_source_pending,
2020Q4,SEC-0120,https://www.sec.gov/Archives/edgar/daily-index/2020/QTR4/master.20201127.idx,20201127,master.20201127.idx,before_handoff,listed_source_pending,
2020Q4,SEC-0120,https://www.sec.gov/Archives/edgar/daily-index/2020/QTR4/master.20201130.idx,20201130,master.20201130.idx,before_handoff,listed_source_pending,
2020Q4,SEC-0120,https://www.sec.gov/Archives/edgar/daily-index/2020/QTR4/master.20201201.idx,20201201,master.20201201.idx,before_handoff,listed_source_pending,
2020Q4,SEC-0120,https://www.sec.gov/Archives/edgar/daily-index/2020/QTR4/master.20201202.idx,20201202,master.20201202.idx,before_handoff,listed_source_pending,
2020Q4,SEC-0120,https://www.sec.gov/Archives/edgar/daily-index/2020/QTR4/master.20201203.idx,20201203,master.20201203.idx,before_handoff,listed_source_pending,
2020Q4,SEC-0120,https://www.sec.gov/Archives/edgar/daily-index/2020/QTR4/master.20201204.idx,20201204,master.20201204.idx,before_handoff,listed_source_pending,
2020Q4,SEC-0120,https://www.sec.gov/Archives/edgar/daily-index/2020/QTR4/master.20201207.idx,20201207,master.20201207.idx,before_handoff,listed_source_pending,
2020Q4,SEC-0120,https://www.sec.gov/Archives/edgar/daily-index/2020/QTR4/master.20201208.idx,20201208,master.20201208.idx,before_handoff,listed_source_pending,
2020Q4,SEC-0120,https://www.sec.gov/Archives/edgar/daily-index/2020/QTR4/master.20201209.idx,20201209,master.20201209.idx,before_handoff,listed_source_pending,
2020Q4,SEC-0120,https://www.sec.gov/Archives/edgar/daily-index/2020/QTR4/master.20201210.idx,20201210,master.20201210.idx,before_handoff,listed_source_pending,
2020Q4,SEC-0120,https://www.sec.gov/Archives/edgar/daily-index/2020/QTR4/master.20201211.idx,20201211,master.20201211.idx,before_handoff,listed_source_pending,
2020Q4,SEC-0120,https://www.sec.gov/Archives/edgar/daily-index/2020/QTR4/master.20201214.idx,20201214,master.20201214.idx,before_handoff,listed_source_pending,
2020Q4,SEC-0120,https://www.sec.gov/Archives/edgar/daily-index/2020/QTR4/master.20201215.idx,20201215,master.20201215.idx,before_handoff,listed_source_pending,
2020Q4,SEC-0120,https://www.sec.gov/Archives/edgar/daily-index/2020/QTR4/master.20201216.idx,20201216,master.20201216.idx,before_handoff,listed_source_pending,
2020Q4,SEC-0120,https://www.sec.gov/Archives/edgar/daily-index/2020/QTR4/master.20201217.idx,20201217,master.20201217.idx,before_handoff,listed_source_pending,
2020Q4,SEC-0120,https://www.sec.gov/Archives/edgar/daily-index/2020/QTR4/master.20201218.idx,20201218,master.20201218.idx,before_handoff,listed_source_pending,
2020Q4,SEC-0120,https://www.sec.gov/Archives/edgar/daily-index/2020/QTR4/master.20201221.idx,20201221,master.20201221.idx,before_handoff,listed_source_pending,
2020Q4,SEC-0120,https://www.sec.gov/Archives/edgar/daily-index/2020/QTR4/master.20201222.idx,20201222,master.20201222.idx,before_handoff,listed_source_pending,
2020Q4,SEC-0120,https://www.sec.gov/Archives/edgar/daily-index/2020/QTR4/master.20201223.idx,20201223,master.20201223.idx,before_handoff,listed_source_pending,
2020Q4,SEC-0120,https://www.sec.gov/Archives/edgar/daily-index/2020/QTR4/master.20201228.idx,20201228,master.20201228.idx,before_handoff,listed_source_pending,
2020Q4,SEC-0120,https://www.sec.gov/Archives/edgar/daily-index/2020/QTR4/master.20201229.idx,20201229,master.20201229.idx,before_handoff,listed_source_pending,
2020Q4,SEC-0120,https://www.sec.gov/Archives/edgar/daily-index/2020/QTR4/master.20201230.idx,20201230,master.20201230.idx,before_handoff,listed_source_pending,
2020Q4,SEC-0120,https://www.sec.gov/Archives/edgar/daily-index/2020/QTR4/master.20201231.idx,20201231,master.20201231.idx,before_handoff,listed_source_pending,
2021,SEC-0121,https://www.sec.gov/Archives/edgar/daily-index/2021/index.json,,year_summary,Historical boundary,available,
2021Q1,SEC-0122,https://www.sec.gov/Archives/edgar/daily-index/2021/QTR1/index.json,,directory_summary,historical/preceding,available,
2021Q1,SEC-0122,https://www.sec.gov/Archives/edgar/daily-index/2021/QTR1/master.20210104.idx,20210104,master.20210104.idx,before_handoff,listed_source_pending,
2021Q1,SEC-0122,https://www.sec.gov/Archives/edgar/daily-index/2021/QTR1/master.20210105.idx,20210105,master.20210105.idx,before_handoff,listed_source_pending,
2021Q1,SEC-0122,https://www.sec.gov/Archives/edgar/daily-index/2021/QTR1/master.20210106.idx,20210106,master.20210106.idx,before_handoff,listed_source_pending,
2021Q1,SEC-0122,https://www.sec.gov/Archives/edgar/daily-index/2021/QTR1/master.20210107.idx,20210107,master.20210107.idx,before_handoff,listed_source_pending,
2021Q1,SEC-0122,https://www.sec.gov/Archives/edgar/daily-index/2021/QTR1/master.20210108.idx,20210108,master.20210108.idx,before_handoff,listed_source_pending,
2021Q1,SEC-0122,https://www.sec.gov/Archives/edgar/daily-index/2021/QTR1/master.20210111.idx,20210111,master.20210111.idx,before_handoff,listed_source_pending,
2021Q1,SEC-0122,https://www.sec.gov/Archives/edgar/daily-index/2021/QTR1/master.20210112.idx,20210112,master.20210112.idx,before_handoff,listed_source_pending,
2021Q1,SEC-0122,https://www.sec.gov/Archives/edgar/daily-index/2021/QTR1/master.20210113.idx,20210113,master.20210113.idx,before_handoff,listed_source_pending,
2021Q1,SEC-0122,https://www.sec.gov/Archives/edgar/daily-index/2021/QTR1/master.20210114.idx,20210114,master.20210114.idx,before_handoff,listed_source_pending,
2021Q1,SEC-0122,https://www.sec.gov/Archives/edgar/daily-index/2021/QTR1/master.20210115.idx,20210115,master.20210115.idx,before_handoff,listed_source_pending,
2021Q1,SEC-0122,https://www.sec.gov/Archives/edgar/daily-index/2021/QTR1/master.20210119.idx,20210119,master.20210119.idx,before_handoff,listed_source_pending,
2021Q1,SEC-0122,https://www.sec.gov/Archives/edgar/daily-index/2021/QTR1/master.20210120.idx,20210120,master.20210120.idx,before_handoff,listed_source_pending,
2021Q1,SEC-0122,https://www.sec.gov/Archives/edgar/daily-index/2021/QTR1/master.20210121.idx,20210121,master.20210121.idx,before_handoff,listed_source_pending,
2021Q1,SEC-0122,https://www.sec.gov/Archives/edgar/daily-index/2021/QTR1/master.20210122.idx,20210122,master.20210122.idx,before_handoff,listed_source_pending,
2021Q1,SEC-0122,https://www.sec.gov/Archives/edgar/daily-index/2021/QTR1/master.20210125.idx,20210125,master.20210125.idx,before_handoff,listed_source_pending,
2021Q1,SEC-0122,https://www.sec.gov/Archives/edgar/daily-index/2021/QTR1/master.20210126.idx,20210126,master.20210126.idx,before_handoff,listed_source_pending,
2021Q1,SEC-0122,https://www.sec.gov/Archives/edgar/daily-index/2021/QTR1/master.20210127.idx,20210127,master.20210127.idx,before_handoff,listed_source_pending,
2021Q1,SEC-0122,https://www.sec.gov/Archives/edgar/daily-index/2021/QTR1/master.20210128.idx,20210128,master.20210128.idx,before_handoff,listed_source_pending,
2021Q1,SEC-0122,https://www.sec.gov/Archives/edgar/daily-index/2021/QTR1/master.20210129.idx,20210129,master.20210129.idx,before_handoff,listed_source_pending,
2021Q1,SEC-0122,https://www.sec.gov/Archives/edgar/daily-index/2021/QTR1/master.20210201.idx,20210201,master.20210201.idx,before_handoff,listed_source_pending,
2021Q1,SEC-0122,https://www.sec.gov/Archives/edgar/daily-index/2021/QTR1/master.20210202.idx,20210202,master.20210202.idx,before_handoff,listed_source_pending,
2021Q1,SEC-0122,https://www.sec.gov/Archives/edgar/daily-index/2021/QTR1/master.20210203.idx,20210203,master.20210203.idx,before_handoff,listed_source_pending,
2021Q1,SEC-0122,https://www.sec.gov/Archives/edgar/daily-index/2021/QTR1/master.20210204.idx,20210204,master.20210204.idx,before_handoff,listed_source_pending,
2021Q1,SEC-0122,https://www.sec.gov/Archives/edgar/daily-index/2021/QTR1/master.20210205.idx,20210205,master.20210205.idx,before_handoff,listed_source_pending,
2021Q1,SEC-0122,https://www.sec.gov/Archives/edgar/daily-index/2021/QTR1/master.20210208.idx,20210208,master.20210208.idx,before_handoff,listed_source_pending,
2021Q1,SEC-0122,https://www.sec.gov/Archives/edgar/daily-index/2021/QTR1/master.20210209.idx,20210209,master.20210209.idx,before_handoff,listed_source_pending,
2021Q1,SEC-0122,https://www.sec.gov/Archives/edgar/daily-index/2021/QTR1/master.20210210.idx,20210210,master.20210210.idx,before_handoff,listed_source_pending,
2021Q1,SEC-0122,https://www.sec.gov/Archives/edgar/daily-index/2021/QTR1/master.20210211.idx,20210211,master.20210211.idx,before_handoff,listed_source_pending,
2021Q1,SEC-0122,https://www.sec.gov/Archives/edgar/daily-index/2021/QTR1/master.20210212.idx,20210212,master.20210212.idx,before_handoff,listed_source_pending,
2021Q1,SEC-0122,https://www.sec.gov/Archives/edgar/daily-index/2021/QTR1/master.20210216.idx,20210216,master.20210216.idx,before_handoff,listed_source_pending,
2021Q1,SEC-0122,https://www.sec.gov/Archives/edgar/daily-index/2021/QTR1/master.20210217.idx,20210217,master.20210217.idx,before_handoff,listed_source_pending,
2021Q1,SEC-0122,https://www.sec.gov/Archives/edgar/daily-index/2021/QTR1/master.20210218.idx,20210218,master.20210218.idx,before_handoff,listed_source_pending,
2021Q1,SEC-0122,https://www.sec.gov/Archives/edgar/daily-index/2021/QTR1/master.20210219.idx,20210219,master.20210219.idx,before_handoff,listed_source_pending,
2021Q1,SEC-0122,https://www.sec.gov/Archives/edgar/daily-index/2021/QTR1/master.20210222.idx,20210222,master.20210222.idx,before_handoff,listed_source_pending,
2021Q1,SEC-0122,https://www.sec.gov/Archives/edgar/daily-index/2021/QTR1/master.20210223.idx,20210223,master.20210223.idx,before_handoff,listed_source_pending,
2021Q1,SEC-0122,https://www.sec.gov/Archives/edgar/daily-index/2021/QTR1/master.20210224.idx,20210224,master.20210224.idx,before_handoff,listed_source_pending,
2021Q1,SEC-0122,https://www.sec.gov/Archives/edgar/daily-index/2021/QTR1/master.20210225.idx,20210225,master.20210225.idx,before_handoff,listed_source_pending,
2021Q1,SEC-0122,https://www.sec.gov/Archives/edgar/daily-index/2021/QTR1/master.20210226.idx,20210226,master.20210226.idx,before_handoff,listed_source_pending,
2021Q1,SEC-0122,https://www.sec.gov/Archives/edgar/daily-index/2021/QTR1/master.20210301.idx,20210301,master.20210301.idx,before_handoff,listed_source_pending,
2021Q1,SEC-0122,https://www.sec.gov/Archives/edgar/daily-index/2021/QTR1/master.20210302.idx,20210302,master.20210302.idx,before_handoff,listed_source_pending,
2021Q1,SEC-0122,https://www.sec.gov/Archives/edgar/daily-index/2021/QTR1/master.20210303.idx,20210303,master.20210303.idx,before_handoff,listed_source_pending,
2021Q1,SEC-0122,https://www.sec.gov/Archives/edgar/daily-index/2021/QTR1/master.20210304.idx,20210304,master.20210304.idx,before_handoff,listed_source_pending,
2021Q1,SEC-0122,https://www.sec.gov/Archives/edgar/daily-index/2021/QTR1/master.20210305.idx,20210305,master.20210305.idx,before_handoff,listed_source_pending,
2021Q1,SEC-0122,https://www.sec.gov/Archives/edgar/daily-index/2021/QTR1/master.20210308.idx,20210308,master.20210308.idx,before_handoff,listed_source_pending,
2021Q1,SEC-0122,https://www.sec.gov/Archives/edgar/daily-index/2021/QTR1/master.20210309.idx,20210309,master.20210309.idx,before_handoff,listed_source_pending,
2021Q1,SEC-0122,https://www.sec.gov/Archives/edgar/daily-index/2021/QTR1/master.20210310.idx,20210310,master.20210310.idx,before_handoff,listed_source_pending,
2021Q1,SEC-0122,https://www.sec.gov/Archives/edgar/daily-index/2021/QTR1/master.20210311.idx,20210311,master.20210311.idx,before_handoff,listed_source_pending,
2021Q1,SEC-0122,https://www.sec.gov/Archives/edgar/daily-index/2021/QTR1/master.20210312.idx,20210312,master.20210312.idx,before_handoff,listed_source_pending,
2021Q1,SEC-0122,https://www.sec.gov/Archives/edgar/daily-index/2021/QTR1/master.20210315.idx,20210315,master.20210315.idx,before_handoff,listed_source_pending,
2021Q1,SEC-0122,https://www.sec.gov/Archives/edgar/daily-index/2021/QTR1/master.20210316.idx,20210316,master.20210316.idx,before_handoff,listed_source_pending,
2021Q1,SEC-0122,https://www.sec.gov/Archives/edgar/daily-index/2021/QTR1/master.20210317.idx,20210317,master.20210317.idx,before_handoff,listed_source_pending,
2021Q1,SEC-0122,https://www.sec.gov/Archives/edgar/daily-index/2021/QTR1/master.20210318.idx,20210318,master.20210318.idx,before_handoff,listed_source_pending,
2021Q1,SEC-0122,https://www.sec.gov/Archives/edgar/daily-index/2021/QTR1/master.20210319.idx,20210319,master.20210319.idx,before_handoff,listed_source_pending,
2021Q1,SEC-0122,https://www.sec.gov/Archives/edgar/daily-index/2021/QTR1/master.20210322.idx,20210322,master.20210322.idx,before_handoff,listed_source_pending,
2021Q1,SEC-0122,https://www.sec.gov/Archives/edgar/daily-index/2021/QTR1/master.20210323.idx,20210323,master.20210323.idx,before_handoff,listed_source_pending,
2021Q1,SEC-0122,https://www.sec.gov/Archives/edgar/daily-index/2021/QTR1/master.20210324.idx,20210324,master.20210324.idx,before_handoff,listed_source_pending,
2021Q1,SEC-0122,https://www.sec.gov/Archives/edgar/daily-index/2021/QTR1/master.20210325.idx,20210325,master.20210325.idx,before_handoff,listed_source_pending,
2021Q1,SEC-0122,https://www.sec.gov/Archives/edgar/daily-index/2021/QTR1/master.20210326.idx,20210326,master.20210326.idx,before_handoff,listed_source_pending,
2021Q1,SEC-0122,https://www.sec.gov/Archives/edgar/daily-index/2021/QTR1/master.20210329.idx,20210329,master.20210329.idx,before_handoff,listed_source_pending,
2021Q1,SEC-0122,https://www.sec.gov/Archives/edgar/daily-index/2021/QTR1/master.20210330.idx,20210330,master.20210330.idx,before_handoff,listed_source_pending,
2021Q1,SEC-0122,https://www.sec.gov/Archives/edgar/daily-index/2021/QTR1/master.20210331.idx,20210331,master.20210331.idx,before_handoff,listed_source_pending,
2021Q2,SEC-0121,https://www.sec.gov/Archives/edgar/daily-index/2021/QTR2/index.json,,directory_summary,Historical boundary,listed_uninspected,GAP-D-2021Q2
2021Q3,SEC-0121,https://www.sec.gov/Archives/edgar/daily-index/2021/QTR3/index.json,,directory_summary,Historical boundary,listed_uninspected,GAP-D-2021Q3
2021Q4,SEC-0123,https://www.sec.gov/Archives/edgar/daily-index/2021/QTR4/index.json,,directory_summary,historical/preceding,available,
2021Q4,SEC-0123,https://www.sec.gov/Archives/edgar/daily-index/2021/QTR4/master.20211001.idx,20211001,master.20211001.idx,before_handoff,listed_source_pending,
2021Q4,SEC-0123,https://www.sec.gov/Archives/edgar/daily-index/2021/QTR4/master.20211004.idx,20211004,master.20211004.idx,before_handoff,listed_source_pending,
2021Q4,SEC-0123,https://www.sec.gov/Archives/edgar/daily-index/2021/QTR4/master.20211005.idx,20211005,master.20211005.idx,before_handoff,listed_source_pending,
2021Q4,SEC-0123,https://www.sec.gov/Archives/edgar/daily-index/2021/QTR4/master.20211006.idx,20211006,master.20211006.idx,before_handoff,listed_source_pending,
2021Q4,SEC-0123,https://www.sec.gov/Archives/edgar/daily-index/2021/QTR4/master.20211007.idx,20211007,master.20211007.idx,before_handoff,listed_source_pending,
2021Q4,SEC-0123,https://www.sec.gov/Archives/edgar/daily-index/2021/QTR4/master.20211008.idx,20211008,master.20211008.idx,before_handoff,listed_source_pending,
2021Q4,SEC-0123,https://www.sec.gov/Archives/edgar/daily-index/2021/QTR4/master.20211012.idx,20211012,master.20211012.idx,before_handoff,listed_source_pending,
2021Q4,SEC-0123,https://www.sec.gov/Archives/edgar/daily-index/2021/QTR4/master.20211013.idx,20211013,master.20211013.idx,before_handoff,listed_source_pending,
2021Q4,SEC-0123,https://www.sec.gov/Archives/edgar/daily-index/2021/QTR4/master.20211014.idx,20211014,master.20211014.idx,before_handoff,listed_source_pending,
2021Q4,SEC-0123,https://www.sec.gov/Archives/edgar/daily-index/2021/QTR4/master.20211015.idx,20211015,master.20211015.idx,before_handoff,listed_source_pending,
2021Q4,SEC-0123,https://www.sec.gov/Archives/edgar/daily-index/2021/QTR4/master.20211018.idx,20211018,master.20211018.idx,before_handoff,listed_source_pending,
2021Q4,SEC-0123,https://www.sec.gov/Archives/edgar/daily-index/2021/QTR4/master.20211019.idx,20211019,master.20211019.idx,before_handoff,listed_source_pending,
2021Q4,SEC-0123,https://www.sec.gov/Archives/edgar/daily-index/2021/QTR4/master.20211020.idx,20211020,master.20211020.idx,before_handoff,listed_source_pending,
2021Q4,SEC-0123,https://www.sec.gov/Archives/edgar/daily-index/2021/QTR4/master.20211021.idx,20211021,master.20211021.idx,before_handoff,listed_source_pending,
2021Q4,SEC-0123,https://www.sec.gov/Archives/edgar/daily-index/2021/QTR4/master.20211022.idx,20211022,master.20211022.idx,before_handoff,listed_source_pending,
2021Q4,SEC-0123,https://www.sec.gov/Archives/edgar/daily-index/2021/QTR4/master.20211025.idx,20211025,master.20211025.idx,before_handoff,listed_source_pending,
2021Q4,SEC-0123,https://www.sec.gov/Archives/edgar/daily-index/2021/QTR4/master.20211026.idx,20211026,master.20211026.idx,before_handoff,listed_source_pending,
2021Q4,SEC-0123,https://www.sec.gov/Archives/edgar/daily-index/2021/QTR4/master.20211027.idx,20211027,master.20211027.idx,before_handoff,listed_source_pending,
2021Q4,SEC-0123,https://www.sec.gov/Archives/edgar/daily-index/2021/QTR4/master.20211028.idx,20211028,master.20211028.idx,before_handoff,listed_source_pending,
2021Q4,SEC-0123,https://www.sec.gov/Archives/edgar/daily-index/2021/QTR4/master.20211029.idx,20211029,master.20211029.idx,before_handoff,listed_source_pending,
2021Q4,SEC-0123,https://www.sec.gov/Archives/edgar/daily-index/2021/QTR4/master.20211101.idx,20211101,master.20211101.idx,before_handoff,listed_source_pending,
2021Q4,SEC-0123,https://www.sec.gov/Archives/edgar/daily-index/2021/QTR4/master.20211102.idx,20211102,master.20211102.idx,before_handoff,listed_source_pending,
2021Q4,SEC-0123,https://www.sec.gov/Archives/edgar/daily-index/2021/QTR4/master.20211103.idx,20211103,master.20211103.idx,before_handoff,listed_source_pending,
2021Q4,SEC-0123,https://www.sec.gov/Archives/edgar/daily-index/2021/QTR4/master.20211104.idx,20211104,master.20211104.idx,before_handoff,listed_source_pending,
2021Q4,SEC-0123,https://www.sec.gov/Archives/edgar/daily-index/2021/QTR4/master.20211105.idx,20211105,master.20211105.idx,before_handoff,listed_source_pending,
2021Q4,SEC-0123,https://www.sec.gov/Archives/edgar/daily-index/2021/QTR4/master.20211108.idx,20211108,master.20211108.idx,before_handoff,listed_source_pending,
2021Q4,SEC-0123,https://www.sec.gov/Archives/edgar/daily-index/2021/QTR4/master.20211109.idx,20211109,master.20211109.idx,before_handoff,listed_source_pending,
2021Q4,SEC-0123,https://www.sec.gov/Archives/edgar/daily-index/2021/QTR4/master.20211110.idx,20211110,master.20211110.idx,before_handoff,listed_source_pending,
2021Q4,SEC-0123,https://www.sec.gov/Archives/edgar/daily-index/2021/QTR4/master.20211112.idx,20211112,master.20211112.idx,before_handoff,listed_source_pending,
2021Q4,SEC-0123,https://www.sec.gov/Archives/edgar/daily-index/2021/QTR4/master.20211115.idx,20211115,master.20211115.idx,before_handoff,listed_source_pending,
2021Q4,SEC-0123,https://www.sec.gov/Archives/edgar/daily-index/2021/QTR4/master.20211116.idx,20211116,master.20211116.idx,before_handoff,listed_source_pending,
2021Q4,SEC-0123,https://www.sec.gov/Archives/edgar/daily-index/2021/QTR4/master.20211117.idx,20211117,master.20211117.idx,before_handoff,listed_source_pending,
2021Q4,SEC-0123,https://www.sec.gov/Archives/edgar/daily-index/2021/QTR4/master.20211118.idx,20211118,master.20211118.idx,before_handoff,listed_source_pending,
2021Q4,SEC-0123,https://www.sec.gov/Archives/edgar/daily-index/2021/QTR4/master.20211119.idx,20211119,master.20211119.idx,before_handoff,listed_source_pending,
2021Q4,SEC-0123,https://www.sec.gov/Archives/edgar/daily-index/2021/QTR4/master.20211122.idx,20211122,master.20211122.idx,before_handoff,listed_source_pending,
2021Q4,SEC-0123,https://www.sec.gov/Archives/edgar/daily-index/2021/QTR4/master.20211123.idx,20211123,master.20211123.idx,before_handoff,listed_source_pending,
2021Q4,SEC-0123,https://www.sec.gov/Archives/edgar/daily-index/2021/QTR4/master.20211124.idx,20211124,master.20211124.idx,before_handoff,listed_source_pending,
2021Q4,SEC-0123,https://www.sec.gov/Archives/edgar/daily-index/2021/QTR4/master.20211126.idx,20211126,master.20211126.idx,before_handoff,listed_source_pending,
2021Q4,SEC-0123,https://www.sec.gov/Archives/edgar/daily-index/2021/QTR4/master.20211129.idx,20211129,master.20211129.idx,before_handoff,listed_source_pending,
2021Q4,SEC-0123,https://www.sec.gov/Archives/edgar/daily-index/2021/QTR4/master.20211130.idx,20211130,master.20211130.idx,before_handoff,listed_source_pending,
2021Q4,SEC-0123,https://www.sec.gov/Archives/edgar/daily-index/2021/QTR4/master.20211201.idx,20211201,master.20211201.idx,before_handoff,listed_source_pending,
2021Q4,SEC-0123,https://www.sec.gov/Archives/edgar/daily-index/2021/QTR4/master.20211202.idx,20211202,master.20211202.idx,before_handoff,listed_source_pending,
2021Q4,SEC-0123,https://www.sec.gov/Archives/edgar/daily-index/2021/QTR4/master.20211203.idx,20211203,master.20211203.idx,before_handoff,listed_source_pending,
2021Q4,SEC-0123,https://www.sec.gov/Archives/edgar/daily-index/2021/QTR4/master.20211206.idx,20211206,master.20211206.idx,before_handoff,listed_source_pending,
2021Q4,SEC-0123,https://www.sec.gov/Archives/edgar/daily-index/2021/QTR4/master.20211207.idx,20211207,master.20211207.idx,before_handoff,listed_source_pending,
2021Q4,SEC-0123,https://www.sec.gov/Archives/edgar/daily-index/2021/QTR4/master.20211208.idx,20211208,master.20211208.idx,before_handoff,listed_source_pending,
2021Q4,SEC-0123,https://www.sec.gov/Archives/edgar/daily-index/2021/QTR4/master.20211209.idx,20211209,master.20211209.idx,before_handoff,listed_source_pending,
2021Q4,SEC-0123,https://www.sec.gov/Archives/edgar/daily-index/2021/QTR4/master.20211210.idx,20211210,master.20211210.idx,before_handoff,listed_source_pending,
2021Q4,SEC-0123,https://www.sec.gov/Archives/edgar/daily-index/2021/QTR4/master.20211213.idx,20211213,master.20211213.idx,before_handoff,listed_source_pending,
2021Q4,SEC-0123,https://www.sec.gov/Archives/edgar/daily-index/2021/QTR4/master.20211214.idx,20211214,master.20211214.idx,before_handoff,listed_source_pending,
2021Q4,SEC-0123,https://www.sec.gov/Archives/edgar/daily-index/2021/QTR4/master.20211215.idx,20211215,master.20211215.idx,before_handoff,listed_source_pending,
2021Q4,SEC-0123,https://www.sec.gov/Archives/edgar/daily-index/2021/QTR4/master.20211216.idx,20211216,master.20211216.idx,before_handoff,listed_source_pending,
2021Q4,SEC-0123,https://www.sec.gov/Archives/edgar/daily-index/2021/QTR4/master.20211217.idx,20211217,master.20211217.idx,before_handoff,listed_source_pending,
2021Q4,SEC-0123,https://www.sec.gov/Archives/edgar/daily-index/2021/QTR4/master.20211220.idx,20211220,master.20211220.idx,before_handoff,listed_source_pending,
2021Q4,SEC-0123,https://www.sec.gov/Archives/edgar/daily-index/2021/QTR4/master.20211221.idx,20211221,master.20211221.idx,before_handoff,listed_source_pending,
2021Q4,SEC-0123,https://www.sec.gov/Archives/edgar/daily-index/2021/QTR4/master.20211222.idx,20211222,master.20211222.idx,before_handoff,listed_source_pending,
2021Q4,SEC-0123,https://www.sec.gov/Archives/edgar/daily-index/2021/QTR4/master.20211223.idx,20211223,master.20211223.idx,before_handoff,listed_source_pending,
2021Q4,SEC-0123,https://www.sec.gov/Archives/edgar/daily-index/2021/QTR4/master.20211227.idx,20211227,master.20211227.idx,before_handoff,listed_source_pending,
2021Q4,SEC-0123,https://www.sec.gov/Archives/edgar/daily-index/2021/QTR4/master.20211228.idx,20211228,master.20211228.idx,before_handoff,listed_source_pending,
2021Q4,SEC-0123,https://www.sec.gov/Archives/edgar/daily-index/2021/QTR4/master.20211229.idx,20211229,master.20211229.idx,before_handoff,listed_source_pending,
2021Q4,SEC-0123,https://www.sec.gov/Archives/edgar/daily-index/2021/QTR4/master.20211230.idx,20211230,master.20211230.idx,before_handoff,listed_source_pending,
2022,SEC-0124,https://www.sec.gov/Archives/edgar/daily-index/2022/index.json,,year_summary,Historical boundary,available,
2022Q1,SEC-0125,https://www.sec.gov/Archives/edgar/daily-index/2022/QTR1/index.json,,directory_summary,historical/preceding,available,
2022Q1,SEC-0125,https://www.sec.gov/Archives/edgar/daily-index/2022/QTR1/master.20220103.idx,20220103,master.20220103.idx,before_handoff,listed_source_pending,
2022Q1,SEC-0125,https://www.sec.gov/Archives/edgar/daily-index/2022/QTR1/master.20220104.idx,20220104,master.20220104.idx,before_handoff,listed_source_pending,
2022Q1,SEC-0125,https://www.sec.gov/Archives/edgar/daily-index/2022/QTR1/master.20220105.idx,20220105,master.20220105.idx,before_handoff,listed_source_pending,
2022Q1,SEC-0125,https://www.sec.gov/Archives/edgar/daily-index/2022/QTR1/master.20220106.idx,20220106,master.20220106.idx,before_handoff,listed_source_pending,
2022Q1,SEC-0125,https://www.sec.gov/Archives/edgar/daily-index/2022/QTR1/master.20220107.idx,20220107,master.20220107.idx,before_handoff,listed_source_pending,
2022Q1,SEC-0125,https://www.sec.gov/Archives/edgar/daily-index/2022/QTR1/master.20220110.idx,20220110,master.20220110.idx,before_handoff,listed_source_pending,
2022Q1,SEC-0125,https://www.sec.gov/Archives/edgar/daily-index/2022/QTR1/master.20220111.idx,20220111,master.20220111.idx,before_handoff,listed_source_pending,
2022Q1,SEC-0125,https://www.sec.gov/Archives/edgar/daily-index/2022/QTR1/master.20220112.idx,20220112,master.20220112.idx,before_handoff,listed_source_pending,
2022Q1,SEC-0125,https://www.sec.gov/Archives/edgar/daily-index/2022/QTR1/master.20220113.idx,20220113,master.20220113.idx,before_handoff,listed_source_pending,
2022Q1,SEC-0125,https://www.sec.gov/Archives/edgar/daily-index/2022/QTR1/master.20220114.idx,20220114,master.20220114.idx,before_handoff,listed_source_pending,
2022Q1,SEC-0125,https://www.sec.gov/Archives/edgar/daily-index/2022/QTR1/master.20220118.idx,20220118,master.20220118.idx,before_handoff,listed_source_pending,
2022Q1,SEC-0125,https://www.sec.gov/Archives/edgar/daily-index/2022/QTR1/master.20220119.idx,20220119,master.20220119.idx,before_handoff,listed_source_pending,
2022Q1,SEC-0125,https://www.sec.gov/Archives/edgar/daily-index/2022/QTR1/master.20220120.idx,20220120,master.20220120.idx,before_handoff,listed_source_pending,
2022Q1,SEC-0125,https://www.sec.gov/Archives/edgar/daily-index/2022/QTR1/master.20220121.idx,20220121,master.20220121.idx,before_handoff,listed_source_pending,
2022Q1,SEC-0125,https://www.sec.gov/Archives/edgar/daily-index/2022/QTR1/master.20220124.idx,20220124,master.20220124.idx,before_handoff,listed_source_pending,
2022Q1,SEC-0125,https://www.sec.gov/Archives/edgar/daily-index/2022/QTR1/master.20220125.idx,20220125,master.20220125.idx,before_handoff,listed_source_pending,
2022Q1,SEC-0125,https://www.sec.gov/Archives/edgar/daily-index/2022/QTR1/master.20220126.idx,20220126,master.20220126.idx,before_handoff,listed_source_pending,
2022Q1,SEC-0125,https://www.sec.gov/Archives/edgar/daily-index/2022/QTR1/master.20220127.idx,20220127,master.20220127.idx,before_handoff,listed_source_pending,
2022Q1,SEC-0125,https://www.sec.gov/Archives/edgar/daily-index/2022/QTR1/master.20220128.idx,20220128,master.20220128.idx,before_handoff,listed_source_pending,
2022Q1,SEC-0125,https://www.sec.gov/Archives/edgar/daily-index/2022/QTR1/master.20220131.idx,20220131,master.20220131.idx,before_handoff,listed_source_pending,
2022Q1,SEC-0125,https://www.sec.gov/Archives/edgar/daily-index/2022/QTR1/master.20220201.idx,20220201,master.20220201.idx,before_handoff,listed_source_pending,
2022Q1,SEC-0125,https://www.sec.gov/Archives/edgar/daily-index/2022/QTR1/master.20220202.idx,20220202,master.20220202.idx,before_handoff,listed_source_pending,
2022Q1,SEC-0125,https://www.sec.gov/Archives/edgar/daily-index/2022/QTR1/master.20220203.idx,20220203,master.20220203.idx,before_handoff,listed_source_pending,
2022Q1,SEC-0125,https://www.sec.gov/Archives/edgar/daily-index/2022/QTR1/master.20220204.idx,20220204,master.20220204.idx,before_handoff,listed_source_pending,
2022Q1,SEC-0125,https://www.sec.gov/Archives/edgar/daily-index/2022/QTR1/master.20220207.idx,20220207,master.20220207.idx,before_handoff,listed_source_pending,
2022Q1,SEC-0125,https://www.sec.gov/Archives/edgar/daily-index/2022/QTR1/master.20220208.idx,20220208,master.20220208.idx,before_handoff,listed_source_pending,
2022Q1,SEC-0125,https://www.sec.gov/Archives/edgar/daily-index/2022/QTR1/master.20220209.idx,20220209,master.20220209.idx,before_handoff,listed_source_pending,
2022Q1,SEC-0125,https://www.sec.gov/Archives/edgar/daily-index/2022/QTR1/master.20220210.idx,20220210,master.20220210.idx,before_handoff,listed_source_pending,
2022Q1,SEC-0125,https://www.sec.gov/Archives/edgar/daily-index/2022/QTR1/master.20220211.idx,20220211,master.20220211.idx,before_handoff,listed_source_pending,
2022Q1,SEC-0125,https://www.sec.gov/Archives/edgar/daily-index/2022/QTR1/master.20220214.idx,20220214,master.20220214.idx,before_handoff,listed_source_pending,
2022Q1,SEC-0125,https://www.sec.gov/Archives/edgar/daily-index/2022/QTR1/master.20220215.idx,20220215,master.20220215.idx,before_handoff,listed_source_pending,
2022Q1,SEC-0125,https://www.sec.gov/Archives/edgar/daily-index/2022/QTR1/master.20220216.idx,20220216,master.20220216.idx,before_handoff,listed_source_pending,
2022Q1,SEC-0125,https://www.sec.gov/Archives/edgar/daily-index/2022/QTR1/master.20220217.idx,20220217,master.20220217.idx,before_handoff,listed_source_pending,
2022Q1,SEC-0125,https://www.sec.gov/Archives/edgar/daily-index/2022/QTR1/master.20220218.idx,20220218,master.20220218.idx,before_handoff,listed_source_pending,
2022Q1,SEC-0125,https://www.sec.gov/Archives/edgar/daily-index/2022/QTR1/master.20220222.idx,20220222,master.20220222.idx,before_handoff,listed_source_pending,
2022Q1,SEC-0125,https://www.sec.gov/Archives/edgar/daily-index/2022/QTR1/master.20220223.idx,20220223,master.20220223.idx,before_handoff,listed_source_pending,
2022Q1,SEC-0125,https://www.sec.gov/Archives/edgar/daily-index/2022/QTR1/master.20220224.idx,20220224,master.20220224.idx,before_handoff,listed_source_pending,
2022Q1,SEC-0125,https://www.sec.gov/Archives/edgar/daily-index/2022/QTR1/master.20220225.idx,20220225,master.20220225.idx,before_handoff,listed_source_pending,
2022Q1,SEC-0125,https://www.sec.gov/Archives/edgar/daily-index/2022/QTR1/master.20220228.idx,20220228,master.20220228.idx,before_handoff,listed_source_pending,
2022Q1,SEC-0125,https://www.sec.gov/Archives/edgar/daily-index/2022/QTR1/master.20220301.idx,20220301,master.20220301.idx,before_handoff,listed_source_pending,
2022Q1,SEC-0125,https://www.sec.gov/Archives/edgar/daily-index/2022/QTR1/master.20220302.idx,20220302,master.20220302.idx,before_handoff,listed_source_pending,
2022Q1,SEC-0125,https://www.sec.gov/Archives/edgar/daily-index/2022/QTR1/master.20220303.idx,20220303,master.20220303.idx,before_handoff,listed_source_pending,
2022Q1,SEC-0125,https://www.sec.gov/Archives/edgar/daily-index/2022/QTR1/master.20220304.idx,20220304,master.20220304.idx,before_handoff,listed_source_pending,
2022Q1,SEC-0125,https://www.sec.gov/Archives/edgar/daily-index/2022/QTR1/master.20220307.idx,20220307,master.20220307.idx,before_handoff,listed_source_pending,
2022Q1,SEC-0125,https://www.sec.gov/Archives/edgar/daily-index/2022/QTR1/master.20220308.idx,20220308,master.20220308.idx,before_handoff,listed_source_pending,
2022Q1,SEC-0125,https://www.sec.gov/Archives/edgar/daily-index/2022/QTR1/master.20220309.idx,20220309,master.20220309.idx,before_handoff,listed_source_pending,
2022Q1,SEC-0125,https://www.sec.gov/Archives/edgar/daily-index/2022/QTR1/master.20220310.idx,20220310,master.20220310.idx,before_handoff,listed_source_pending,
2022Q1,SEC-0125,https://www.sec.gov/Archives/edgar/daily-index/2022/QTR1/master.20220311.idx,20220311,master.20220311.idx,before_handoff,listed_source_pending,
2022Q1,SEC-0125,https://www.sec.gov/Archives/edgar/daily-index/2022/QTR1/master.20220314.idx,20220314,master.20220314.idx,before_handoff,listed_source_pending,
2022Q1,SEC-0125,https://www.sec.gov/Archives/edgar/daily-index/2022/QTR1/master.20220315.idx,20220315,master.20220315.idx,before_handoff,listed_source_pending,
2022Q1,SEC-0125,https://www.sec.gov/Archives/edgar/daily-index/2022/QTR1/master.20220316.idx,20220316,master.20220316.idx,before_handoff,listed_source_pending,
2022Q1,SEC-0125,https://www.sec.gov/Archives/edgar/daily-index/2022/QTR1/master.20220317.idx,20220317,master.20220317.idx,before_handoff,listed_source_pending,
2022Q1,SEC-0125,https://www.sec.gov/Archives/edgar/daily-index/2022/QTR1/master.20220318.idx,20220318,master.20220318.idx,before_handoff,listed_source_pending,
2022Q1,SEC-0125,https://www.sec.gov/Archives/edgar/daily-index/2022/QTR1/master.20220321.idx,20220321,master.20220321.idx,before_handoff,listed_source_pending,
2022Q1,SEC-0125,https://www.sec.gov/Archives/edgar/daily-index/2022/QTR1/master.20220322.idx,20220322,master.20220322.idx,before_handoff,listed_source_pending,
2022Q1,SEC-0125,https://www.sec.gov/Archives/edgar/daily-index/2022/QTR1/master.20220323.idx,20220323,master.20220323.idx,before_handoff,listed_source_pending,
2022Q1,SEC-0125,https://www.sec.gov/Archives/edgar/daily-index/2022/QTR1/master.20220324.idx,20220324,master.20220324.idx,before_handoff,listed_source_pending,
2022Q1,SEC-0125,https://www.sec.gov/Archives/edgar/daily-index/2022/QTR1/master.20220325.idx,20220325,master.20220325.idx,before_handoff,listed_source_pending,
2022Q1,SEC-0125,https://www.sec.gov/Archives/edgar/daily-index/2022/QTR1/master.20220328.idx,20220328,master.20220328.idx,before_handoff,listed_source_pending,
2022Q1,SEC-0125,https://www.sec.gov/Archives/edgar/daily-index/2022/QTR1/master.20220329.idx,20220329,master.20220329.idx,before_handoff,listed_source_pending,
2022Q1,SEC-0125,https://www.sec.gov/Archives/edgar/daily-index/2022/QTR1/master.20220330.idx,20220330,master.20220330.idx,before_handoff,listed_source_pending,
2022Q1,SEC-0125,https://www.sec.gov/Archives/edgar/daily-index/2022/QTR1/master.20220331.idx,20220331,master.20220331.idx,before_handoff,listed_source_pending,
2022Q2,SEC-0124,https://www.sec.gov/Archives/edgar/daily-index/2022/QTR2/index.json,,directory_summary,Historical boundary,listed_uninspected,GAP-D-2022Q2
2022Q3,SEC-0124,https://www.sec.gov/Archives/edgar/daily-index/2022/QTR3/index.json,,directory_summary,Historical boundary,listed_uninspected,GAP-D-2022Q3
2022Q4,SEC-0126,https://www.sec.gov/Archives/edgar/daily-index/2022/QTR4/index.json,,directory_summary,historical/preceding,available,
2022Q4,SEC-0126,https://www.sec.gov/Archives/edgar/daily-index/2022/QTR4/master.20221003.idx,20221003,master.20221003.idx,before_handoff,listed_source_pending,
2022Q4,SEC-0126,https://www.sec.gov/Archives/edgar/daily-index/2022/QTR4/master.20221004.idx,20221004,master.20221004.idx,before_handoff,listed_source_pending,
2022Q4,SEC-0126,https://www.sec.gov/Archives/edgar/daily-index/2022/QTR4/master.20221005.idx,20221005,master.20221005.idx,before_handoff,listed_source_pending,
2022Q4,SEC-0126,https://www.sec.gov/Archives/edgar/daily-index/2022/QTR4/master.20221006.idx,20221006,master.20221006.idx,before_handoff,listed_source_pending,
2022Q4,SEC-0126,https://www.sec.gov/Archives/edgar/daily-index/2022/QTR4/master.20221007.idx,20221007,master.20221007.idx,before_handoff,listed_source_pending,
2022Q4,SEC-0126,https://www.sec.gov/Archives/edgar/daily-index/2022/QTR4/master.20221011.idx,20221011,master.20221011.idx,before_handoff,listed_source_pending,
2022Q4,SEC-0126,https://www.sec.gov/Archives/edgar/daily-index/2022/QTR4/master.20221012.idx,20221012,master.20221012.idx,before_handoff,listed_source_pending,
2022Q4,SEC-0126,https://www.sec.gov/Archives/edgar/daily-index/2022/QTR4/master.20221013.idx,20221013,master.20221013.idx,before_handoff,listed_source_pending,
2022Q4,SEC-0126,https://www.sec.gov/Archives/edgar/daily-index/2022/QTR4/master.20221014.idx,20221014,master.20221014.idx,before_handoff,listed_source_pending,
2022Q4,SEC-0126,https://www.sec.gov/Archives/edgar/daily-index/2022/QTR4/master.20221017.idx,20221017,master.20221017.idx,before_handoff,listed_source_pending,
2022Q4,SEC-0126,https://www.sec.gov/Archives/edgar/daily-index/2022/QTR4/master.20221018.idx,20221018,master.20221018.idx,before_handoff,listed_source_pending,
2022Q4,SEC-0126,https://www.sec.gov/Archives/edgar/daily-index/2022/QTR4/master.20221019.idx,20221019,master.20221019.idx,before_handoff,listed_source_pending,
2022Q4,SEC-0126,https://www.sec.gov/Archives/edgar/daily-index/2022/QTR4/master.20221020.idx,20221020,master.20221020.idx,before_handoff,listed_source_pending,
2022Q4,SEC-0126,https://www.sec.gov/Archives/edgar/daily-index/2022/QTR4/master.20221021.idx,20221021,master.20221021.idx,before_handoff,listed_source_pending,
2022Q4,SEC-0126,https://www.sec.gov/Archives/edgar/daily-index/2022/QTR4/master.20221024.idx,20221024,master.20221024.idx,before_handoff,listed_source_pending,
2022Q4,SEC-0126,https://www.sec.gov/Archives/edgar/daily-index/2022/QTR4/master.20221025.idx,20221025,master.20221025.idx,before_handoff,listed_source_pending,
2022Q4,SEC-0126,https://www.sec.gov/Archives/edgar/daily-index/2022/QTR4/master.20221026.idx,20221026,master.20221026.idx,before_handoff,listed_source_pending,
2022Q4,SEC-0126,https://www.sec.gov/Archives/edgar/daily-index/2022/QTR4/master.20221027.idx,20221027,master.20221027.idx,before_handoff,listed_source_pending,
2022Q4,SEC-0126,https://www.sec.gov/Archives/edgar/daily-index/2022/QTR4/master.20221028.idx,20221028,master.20221028.idx,before_handoff,listed_source_pending,
2022Q4,SEC-0126,https://www.sec.gov/Archives/edgar/daily-index/2022/QTR4/master.20221031.idx,20221031,master.20221031.idx,before_handoff,listed_source_pending,
2022Q4,SEC-0126,https://www.sec.gov/Archives/edgar/daily-index/2022/QTR4/master.20221101.idx,20221101,master.20221101.idx,before_handoff,listed_source_pending,
2022Q4,SEC-0126,https://www.sec.gov/Archives/edgar/daily-index/2022/QTR4/master.20221102.idx,20221102,master.20221102.idx,before_handoff,listed_source_pending,
2022Q4,SEC-0126,https://www.sec.gov/Archives/edgar/daily-index/2022/QTR4/master.20221103.idx,20221103,master.20221103.idx,before_handoff,listed_source_pending,
2022Q4,SEC-0126,https://www.sec.gov/Archives/edgar/daily-index/2022/QTR4/master.20221104.idx,20221104,master.20221104.idx,before_handoff,listed_source_pending,
2022Q4,SEC-0126,https://www.sec.gov/Archives/edgar/daily-index/2022/QTR4/master.20221107.idx,20221107,master.20221107.idx,before_handoff,listed_source_pending,
2022Q4,SEC-0126,https://www.sec.gov/Archives/edgar/daily-index/2022/QTR4/master.20221108.idx,20221108,master.20221108.idx,before_handoff,listed_source_pending,
2022Q4,SEC-0126,https://www.sec.gov/Archives/edgar/daily-index/2022/QTR4/master.20221109.idx,20221109,master.20221109.idx,before_handoff,listed_source_pending,
2022Q4,SEC-0126,https://www.sec.gov/Archives/edgar/daily-index/2022/QTR4/master.20221110.idx,20221110,master.20221110.idx,before_handoff,listed_source_pending,
2022Q4,SEC-0126,https://www.sec.gov/Archives/edgar/daily-index/2022/QTR4/master.20221114.idx,20221114,master.20221114.idx,before_handoff,listed_source_pending,
2022Q4,SEC-0126,https://www.sec.gov/Archives/edgar/daily-index/2022/QTR4/master.20221115.idx,20221115,master.20221115.idx,before_handoff,listed_source_pending,
2022Q4,SEC-0126,https://www.sec.gov/Archives/edgar/daily-index/2022/QTR4/master.20221116.idx,20221116,master.20221116.idx,before_handoff,listed_source_pending,
2022Q4,SEC-0126,https://www.sec.gov/Archives/edgar/daily-index/2022/QTR4/master.20221117.idx,20221117,master.20221117.idx,before_handoff,listed_source_pending,
2022Q4,SEC-0126,https://www.sec.gov/Archives/edgar/daily-index/2022/QTR4/master.20221118.idx,20221118,master.20221118.idx,before_handoff,listed_source_pending,
2022Q4,SEC-0126,https://www.sec.gov/Archives/edgar/daily-index/2022/QTR4/master.20221121.idx,20221121,master.20221121.idx,before_handoff,listed_source_pending,
2022Q4,SEC-0126,https://www.sec.gov/Archives/edgar/daily-index/2022/QTR4/master.20221122.idx,20221122,master.20221122.idx,before_handoff,listed_source_pending,
2022Q4,SEC-0126,https://www.sec.gov/Archives/edgar/daily-index/2022/QTR4/master.20221123.idx,20221123,master.20221123.idx,before_handoff,listed_source_pending,
2022Q4,SEC-0126,https://www.sec.gov/Archives/edgar/daily-index/2022/QTR4/master.20221125.idx,20221125,master.20221125.idx,before_handoff,listed_source_pending,
2022Q4,SEC-0126,https://www.sec.gov/Archives/edgar/daily-index/2022/QTR4/master.20221128.idx,20221128,master.20221128.idx,before_handoff,listed_source_pending,
2022Q4,SEC-0126,https://www.sec.gov/Archives/edgar/daily-index/2022/QTR4/master.20221129.idx,20221129,master.20221129.idx,before_handoff,listed_source_pending,
2022Q4,SEC-0126,https://www.sec.gov/Archives/edgar/daily-index/2022/QTR4/master.20221130.idx,20221130,master.20221130.idx,before_handoff,listed_source_pending,
2022Q4,SEC-0126,https://www.sec.gov/Archives/edgar/daily-index/2022/QTR4/master.20221201.idx,20221201,master.20221201.idx,before_handoff,listed_source_pending,
2022Q4,SEC-0126,https://www.sec.gov/Archives/edgar/daily-index/2022/QTR4/master.20221202.idx,20221202,master.20221202.idx,before_handoff,listed_source_pending,
2022Q4,SEC-0126,https://www.sec.gov/Archives/edgar/daily-index/2022/QTR4/master.20221205.idx,20221205,master.20221205.idx,before_handoff,listed_source_pending,
2022Q4,SEC-0126,https://www.sec.gov/Archives/edgar/daily-index/2022/QTR4/master.20221206.idx,20221206,master.20221206.idx,before_handoff,listed_source_pending,
2022Q4,SEC-0126,https://www.sec.gov/Archives/edgar/daily-index/2022/QTR4/master.20221207.idx,20221207,master.20221207.idx,before_handoff,listed_source_pending,
2022Q4,SEC-0126,https://www.sec.gov/Archives/edgar/daily-index/2022/QTR4/master.20221208.idx,20221208,master.20221208.idx,before_handoff,listed_source_pending,
2022Q4,SEC-0126,https://www.sec.gov/Archives/edgar/daily-index/2022/QTR4/master.20221209.idx,20221209,master.20221209.idx,before_handoff,listed_source_pending,
2022Q4,SEC-0126,https://www.sec.gov/Archives/edgar/daily-index/2022/QTR4/master.20221212.idx,20221212,master.20221212.idx,before_handoff,listed_source_pending,
2022Q4,SEC-0126,https://www.sec.gov/Archives/edgar/daily-index/2022/QTR4/master.20221213.idx,20221213,master.20221213.idx,before_handoff,listed_source_pending,
2022Q4,SEC-0126,https://www.sec.gov/Archives/edgar/daily-index/2022/QTR4/master.20221214.idx,20221214,master.20221214.idx,before_handoff,listed_source_pending,
2022Q4,SEC-0126,https://www.sec.gov/Archives/edgar/daily-index/2022/QTR4/master.20221215.idx,20221215,master.20221215.idx,before_handoff,listed_source_pending,
2022Q4,SEC-0126,https://www.sec.gov/Archives/edgar/daily-index/2022/QTR4/master.20221216.idx,20221216,master.20221216.idx,before_handoff,listed_source_pending,
2022Q4,SEC-0126,https://www.sec.gov/Archives/edgar/daily-index/2022/QTR4/master.20221219.idx,20221219,master.20221219.idx,before_handoff,listed_source_pending,
2022Q4,SEC-0126,https://www.sec.gov/Archives/edgar/daily-index/2022/QTR4/master.20221220.idx,20221220,master.20221220.idx,before_handoff,listed_source_pending,
2022Q4,SEC-0126,https://www.sec.gov/Archives/edgar/daily-index/2022/QTR4/master.20221221.idx,20221221,master.20221221.idx,before_handoff,listed_source_pending,
2022Q4,SEC-0126,https://www.sec.gov/Archives/edgar/daily-index/2022/QTR4/master.20221222.idx,20221222,master.20221222.idx,before_handoff,listed_source_pending,
2022Q4,SEC-0126,https://www.sec.gov/Archives/edgar/daily-index/2022/QTR4/master.20221223.idx,20221223,master.20221223.idx,before_handoff,listed_source_pending,
2022Q4,SEC-0126,https://www.sec.gov/Archives/edgar/daily-index/2022/QTR4/master.20221227.idx,20221227,master.20221227.idx,before_handoff,listed_source_pending,
2022Q4,SEC-0126,https://www.sec.gov/Archives/edgar/daily-index/2022/QTR4/master.20221228.idx,20221228,master.20221228.idx,before_handoff,listed_source_pending,
2022Q4,SEC-0126,https://www.sec.gov/Archives/edgar/daily-index/2022/QTR4/master.20221229.idx,20221229,master.20221229.idx,before_handoff,listed_source_pending,
2022Q4,SEC-0126,https://www.sec.gov/Archives/edgar/daily-index/2022/QTR4/master.20221230.idx,20221230,master.20221230.idx,before_handoff,listed_source_pending,
2022Q4,SEC-0126,https://www.sec.gov/Archives/edgar/daily-index/2022/QTR4/master.gz,,master.gz,before_handoff,listed_source_pending,
2022Q4,SEC-0126,https://www.sec.gov/Archives/edgar/daily-index/2022/QTR4/master.idx,,master.idx,before_handoff,listed_source_pending,
2022Q4,SEC-0126,https://www.sec.gov/Archives/edgar/daily-index/2022/QTR4/master.Z,,master.Z,before_handoff,listed_source_pending,
2022Q4,SEC-0126,https://www.sec.gov/Archives/edgar/daily-index/2022/QTR4/master.zip,,master.zip,before_handoff,listed_source_pending,
2023,SEC-0127,https://www.sec.gov/Archives/edgar/daily-index/2023/index.json,,year_summary,Historical boundary,available,
2023Q1,SEC-0128,https://www.sec.gov/Archives/edgar/daily-index/2023/QTR1/index.json,,directory_summary,historical/preceding,available,
2023Q1,SEC-0128,https://www.sec.gov/Archives/edgar/daily-index/2023/QTR1/master.20230103.idx,20230103,master.20230103.idx,before_handoff,listed_source_pending,
2023Q1,SEC-0128,https://www.sec.gov/Archives/edgar/daily-index/2023/QTR1/master.20230104.idx,20230104,master.20230104.idx,before_handoff,listed_source_pending,
2023Q1,SEC-0128,https://www.sec.gov/Archives/edgar/daily-index/2023/QTR1/master.20230105.idx,20230105,master.20230105.idx,before_handoff,listed_source_pending,
2023Q1,SEC-0128,https://www.sec.gov/Archives/edgar/daily-index/2023/QTR1/master.20230106.idx,20230106,master.20230106.idx,before_handoff,listed_source_pending,
2023Q1,SEC-0128,https://www.sec.gov/Archives/edgar/daily-index/2023/QTR1/master.20230109.idx,20230109,master.20230109.idx,before_handoff,listed_source_pending,
2023Q1,SEC-0128,https://www.sec.gov/Archives/edgar/daily-index/2023/QTR1/master.20230110.idx,20230110,master.20230110.idx,before_handoff,listed_source_pending,
2023Q1,SEC-0128,https://www.sec.gov/Archives/edgar/daily-index/2023/QTR1/master.20230111.idx,20230111,master.20230111.idx,before_handoff,listed_source_pending,
2023Q1,SEC-0128,https://www.sec.gov/Archives/edgar/daily-index/2023/QTR1/master.20230112.idx,20230112,master.20230112.idx,before_handoff,listed_source_pending,
2023Q1,SEC-0128,https://www.sec.gov/Archives/edgar/daily-index/2023/QTR1/master.20230113.idx,20230113,master.20230113.idx,before_handoff,listed_source_pending,
2023Q1,SEC-0128,https://www.sec.gov/Archives/edgar/daily-index/2023/QTR1/master.20230117.idx,20230117,master.20230117.idx,before_handoff,listed_source_pending,
2023Q1,SEC-0128,https://www.sec.gov/Archives/edgar/daily-index/2023/QTR1/master.20230118.idx,20230118,master.20230118.idx,before_handoff,listed_source_pending,
2023Q1,SEC-0128,https://www.sec.gov/Archives/edgar/daily-index/2023/QTR1/master.20230119.idx,20230119,master.20230119.idx,before_handoff,listed_source_pending,
2023Q1,SEC-0128,https://www.sec.gov/Archives/edgar/daily-index/2023/QTR1/master.20230120.idx,20230120,master.20230120.idx,before_handoff,listed_source_pending,
2023Q1,SEC-0128,https://www.sec.gov/Archives/edgar/daily-index/2023/QTR1/master.20230123.idx,20230123,master.20230123.idx,before_handoff,listed_source_pending,
2023Q1,SEC-0128,https://www.sec.gov/Archives/edgar/daily-index/2023/QTR1/master.20230124.idx,20230124,master.20230124.idx,before_handoff,listed_source_pending,
2023Q1,SEC-0128,https://www.sec.gov/Archives/edgar/daily-index/2023/QTR1/master.20230125.idx,20230125,master.20230125.idx,before_handoff,listed_source_pending,
2023Q1,SEC-0128,https://www.sec.gov/Archives/edgar/daily-index/2023/QTR1/master.20230126.idx,20230126,master.20230126.idx,before_handoff,listed_source_pending,
2023Q1,SEC-0128,https://www.sec.gov/Archives/edgar/daily-index/2023/QTR1/master.20230127.idx,20230127,master.20230127.idx,before_handoff,listed_source_pending,
2023Q1,SEC-0128,https://www.sec.gov/Archives/edgar/daily-index/2023/QTR1/master.20230130.idx,20230130,master.20230130.idx,before_handoff,listed_source_pending,
2023Q1,SEC-0128,https://www.sec.gov/Archives/edgar/daily-index/2023/QTR1/master.20230131.idx,20230131,master.20230131.idx,before_handoff,listed_source_pending,
2023Q1,SEC-0128,https://www.sec.gov/Archives/edgar/daily-index/2023/QTR1/master.20230201.idx,20230201,master.20230201.idx,before_handoff,listed_source_pending,
2023Q1,SEC-0128,https://www.sec.gov/Archives/edgar/daily-index/2023/QTR1/master.20230202.idx,20230202,master.20230202.idx,before_handoff,listed_source_pending,
2023Q1,SEC-0128,https://www.sec.gov/Archives/edgar/daily-index/2023/QTR1/master.20230203.idx,20230203,master.20230203.idx,before_handoff,listed_source_pending,
2023Q1,SEC-0128,https://www.sec.gov/Archives/edgar/daily-index/2023/QTR1/master.20230206.idx,20230206,master.20230206.idx,before_handoff,listed_source_pending,
2023Q1,SEC-0128,https://www.sec.gov/Archives/edgar/daily-index/2023/QTR1/master.20230207.idx,20230207,master.20230207.idx,before_handoff,listed_source_pending,
2023Q1,SEC-0128,https://www.sec.gov/Archives/edgar/daily-index/2023/QTR1/master.20230208.idx,20230208,master.20230208.idx,before_handoff,listed_source_pending,
2023Q1,SEC-0128,https://www.sec.gov/Archives/edgar/daily-index/2023/QTR1/master.20230209.idx,20230209,master.20230209.idx,before_handoff,listed_source_pending,
2023Q1,SEC-0128,https://www.sec.gov/Archives/edgar/daily-index/2023/QTR1/master.20230210.idx,20230210,master.20230210.idx,before_handoff,listed_source_pending,
2023Q1,SEC-0128,https://www.sec.gov/Archives/edgar/daily-index/2023/QTR1/master.20230213.idx,20230213,master.20230213.idx,before_handoff,listed_source_pending,
2023Q1,SEC-0128,https://www.sec.gov/Archives/edgar/daily-index/2023/QTR1/master.20230214.idx,20230214,master.20230214.idx,before_handoff,listed_source_pending,
2023Q1,SEC-0128,https://www.sec.gov/Archives/edgar/daily-index/2023/QTR1/master.20230215.idx,20230215,master.20230215.idx,before_handoff,listed_source_pending,
2023Q1,SEC-0128,https://www.sec.gov/Archives/edgar/daily-index/2023/QTR1/master.20230216.idx,20230216,master.20230216.idx,before_handoff,listed_source_pending,
2023Q1,SEC-0128,https://www.sec.gov/Archives/edgar/daily-index/2023/QTR1/master.20230217.idx,20230217,master.20230217.idx,before_handoff,listed_source_pending,
2023Q1,SEC-0128,https://www.sec.gov/Archives/edgar/daily-index/2023/QTR1/master.20230221.idx,20230221,master.20230221.idx,before_handoff,listed_source_pending,
2023Q1,SEC-0128,https://www.sec.gov/Archives/edgar/daily-index/2023/QTR1/master.20230222.idx,20230222,master.20230222.idx,before_handoff,listed_source_pending,
2023Q1,SEC-0128,https://www.sec.gov/Archives/edgar/daily-index/2023/QTR1/master.20230223.idx,20230223,master.20230223.idx,before_handoff,listed_source_pending,
2023Q1,SEC-0128,https://www.sec.gov/Archives/edgar/daily-index/2023/QTR1/master.20230224.idx,20230224,master.20230224.idx,before_handoff,listed_source_pending,
2023Q1,SEC-0128,https://www.sec.gov/Archives/edgar/daily-index/2023/QTR1/master.20230227.idx,20230227,master.20230227.idx,before_handoff,listed_source_pending,
2023Q1,SEC-0128,https://www.sec.gov/Archives/edgar/daily-index/2023/QTR1/master.20230228.idx,20230228,master.20230228.idx,before_handoff,listed_source_pending,
2023Q1,SEC-0128,https://www.sec.gov/Archives/edgar/daily-index/2023/QTR1/master.20230301.idx,20230301,master.20230301.idx,before_handoff,listed_source_pending,
2023Q1,SEC-0128,https://www.sec.gov/Archives/edgar/daily-index/2023/QTR1/master.20230302.idx,20230302,master.20230302.idx,before_handoff,listed_source_pending,
2023Q1,SEC-0128,https://www.sec.gov/Archives/edgar/daily-index/2023/QTR1/master.20230303.idx,20230303,master.20230303.idx,before_handoff,listed_source_pending,
2023Q1,SEC-0128,https://www.sec.gov/Archives/edgar/daily-index/2023/QTR1/master.20230306.idx,20230306,master.20230306.idx,before_handoff,listed_source_pending,
2023Q1,SEC-0128,https://www.sec.gov/Archives/edgar/daily-index/2023/QTR1/master.20230307.idx,20230307,master.20230307.idx,before_handoff,listed_source_pending,
2023Q1,SEC-0128,https://www.sec.gov/Archives/edgar/daily-index/2023/QTR1/master.20230308.idx,20230308,master.20230308.idx,before_handoff,listed_source_pending,
2023Q1,SEC-0128,https://www.sec.gov/Archives/edgar/daily-index/2023/QTR1/master.20230309.idx,20230309,master.20230309.idx,before_handoff,listed_source_pending,
2023Q1,SEC-0128,https://www.sec.gov/Archives/edgar/daily-index/2023/QTR1/master.20230310.idx,20230310,master.20230310.idx,before_handoff,listed_source_pending,
2023Q1,SEC-0128,https://www.sec.gov/Archives/edgar/daily-index/2023/QTR1/master.20230313.idx,20230313,master.20230313.idx,before_handoff,listed_source_pending,
2023Q1,SEC-0128,https://www.sec.gov/Archives/edgar/daily-index/2023/QTR1/master.20230314.idx,20230314,master.20230314.idx,before_handoff,listed_source_pending,
2023Q1,SEC-0128,https://www.sec.gov/Archives/edgar/daily-index/2023/QTR1/master.20230315.idx,20230315,master.20230315.idx,before_handoff,listed_source_pending,
2023Q1,SEC-0128,https://www.sec.gov/Archives/edgar/daily-index/2023/QTR1/master.20230316.idx,20230316,master.20230316.idx,before_handoff,listed_source_pending,
2023Q1,SEC-0128,https://www.sec.gov/Archives/edgar/daily-index/2023/QTR1/master.20230317.idx,20230317,master.20230317.idx,before_handoff,listed_source_pending,
2023Q1,SEC-0128,https://www.sec.gov/Archives/edgar/daily-index/2023/QTR1/master.20230320.idx,20230320,master.20230320.idx,before_handoff,listed_source_pending,
2023Q1,SEC-0128,https://www.sec.gov/Archives/edgar/daily-index/2023/QTR1/master.20230321.idx,20230321,master.20230321.idx,before_handoff,listed_source_pending,
2023Q1,SEC-0128,https://www.sec.gov/Archives/edgar/daily-index/2023/QTR1/master.20230322.idx,20230322,master.20230322.idx,before_handoff,listed_source_pending,
2023Q1,SEC-0128,https://www.sec.gov/Archives/edgar/daily-index/2023/QTR1/master.20230323.idx,20230323,master.20230323.idx,before_handoff,listed_source_pending,
2023Q1,SEC-0128,https://www.sec.gov/Archives/edgar/daily-index/2023/QTR1/master.20230324.idx,20230324,master.20230324.idx,before_handoff,listed_source_pending,
2023Q1,SEC-0128,https://www.sec.gov/Archives/edgar/daily-index/2023/QTR1/master.20230327.idx,20230327,master.20230327.idx,before_handoff,listed_source_pending,
2023Q1,SEC-0128,https://www.sec.gov/Archives/edgar/daily-index/2023/QTR1/master.20230328.idx,20230328,master.20230328.idx,before_handoff,listed_source_pending,
2023Q1,SEC-0128,https://www.sec.gov/Archives/edgar/daily-index/2023/QTR1/master.20230329.idx,20230329,master.20230329.idx,before_handoff,listed_source_pending,
2023Q1,SEC-0128,https://www.sec.gov/Archives/edgar/daily-index/2023/QTR1/master.20230330.idx,20230330,master.20230330.idx,before_handoff,listed_source_pending,
2023Q1,SEC-0128,https://www.sec.gov/Archives/edgar/daily-index/2023/QTR1/master.20230331.idx,20230331,master.20230331.idx,before_handoff,listed_source_pending,
2023Q2,SEC-0127,https://www.sec.gov/Archives/edgar/daily-index/2023/QTR2/index.json,,directory_summary,Historical boundary,listed_uninspected,GAP-D-2023Q2
2023Q3,SEC-0127,https://www.sec.gov/Archives/edgar/daily-index/2023/QTR3/index.json,,directory_summary,Historical boundary,listed_uninspected,GAP-D-2023Q3
2023Q4,SEC-0129,https://www.sec.gov/Archives/edgar/daily-index/2023/QTR4/index.json,,directory_summary,historical/preceding,available,
2023Q4,SEC-0129,https://www.sec.gov/Archives/edgar/daily-index/2023/QTR4/master.20231002.idx,20231002,master.20231002.idx,before_handoff,listed_source_pending,
2023Q4,SEC-0129,https://www.sec.gov/Archives/edgar/daily-index/2023/QTR4/master.20231003.idx,20231003,master.20231003.idx,before_handoff,listed_source_pending,
2023Q4,SEC-0129,https://www.sec.gov/Archives/edgar/daily-index/2023/QTR4/master.20231004.idx,20231004,master.20231004.idx,before_handoff,listed_source_pending,
2023Q4,SEC-0129,https://www.sec.gov/Archives/edgar/daily-index/2023/QTR4/master.20231005.idx,20231005,master.20231005.idx,before_handoff,listed_source_pending,
2023Q4,SEC-0129,https://www.sec.gov/Archives/edgar/daily-index/2023/QTR4/master.20231006.idx,20231006,master.20231006.idx,before_handoff,listed_source_pending,
2023Q4,SEC-0129,https://www.sec.gov/Archives/edgar/daily-index/2023/QTR4/master.20231010.idx,20231010,master.20231010.idx,before_handoff,listed_source_pending,
2023Q4,SEC-0129,https://www.sec.gov/Archives/edgar/daily-index/2023/QTR4/master.20231011.idx,20231011,master.20231011.idx,before_handoff,listed_source_pending,
2023Q4,SEC-0129,https://www.sec.gov/Archives/edgar/daily-index/2023/QTR4/master.20231012.idx,20231012,master.20231012.idx,before_handoff,listed_source_pending,
2023Q4,SEC-0129,https://www.sec.gov/Archives/edgar/daily-index/2023/QTR4/master.20231013.idx,20231013,master.20231013.idx,before_handoff,listed_source_pending,
2023Q4,SEC-0129,https://www.sec.gov/Archives/edgar/daily-index/2023/QTR4/master.20231016.idx,20231016,master.20231016.idx,before_handoff,listed_source_pending,
2023Q4,SEC-0129,https://www.sec.gov/Archives/edgar/daily-index/2023/QTR4/master.20231017.idx,20231017,master.20231017.idx,before_handoff,listed_source_pending,
2023Q4,SEC-0129,https://www.sec.gov/Archives/edgar/daily-index/2023/QTR4/master.20231018.idx,20231018,master.20231018.idx,before_handoff,listed_source_pending,
2023Q4,SEC-0129,https://www.sec.gov/Archives/edgar/daily-index/2023/QTR4/master.20231019.idx,20231019,master.20231019.idx,before_handoff,listed_source_pending,
2023Q4,SEC-0129,https://www.sec.gov/Archives/edgar/daily-index/2023/QTR4/master.20231020.idx,20231020,master.20231020.idx,before_handoff,listed_source_pending,
2023Q4,SEC-0129,https://www.sec.gov/Archives/edgar/daily-index/2023/QTR4/master.20231023.idx,20231023,master.20231023.idx,before_handoff,listed_source_pending,
2023Q4,SEC-0129,https://www.sec.gov/Archives/edgar/daily-index/2023/QTR4/master.20231024.idx,20231024,master.20231024.idx,before_handoff,listed_source_pending,
2023Q4,SEC-0129,https://www.sec.gov/Archives/edgar/daily-index/2023/QTR4/master.20231025.idx,20231025,master.20231025.idx,before_handoff,listed_source_pending,
2023Q4,SEC-0129,https://www.sec.gov/Archives/edgar/daily-index/2023/QTR4/master.20231026.idx,20231026,master.20231026.idx,before_handoff,listed_source_pending,
2023Q4,SEC-0129,https://www.sec.gov/Archives/edgar/daily-index/2023/QTR4/master.20231027.idx,20231027,master.20231027.idx,before_handoff,listed_source_pending,
2023Q4,SEC-0129,https://www.sec.gov/Archives/edgar/daily-index/2023/QTR4/master.20231030.idx,20231030,master.20231030.idx,before_handoff,listed_source_pending,
2023Q4,SEC-0129,https://www.sec.gov/Archives/edgar/daily-index/2023/QTR4/master.20231031.idx,20231031,master.20231031.idx,before_handoff,listed_source_pending,
2023Q4,SEC-0129,https://www.sec.gov/Archives/edgar/daily-index/2023/QTR4/master.20231101.idx,20231101,master.20231101.idx,before_handoff,listed_source_pending,
2023Q4,SEC-0129,https://www.sec.gov/Archives/edgar/daily-index/2023/QTR4/master.20231102.idx,20231102,master.20231102.idx,before_handoff,listed_source_pending,
2023Q4,SEC-0129,https://www.sec.gov/Archives/edgar/daily-index/2023/QTR4/master.20231103.idx,20231103,master.20231103.idx,before_handoff,listed_source_pending,
2023Q4,SEC-0129,https://www.sec.gov/Archives/edgar/daily-index/2023/QTR4/master.20231106.idx,20231106,master.20231106.idx,before_handoff,listed_source_pending,
2023Q4,SEC-0129,https://www.sec.gov/Archives/edgar/daily-index/2023/QTR4/master.20231107.idx,20231107,master.20231107.idx,before_handoff,listed_source_pending,
2023Q4,SEC-0129,https://www.sec.gov/Archives/edgar/daily-index/2023/QTR4/master.20231108.idx,20231108,master.20231108.idx,before_handoff,listed_source_pending,
2023Q4,SEC-0129,https://www.sec.gov/Archives/edgar/daily-index/2023/QTR4/master.20231109.idx,20231109,master.20231109.idx,before_handoff,listed_source_pending,
2023Q4,SEC-0129,https://www.sec.gov/Archives/edgar/daily-index/2023/QTR4/master.20231113.idx,20231113,master.20231113.idx,before_handoff,listed_source_pending,
2023Q4,SEC-0129,https://www.sec.gov/Archives/edgar/daily-index/2023/QTR4/master.20231114.idx,20231114,master.20231114.idx,before_handoff,listed_source_pending,
2023Q4,SEC-0129,https://www.sec.gov/Archives/edgar/daily-index/2023/QTR4/master.20231115.idx,20231115,master.20231115.idx,before_handoff,listed_source_pending,
2023Q4,SEC-0129,https://www.sec.gov/Archives/edgar/daily-index/2023/QTR4/master.20231116.idx,20231116,master.20231116.idx,before_handoff,listed_source_pending,
2023Q4,SEC-0129,https://www.sec.gov/Archives/edgar/daily-index/2023/QTR4/master.20231117.idx,20231117,master.20231117.idx,before_handoff,listed_source_pending,
2023Q4,SEC-0129,https://www.sec.gov/Archives/edgar/daily-index/2023/QTR4/master.20231120.idx,20231120,master.20231120.idx,before_handoff,listed_source_pending,
2023Q4,SEC-0129,https://www.sec.gov/Archives/edgar/daily-index/2023/QTR4/master.20231121.idx,20231121,master.20231121.idx,before_handoff,listed_source_pending,
2023Q4,SEC-0129,https://www.sec.gov/Archives/edgar/daily-index/2023/QTR4/master.20231122.idx,20231122,master.20231122.idx,before_handoff,listed_source_pending,
2023Q4,SEC-0129,https://www.sec.gov/Archives/edgar/daily-index/2023/QTR4/master.20231124.idx,20231124,master.20231124.idx,before_handoff,listed_source_pending,
2023Q4,SEC-0129,https://www.sec.gov/Archives/edgar/daily-index/2023/QTR4/master.20231127.idx,20231127,master.20231127.idx,before_handoff,listed_source_pending,
2023Q4,SEC-0129,https://www.sec.gov/Archives/edgar/daily-index/2023/QTR4/master.20231128.idx,20231128,master.20231128.idx,before_handoff,listed_source_pending,
2023Q4,SEC-0129,https://www.sec.gov/Archives/edgar/daily-index/2023/QTR4/master.20231129.idx,20231129,master.20231129.idx,before_handoff,listed_source_pending,
2023Q4,SEC-0129,https://www.sec.gov/Archives/edgar/daily-index/2023/QTR4/master.20231130.idx,20231130,master.20231130.idx,before_handoff,listed_source_pending,
2023Q4,SEC-0129,https://www.sec.gov/Archives/edgar/daily-index/2023/QTR4/master.20231201.idx,20231201,master.20231201.idx,before_handoff,listed_source_pending,
2023Q4,SEC-0129,https://www.sec.gov/Archives/edgar/daily-index/2023/QTR4/master.20231204.idx,20231204,master.20231204.idx,before_handoff,listed_source_pending,
2023Q4,SEC-0129,https://www.sec.gov/Archives/edgar/daily-index/2023/QTR4/master.20231205.idx,20231205,master.20231205.idx,before_handoff,listed_source_pending,
2023Q4,SEC-0129,https://www.sec.gov/Archives/edgar/daily-index/2023/QTR4/master.20231206.idx,20231206,master.20231206.idx,before_handoff,listed_source_pending,
2023Q4,SEC-0129,https://www.sec.gov/Archives/edgar/daily-index/2023/QTR4/master.20231207.idx,20231207,master.20231207.idx,before_handoff,listed_source_pending,
2023Q4,SEC-0129,https://www.sec.gov/Archives/edgar/daily-index/2023/QTR4/master.20231208.idx,20231208,master.20231208.idx,before_handoff,listed_source_pending,
2023Q4,SEC-0129,https://www.sec.gov/Archives/edgar/daily-index/2023/QTR4/master.20231211.idx,20231211,master.20231211.idx,before_handoff,listed_source_pending,
2023Q4,SEC-0129,https://www.sec.gov/Archives/edgar/daily-index/2023/QTR4/master.20231212.idx,20231212,master.20231212.idx,before_handoff,listed_source_pending,
2023Q4,SEC-0129,https://www.sec.gov/Archives/edgar/daily-index/2023/QTR4/master.20231213.idx,20231213,master.20231213.idx,before_handoff,listed_source_pending,
2023Q4,SEC-0129,https://www.sec.gov/Archives/edgar/daily-index/2023/QTR4/master.20231214.idx,20231214,master.20231214.idx,before_handoff,listed_source_pending,
2023Q4,SEC-0129,https://www.sec.gov/Archives/edgar/daily-index/2023/QTR4/master.20231215.idx,20231215,master.20231215.idx,before_handoff,listed_source_pending,
2023Q4,SEC-0129,https://www.sec.gov/Archives/edgar/daily-index/2023/QTR4/master.20231218.idx,20231218,master.20231218.idx,before_handoff,listed_source_pending,
2023Q4,SEC-0129,https://www.sec.gov/Archives/edgar/daily-index/2023/QTR4/master.20231219.idx,20231219,master.20231219.idx,before_handoff,listed_source_pending,
2023Q4,SEC-0129,https://www.sec.gov/Archives/edgar/daily-index/2023/QTR4/master.20231220.idx,20231220,master.20231220.idx,before_handoff,listed_source_pending,
2023Q4,SEC-0129,https://www.sec.gov/Archives/edgar/daily-index/2023/QTR4/master.20231221.idx,20231221,master.20231221.idx,before_handoff,listed_source_pending,
2023Q4,SEC-0129,https://www.sec.gov/Archives/edgar/daily-index/2023/QTR4/master.20231222.idx,20231222,master.20231222.idx,before_handoff,listed_source_pending,
2023Q4,SEC-0129,https://www.sec.gov/Archives/edgar/daily-index/2023/QTR4/master.20231226.idx,20231226,master.20231226.idx,before_handoff,listed_source_pending,
2023Q4,SEC-0129,https://www.sec.gov/Archives/edgar/daily-index/2023/QTR4/master.20231227.idx,20231227,master.20231227.idx,before_handoff,listed_source_pending,
2023Q4,SEC-0129,https://www.sec.gov/Archives/edgar/daily-index/2023/QTR4/master.20231228.idx,20231228,master.20231228.idx,before_handoff,listed_source_pending,
2023Q4,SEC-0129,https://www.sec.gov/Archives/edgar/daily-index/2023/QTR4/master.20231229.idx,20231229,master.20231229.idx,before_handoff,listed_source_pending,
2024,SEC-0130,https://www.sec.gov/Archives/edgar/daily-index/2024/index.json,,year_summary,Historical boundary,available,
2024Q1,SEC-0131,https://www.sec.gov/Archives/edgar/daily-index/2024/QTR1/index.json,,directory_summary,historical/preceding,available,
2024Q1,SEC-0131,https://www.sec.gov/Archives/edgar/daily-index/2024/QTR1/master.20240102.idx,20240102,master.20240102.idx,before_handoff,listed_source_pending,
2024Q1,SEC-0131,https://www.sec.gov/Archives/edgar/daily-index/2024/QTR1/master.20240103.idx,20240103,master.20240103.idx,before_handoff,listed_source_pending,
2024Q1,SEC-0131,https://www.sec.gov/Archives/edgar/daily-index/2024/QTR1/master.20240104.idx,20240104,master.20240104.idx,before_handoff,listed_source_pending,
2024Q1,SEC-0131,https://www.sec.gov/Archives/edgar/daily-index/2024/QTR1/master.20240105.idx,20240105,master.20240105.idx,before_handoff,listed_source_pending,
2024Q1,SEC-0131,https://www.sec.gov/Archives/edgar/daily-index/2024/QTR1/master.20240108.idx,20240108,master.20240108.idx,before_handoff,listed_source_pending,
2024Q1,SEC-0131,https://www.sec.gov/Archives/edgar/daily-index/2024/QTR1/master.20240109.idx,20240109,master.20240109.idx,before_handoff,listed_source_pending,
2024Q1,SEC-0131,https://www.sec.gov/Archives/edgar/daily-index/2024/QTR1/master.20240110.idx,20240110,master.20240110.idx,before_handoff,listed_source_pending,
2024Q1,SEC-0131,https://www.sec.gov/Archives/edgar/daily-index/2024/QTR1/master.20240111.idx,20240111,master.20240111.idx,before_handoff,listed_source_pending,
2024Q1,SEC-0131,https://www.sec.gov/Archives/edgar/daily-index/2024/QTR1/master.20240112.idx,20240112,master.20240112.idx,before_handoff,listed_source_pending,
2024Q1,SEC-0131,https://www.sec.gov/Archives/edgar/daily-index/2024/QTR1/master.20240116.idx,20240116,master.20240116.idx,before_handoff,listed_source_pending,
2024Q1,SEC-0131,https://www.sec.gov/Archives/edgar/daily-index/2024/QTR1/master.20240117.idx,20240117,master.20240117.idx,before_handoff,listed_source_pending,
2024Q1,SEC-0131,https://www.sec.gov/Archives/edgar/daily-index/2024/QTR1/master.20240118.idx,20240118,master.20240118.idx,before_handoff,listed_source_pending,
2024Q1,SEC-0131,https://www.sec.gov/Archives/edgar/daily-index/2024/QTR1/master.20240119.idx,20240119,master.20240119.idx,before_handoff,listed_source_pending,
2024Q1,SEC-0131,https://www.sec.gov/Archives/edgar/daily-index/2024/QTR1/master.20240122.idx,20240122,master.20240122.idx,before_handoff,listed_source_pending,
2024Q1,SEC-0131,https://www.sec.gov/Archives/edgar/daily-index/2024/QTR1/master.20240123.idx,20240123,master.20240123.idx,before_handoff,listed_source_pending,
2024Q1,SEC-0131,https://www.sec.gov/Archives/edgar/daily-index/2024/QTR1/master.20240124.idx,20240124,master.20240124.idx,before_handoff,listed_source_pending,
2024Q1,SEC-0131,https://www.sec.gov/Archives/edgar/daily-index/2024/QTR1/master.20240125.idx,20240125,master.20240125.idx,before_handoff,listed_source_pending,
2024Q1,SEC-0131,https://www.sec.gov/Archives/edgar/daily-index/2024/QTR1/master.20240126.idx,20240126,master.20240126.idx,before_handoff,listed_source_pending,
2024Q1,SEC-0131,https://www.sec.gov/Archives/edgar/daily-index/2024/QTR1/master.20240129.idx,20240129,master.20240129.idx,before_handoff,listed_source_pending,
2024Q1,SEC-0131,https://www.sec.gov/Archives/edgar/daily-index/2024/QTR1/master.20240130.idx,20240130,master.20240130.idx,before_handoff,listed_source_pending,
2024Q1,SEC-0131,https://www.sec.gov/Archives/edgar/daily-index/2024/QTR1/master.20240131.idx,20240131,master.20240131.idx,before_handoff,listed_source_pending,
2024Q1,SEC-0131,https://www.sec.gov/Archives/edgar/daily-index/2024/QTR1/master.20240201.idx,20240201,master.20240201.idx,before_handoff,listed_source_pending,
2024Q1,SEC-0131,https://www.sec.gov/Archives/edgar/daily-index/2024/QTR1/master.20240202.idx,20240202,master.20240202.idx,before_handoff,listed_source_pending,
2024Q1,SEC-0131,https://www.sec.gov/Archives/edgar/daily-index/2024/QTR1/master.20240205.idx,20240205,master.20240205.idx,before_handoff,listed_source_pending,
2024Q1,SEC-0131,https://www.sec.gov/Archives/edgar/daily-index/2024/QTR1/master.20240206.idx,20240206,master.20240206.idx,before_handoff,listed_source_pending,
2024Q1,SEC-0131,https://www.sec.gov/Archives/edgar/daily-index/2024/QTR1/master.20240207.idx,20240207,master.20240207.idx,before_handoff,listed_source_pending,
2024Q1,SEC-0131,https://www.sec.gov/Archives/edgar/daily-index/2024/QTR1/master.20240208.idx,20240208,master.20240208.idx,before_handoff,listed_source_pending,
2024Q1,SEC-0131,https://www.sec.gov/Archives/edgar/daily-index/2024/QTR1/master.20240209.idx,20240209,master.20240209.idx,before_handoff,listed_source_pending,
2024Q1,SEC-0131,https://www.sec.gov/Archives/edgar/daily-index/2024/QTR1/master.20240212.idx,20240212,master.20240212.idx,before_handoff,listed_source_pending,
2024Q1,SEC-0131,https://www.sec.gov/Archives/edgar/daily-index/2024/QTR1/master.20240213.idx,20240213,master.20240213.idx,before_handoff,listed_source_pending,
2024Q1,SEC-0131,https://www.sec.gov/Archives/edgar/daily-index/2024/QTR1/master.20240214.idx,20240214,master.20240214.idx,before_handoff,listed_source_pending,
2024Q1,SEC-0131,https://www.sec.gov/Archives/edgar/daily-index/2024/QTR1/master.20240215.idx,20240215,master.20240215.idx,before_handoff,listed_source_pending,
2024Q1,SEC-0131,https://www.sec.gov/Archives/edgar/daily-index/2024/QTR1/master.20240216.idx,20240216,master.20240216.idx,before_handoff,listed_source_pending,
2024Q1,SEC-0131,https://www.sec.gov/Archives/edgar/daily-index/2024/QTR1/master.20240220.idx,20240220,master.20240220.idx,before_handoff,listed_source_pending,
2024Q1,SEC-0131,https://www.sec.gov/Archives/edgar/daily-index/2024/QTR1/master.20240221.idx,20240221,master.20240221.idx,before_handoff,listed_source_pending,
2024Q1,SEC-0131,https://www.sec.gov/Archives/edgar/daily-index/2024/QTR1/master.20240222.idx,20240222,master.20240222.idx,before_handoff,listed_source_pending,
2024Q1,SEC-0131,https://www.sec.gov/Archives/edgar/daily-index/2024/QTR1/master.20240223.idx,20240223,master.20240223.idx,before_handoff,listed_source_pending,
2024Q1,SEC-0131,https://www.sec.gov/Archives/edgar/daily-index/2024/QTR1/master.20240226.idx,20240226,master.20240226.idx,before_handoff,listed_source_pending,
2024Q1,SEC-0131,https://www.sec.gov/Archives/edgar/daily-index/2024/QTR1/master.20240227.idx,20240227,master.20240227.idx,before_handoff,listed_source_pending,
2024Q1,SEC-0131,https://www.sec.gov/Archives/edgar/daily-index/2024/QTR1/master.20240228.idx,20240228,master.20240228.idx,before_handoff,listed_source_pending,
2024Q1,SEC-0131,https://www.sec.gov/Archives/edgar/daily-index/2024/QTR1/master.20240229.idx,20240229,master.20240229.idx,before_handoff,listed_source_pending,
2024Q1,SEC-0131,https://www.sec.gov/Archives/edgar/daily-index/2024/QTR1/master.20240301.idx,20240301,master.20240301.idx,before_handoff,listed_source_pending,
2024Q1,SEC-0131,https://www.sec.gov/Archives/edgar/daily-index/2024/QTR1/master.20240304.idx,20240304,master.20240304.idx,before_handoff,listed_source_pending,
2024Q1,SEC-0131,https://www.sec.gov/Archives/edgar/daily-index/2024/QTR1/master.20240305.idx,20240305,master.20240305.idx,before_handoff,listed_source_pending,
2024Q1,SEC-0131,https://www.sec.gov/Archives/edgar/daily-index/2024/QTR1/master.20240306.idx,20240306,master.20240306.idx,before_handoff,listed_source_pending,
2024Q1,SEC-0131,https://www.sec.gov/Archives/edgar/daily-index/2024/QTR1/master.20240307.idx,20240307,master.20240307.idx,before_handoff,listed_source_pending,
2024Q1,SEC-0131,https://www.sec.gov/Archives/edgar/daily-index/2024/QTR1/master.20240308.idx,20240308,master.20240308.idx,before_handoff,listed_source_pending,
2024Q1,SEC-0131,https://www.sec.gov/Archives/edgar/daily-index/2024/QTR1/master.20240311.idx,20240311,master.20240311.idx,before_handoff,listed_source_pending,
2024Q1,SEC-0131,https://www.sec.gov/Archives/edgar/daily-index/2024/QTR1/master.20240312.idx,20240312,master.20240312.idx,before_handoff,listed_source_pending,
2024Q1,SEC-0131,https://www.sec.gov/Archives/edgar/daily-index/2024/QTR1/master.20240313.idx,20240313,master.20240313.idx,before_handoff,listed_source_pending,
2024Q1,SEC-0131,https://www.sec.gov/Archives/edgar/daily-index/2024/QTR1/master.20240314.idx,20240314,master.20240314.idx,before_handoff,listed_source_pending,
2024Q1,SEC-0131,https://www.sec.gov/Archives/edgar/daily-index/2024/QTR1/master.20240315.idx,20240315,master.20240315.idx,before_handoff,listed_source_pending,
2024Q1,SEC-0131,https://www.sec.gov/Archives/edgar/daily-index/2024/QTR1/master.20240318.idx,20240318,master.20240318.idx,before_handoff,listed_source_pending,
2024Q1,SEC-0131,https://www.sec.gov/Archives/edgar/daily-index/2024/QTR1/master.20240319.idx,20240319,master.20240319.idx,before_handoff,listed_source_pending,
2024Q1,SEC-0131,https://www.sec.gov/Archives/edgar/daily-index/2024/QTR1/master.20240320.idx,20240320,master.20240320.idx,before_handoff,listed_source_pending,
2024Q1,SEC-0131,https://www.sec.gov/Archives/edgar/daily-index/2024/QTR1/master.20240321.idx,20240321,master.20240321.idx,before_handoff,listed_source_pending,
2024Q1,SEC-0131,https://www.sec.gov/Archives/edgar/daily-index/2024/QTR1/master.20240322.idx,20240322,master.20240322.idx,before_handoff,listed_source_pending,
2024Q1,SEC-0131,https://www.sec.gov/Archives/edgar/daily-index/2024/QTR1/master.20240325.idx,20240325,master.20240325.idx,before_handoff,listed_source_pending,
2024Q1,SEC-0131,https://www.sec.gov/Archives/edgar/daily-index/2024/QTR1/master.20240326.idx,20240326,master.20240326.idx,before_handoff,listed_source_pending,
2024Q1,SEC-0131,https://www.sec.gov/Archives/edgar/daily-index/2024/QTR1/master.20240327.idx,20240327,master.20240327.idx,before_handoff,listed_source_pending,
2024Q1,SEC-0131,https://www.sec.gov/Archives/edgar/daily-index/2024/QTR1/master.20240328.idx,20240328,master.20240328.idx,before_handoff,listed_source_pending,
2024Q1,SEC-0131,https://www.sec.gov/Archives/edgar/daily-index/2024/QTR1/master.20240329.idx,20240329,master.20240329.idx,before_handoff,listed_source_pending,
2024Q2,SEC-0130,https://www.sec.gov/Archives/edgar/daily-index/2024/QTR2/index.json,,directory_summary,Historical boundary,listed_uninspected,GAP-D-2024Q2
2024Q3,SEC-0130,https://www.sec.gov/Archives/edgar/daily-index/2024/QTR3/index.json,,directory_summary,Historical boundary,listed_uninspected,GAP-D-2024Q3
2024Q4,SEC-0132,https://www.sec.gov/Archives/edgar/daily-index/2024/QTR4/index.json,,directory_summary,historical/preceding,available,
2024Q4,SEC-0132,https://www.sec.gov/Archives/edgar/daily-index/2024/QTR4/master.20241001.idx,20241001,master.20241001.idx,before_handoff,listed_source_pending,
2024Q4,SEC-0132,https://www.sec.gov/Archives/edgar/daily-index/2024/QTR4/master.20241002.idx,20241002,master.20241002.idx,before_handoff,listed_source_pending,
2024Q4,SEC-0132,https://www.sec.gov/Archives/edgar/daily-index/2024/QTR4/master.20241003.idx,20241003,master.20241003.idx,before_handoff,listed_source_pending,
2024Q4,SEC-0132,https://www.sec.gov/Archives/edgar/daily-index/2024/QTR4/master.20241004.idx,20241004,master.20241004.idx,before_handoff,listed_source_pending,
2024Q4,SEC-0132,https://www.sec.gov/Archives/edgar/daily-index/2024/QTR4/master.20241007.idx,20241007,master.20241007.idx,before_handoff,listed_source_pending,
2024Q4,SEC-0132,https://www.sec.gov/Archives/edgar/daily-index/2024/QTR4/master.20241008.idx,20241008,master.20241008.idx,before_handoff,listed_source_pending,
2024Q4,SEC-0132,https://www.sec.gov/Archives/edgar/daily-index/2024/QTR4/master.20241009.idx,20241009,master.20241009.idx,before_handoff,listed_source_pending,
2024Q4,SEC-0132,https://www.sec.gov/Archives/edgar/daily-index/2024/QTR4/master.20241010.idx,20241010,master.20241010.idx,before_handoff,listed_source_pending,
2024Q4,SEC-0132,https://www.sec.gov/Archives/edgar/daily-index/2024/QTR4/master.20241011.idx,20241011,master.20241011.idx,before_handoff,listed_source_pending,
2024Q4,SEC-0132,https://www.sec.gov/Archives/edgar/daily-index/2024/QTR4/master.20241015.idx,20241015,master.20241015.idx,before_handoff,listed_source_pending,
2024Q4,SEC-0132,https://www.sec.gov/Archives/edgar/daily-index/2024/QTR4/master.20241016.idx,20241016,master.20241016.idx,before_handoff,listed_source_pending,
2024Q4,SEC-0132,https://www.sec.gov/Archives/edgar/daily-index/2024/QTR4/master.20241017.idx,20241017,master.20241017.idx,before_handoff,listed_source_pending,
2024Q4,SEC-0132,https://www.sec.gov/Archives/edgar/daily-index/2024/QTR4/master.20241018.idx,20241018,master.20241018.idx,before_handoff,listed_source_pending,
2024Q4,SEC-0132,https://www.sec.gov/Archives/edgar/daily-index/2024/QTR4/master.20241021.idx,20241021,master.20241021.idx,before_handoff,listed_source_pending,
2024Q4,SEC-0132,https://www.sec.gov/Archives/edgar/daily-index/2024/QTR4/master.20241022.idx,20241022,master.20241022.idx,before_handoff,listed_source_pending,
2024Q4,SEC-0132,https://www.sec.gov/Archives/edgar/daily-index/2024/QTR4/master.20241023.idx,20241023,master.20241023.idx,before_handoff,listed_source_pending,
2024Q4,SEC-0132,https://www.sec.gov/Archives/edgar/daily-index/2024/QTR4/master.20241024.idx,20241024,master.20241024.idx,before_handoff,listed_source_pending,
2024Q4,SEC-0132,https://www.sec.gov/Archives/edgar/daily-index/2024/QTR4/master.20241025.idx,20241025,master.20241025.idx,before_handoff,listed_source_pending,
2024Q4,SEC-0132,https://www.sec.gov/Archives/edgar/daily-index/2024/QTR4/master.20241028.idx,20241028,master.20241028.idx,before_handoff,listed_source_pending,
2024Q4,SEC-0132,https://www.sec.gov/Archives/edgar/daily-index/2024/QTR4/master.20241029.idx,20241029,master.20241029.idx,before_handoff,listed_source_pending,
2024Q4,SEC-0132,https://www.sec.gov/Archives/edgar/daily-index/2024/QTR4/master.20241030.idx,20241030,master.20241030.idx,before_handoff,listed_source_pending,
2024Q4,SEC-0132,https://www.sec.gov/Archives/edgar/daily-index/2024/QTR4/master.20241031.idx,20241031,master.20241031.idx,before_handoff,listed_source_pending,
2024Q4,SEC-0132,https://www.sec.gov/Archives/edgar/daily-index/2024/QTR4/master.20241101.idx,20241101,master.20241101.idx,before_handoff,listed_source_pending,
2024Q4,SEC-0132,https://www.sec.gov/Archives/edgar/daily-index/2024/QTR4/master.20241104.idx,20241104,master.20241104.idx,before_handoff,listed_source_pending,
2024Q4,SEC-0132,https://www.sec.gov/Archives/edgar/daily-index/2024/QTR4/master.20241105.idx,20241105,master.20241105.idx,before_handoff,listed_source_pending,
2024Q4,SEC-0132,https://www.sec.gov/Archives/edgar/daily-index/2024/QTR4/master.20241106.idx,20241106,master.20241106.idx,before_handoff,listed_source_pending,
2024Q4,SEC-0132,https://www.sec.gov/Archives/edgar/daily-index/2024/QTR4/master.20241107.idx,20241107,master.20241107.idx,before_handoff,listed_source_pending,
2024Q4,SEC-0132,https://www.sec.gov/Archives/edgar/daily-index/2024/QTR4/master.20241108.idx,20241108,master.20241108.idx,before_handoff,listed_source_pending,
2024Q4,SEC-0132,https://www.sec.gov/Archives/edgar/daily-index/2024/QTR4/master.20241112.idx,20241112,master.20241112.idx,before_handoff,listed_source_pending,
2024Q4,SEC-0132,https://www.sec.gov/Archives/edgar/daily-index/2024/QTR4/master.20241113.idx,20241113,master.20241113.idx,before_handoff,listed_source_pending,
2024Q4,SEC-0132,https://www.sec.gov/Archives/edgar/daily-index/2024/QTR4/master.20241114.idx,20241114,master.20241114.idx,before_handoff,listed_source_pending,
2024Q4,SEC-0132,https://www.sec.gov/Archives/edgar/daily-index/2024/QTR4/master.20241115.idx,20241115,master.20241115.idx,before_handoff,listed_source_pending,
2024Q4,SEC-0132,https://www.sec.gov/Archives/edgar/daily-index/2024/QTR4/master.20241118.idx,20241118,master.20241118.idx,before_handoff,listed_source_pending,
2024Q4,SEC-0132,https://www.sec.gov/Archives/edgar/daily-index/2024/QTR4/master.20241119.idx,20241119,master.20241119.idx,before_handoff,listed_source_pending,
2024Q4,SEC-0132,https://www.sec.gov/Archives/edgar/daily-index/2024/QTR4/master.20241120.idx,20241120,master.20241120.idx,before_handoff,listed_source_pending,
2024Q4,SEC-0132,https://www.sec.gov/Archives/edgar/daily-index/2024/QTR4/master.20241121.idx,20241121,master.20241121.idx,before_handoff,listed_source_pending,
2024Q4,SEC-0132,https://www.sec.gov/Archives/edgar/daily-index/2024/QTR4/master.20241122.idx,20241122,master.20241122.idx,before_handoff,listed_source_pending,
2024Q4,SEC-0132,https://www.sec.gov/Archives/edgar/daily-index/2024/QTR4/master.20241125.idx,20241125,master.20241125.idx,before_handoff,listed_source_pending,
2024Q4,SEC-0132,https://www.sec.gov/Archives/edgar/daily-index/2024/QTR4/master.20241126.idx,20241126,master.20241126.idx,before_handoff,listed_source_pending,
2024Q4,SEC-0132,https://www.sec.gov/Archives/edgar/daily-index/2024/QTR4/master.20241127.idx,20241127,master.20241127.idx,before_handoff,listed_source_pending,
2024Q4,SEC-0132,https://www.sec.gov/Archives/edgar/daily-index/2024/QTR4/master.20241129.idx,20241129,master.20241129.idx,before_handoff,listed_source_pending,
2024Q4,SEC-0132,https://www.sec.gov/Archives/edgar/daily-index/2024/QTR4/master.20241202.idx,20241202,master.20241202.idx,before_handoff,listed_source_pending,
2024Q4,SEC-0132,https://www.sec.gov/Archives/edgar/daily-index/2024/QTR4/master.20241203.idx,20241203,master.20241203.idx,before_handoff,listed_source_pending,
2024Q4,SEC-0132,https://www.sec.gov/Archives/edgar/daily-index/2024/QTR4/master.20241204.idx,20241204,master.20241204.idx,before_handoff,listed_source_pending,
2024Q4,SEC-0132,https://www.sec.gov/Archives/edgar/daily-index/2024/QTR4/master.20241205.idx,20241205,master.20241205.idx,before_handoff,listed_source_pending,
2024Q4,SEC-0132,https://www.sec.gov/Archives/edgar/daily-index/2024/QTR4/master.20241206.idx,20241206,master.20241206.idx,before_handoff,listed_source_pending,
2024Q4,SEC-0132,https://www.sec.gov/Archives/edgar/daily-index/2024/QTR4/master.20241209.idx,20241209,master.20241209.idx,before_handoff,listed_source_pending,
2024Q4,SEC-0132,https://www.sec.gov/Archives/edgar/daily-index/2024/QTR4/master.20241210.idx,20241210,master.20241210.idx,before_handoff,listed_source_pending,
2024Q4,SEC-0132,https://www.sec.gov/Archives/edgar/daily-index/2024/QTR4/master.20241211.idx,20241211,master.20241211.idx,before_handoff,listed_source_pending,
2024Q4,SEC-0132,https://www.sec.gov/Archives/edgar/daily-index/2024/QTR4/master.20241212.idx,20241212,master.20241212.idx,before_handoff,listed_source_pending,
2024Q4,SEC-0132,https://www.sec.gov/Archives/edgar/daily-index/2024/QTR4/master.20241213.idx,20241213,master.20241213.idx,before_handoff,listed_source_pending,
2024Q4,SEC-0132,https://www.sec.gov/Archives/edgar/daily-index/2024/QTR4/master.20241216.idx,20241216,master.20241216.idx,before_handoff,listed_source_pending,
2024Q4,SEC-0132,https://www.sec.gov/Archives/edgar/daily-index/2024/QTR4/master.20241217.idx,20241217,master.20241217.idx,before_handoff,listed_source_pending,
2024Q4,SEC-0132,https://www.sec.gov/Archives/edgar/daily-index/2024/QTR4/master.20241218.idx,20241218,master.20241218.idx,before_handoff,listed_source_pending,
2024Q4,SEC-0132,https://www.sec.gov/Archives/edgar/daily-index/2024/QTR4/master.20241219.idx,20241219,master.20241219.idx,before_handoff,listed_source_pending,
2024Q4,SEC-0132,https://www.sec.gov/Archives/edgar/daily-index/2024/QTR4/master.20241220.idx,20241220,master.20241220.idx,before_handoff,listed_source_pending,
2024Q4,SEC-0132,https://www.sec.gov/Archives/edgar/daily-index/2024/QTR4/master.20241223.idx,20241223,master.20241223.idx,before_handoff,listed_source_pending,
2024Q4,SEC-0132,https://www.sec.gov/Archives/edgar/daily-index/2024/QTR4/master.20241226.idx,20241226,master.20241226.idx,before_handoff,listed_source_pending,
2024Q4,SEC-0132,https://www.sec.gov/Archives/edgar/daily-index/2024/QTR4/master.20241227.idx,20241227,master.20241227.idx,before_handoff,listed_source_pending,
2024Q4,SEC-0132,https://www.sec.gov/Archives/edgar/daily-index/2024/QTR4/master.20241230.idx,20241230,master.20241230.idx,before_handoff,listed_source_pending,
2024Q4,SEC-0132,https://www.sec.gov/Archives/edgar/daily-index/2024/QTR4/master.20241231.idx,20241231,master.20241231.idx,before_handoff,listed_source_pending,
2025,SEC-0133,https://www.sec.gov/Archives/edgar/daily-index/2025/index.json,,year_summary,Historical boundary,available,
2025Q1,SEC-0134,https://www.sec.gov/Archives/edgar/daily-index/2025/QTR1/index.json,,directory_summary,historical/preceding,available,
2025Q1,SEC-0134,https://www.sec.gov/Archives/edgar/daily-index/2025/QTR1/master.20250102.idx,20250102,master.20250102.idx,before_handoff,listed_source_pending,
2025Q1,SEC-0134,https://www.sec.gov/Archives/edgar/daily-index/2025/QTR1/master.20250103.idx,20250103,master.20250103.idx,before_handoff,listed_source_pending,
2025Q1,SEC-0134,https://www.sec.gov/Archives/edgar/daily-index/2025/QTR1/master.20250106.idx,20250106,master.20250106.idx,before_handoff,listed_source_pending,
2025Q1,SEC-0134,https://www.sec.gov/Archives/edgar/daily-index/2025/QTR1/master.20250107.idx,20250107,master.20250107.idx,before_handoff,listed_source_pending,
2025Q1,SEC-0134,https://www.sec.gov/Archives/edgar/daily-index/2025/QTR1/master.20250108.idx,20250108,master.20250108.idx,before_handoff,listed_source_pending,
2025Q1,SEC-0134,https://www.sec.gov/Archives/edgar/daily-index/2025/QTR1/master.20250110.idx,20250110,master.20250110.idx,before_handoff,listed_source_pending,
2025Q1,SEC-0134,https://www.sec.gov/Archives/edgar/daily-index/2025/QTR1/master.20250113.idx,20250113,master.20250113.idx,before_handoff,listed_source_pending,
2025Q1,SEC-0134,https://www.sec.gov/Archives/edgar/daily-index/2025/QTR1/master.20250114.idx,20250114,master.20250114.idx,before_handoff,listed_source_pending,
2025Q1,SEC-0134,https://www.sec.gov/Archives/edgar/daily-index/2025/QTR1/master.20250115.idx,20250115,master.20250115.idx,before_handoff,listed_source_pending,
2025Q1,SEC-0134,https://www.sec.gov/Archives/edgar/daily-index/2025/QTR1/master.20250116.idx,20250116,master.20250116.idx,before_handoff,listed_source_pending,
2025Q1,SEC-0134,https://www.sec.gov/Archives/edgar/daily-index/2025/QTR1/master.20250117.idx,20250117,master.20250117.idx,before_handoff,listed_source_pending,
2025Q1,SEC-0134,https://www.sec.gov/Archives/edgar/daily-index/2025/QTR1/master.20250121.idx,20250121,master.20250121.idx,before_handoff,listed_source_pending,
2025Q1,SEC-0134,https://www.sec.gov/Archives/edgar/daily-index/2025/QTR1/master.20250122.idx,20250122,master.20250122.idx,before_handoff,listed_source_pending,
2025Q1,SEC-0134,https://www.sec.gov/Archives/edgar/daily-index/2025/QTR1/master.20250123.idx,20250123,master.20250123.idx,before_handoff,listed_source_pending,
2025Q1,SEC-0134,https://www.sec.gov/Archives/edgar/daily-index/2025/QTR1/master.20250124.idx,20250124,master.20250124.idx,before_handoff,listed_source_pending,
2025Q1,SEC-0134,https://www.sec.gov/Archives/edgar/daily-index/2025/QTR1/master.20250127.idx,20250127,master.20250127.idx,before_handoff,listed_source_pending,
2025Q1,SEC-0134,https://www.sec.gov/Archives/edgar/daily-index/2025/QTR1/master.20250128.idx,20250128,master.20250128.idx,before_handoff,listed_source_pending,
2025Q1,SEC-0134,https://www.sec.gov/Archives/edgar/daily-index/2025/QTR1/master.20250129.idx,20250129,master.20250129.idx,before_handoff,listed_source_pending,
2025Q1,SEC-0134,https://www.sec.gov/Archives/edgar/daily-index/2025/QTR1/master.20250130.idx,20250130,master.20250130.idx,before_handoff,listed_source_pending,
2025Q1,SEC-0134,https://www.sec.gov/Archives/edgar/daily-index/2025/QTR1/master.20250131.idx,20250131,master.20250131.idx,before_handoff,listed_source_pending,
2025Q1,SEC-0134,https://www.sec.gov/Archives/edgar/daily-index/2025/QTR1/master.20250203.idx,20250203,master.20250203.idx,before_handoff,listed_source_pending,
2025Q1,SEC-0134,https://www.sec.gov/Archives/edgar/daily-index/2025/QTR1/master.20250204.idx,20250204,master.20250204.idx,before_handoff,listed_source_pending,
2025Q1,SEC-0134,https://www.sec.gov/Archives/edgar/daily-index/2025/QTR1/master.20250205.idx,20250205,master.20250205.idx,before_handoff,listed_source_pending,
2025Q1,SEC-0134,https://www.sec.gov/Archives/edgar/daily-index/2025/QTR1/master.20250206.idx,20250206,master.20250206.idx,before_handoff,listed_source_pending,
2025Q1,SEC-0134,https://www.sec.gov/Archives/edgar/daily-index/2025/QTR1/master.20250207.idx,20250207,master.20250207.idx,before_handoff,listed_source_pending,
2025Q1,SEC-0134,https://www.sec.gov/Archives/edgar/daily-index/2025/QTR1/master.20250210.idx,20250210,master.20250210.idx,before_handoff,listed_source_pending,
2025Q1,SEC-0134,https://www.sec.gov/Archives/edgar/daily-index/2025/QTR1/master.20250211.idx,20250211,master.20250211.idx,before_handoff,listed_source_pending,
2025Q1,SEC-0134,https://www.sec.gov/Archives/edgar/daily-index/2025/QTR1/master.20250212.idx,20250212,master.20250212.idx,before_handoff,listed_source_pending,
2025Q1,SEC-0134,https://www.sec.gov/Archives/edgar/daily-index/2025/QTR1/master.20250213.idx,20250213,master.20250213.idx,before_handoff,listed_source_pending,
2025Q1,SEC-0134,https://www.sec.gov/Archives/edgar/daily-index/2025/QTR1/master.20250214.idx,20250214,master.20250214.idx,before_handoff,listed_source_pending,
2025Q1,SEC-0134,https://www.sec.gov/Archives/edgar/daily-index/2025/QTR1/master.20250218.idx,20250218,master.20250218.idx,before_handoff,listed_source_pending,
2025Q1,SEC-0134,https://www.sec.gov/Archives/edgar/daily-index/2025/QTR1/master.20250219.idx,20250219,master.20250219.idx,before_handoff,listed_source_pending,
2025Q1,SEC-0134,https://www.sec.gov/Archives/edgar/daily-index/2025/QTR1/master.20250220.idx,20250220,master.20250220.idx,before_handoff,listed_source_pending,
2025Q1,SEC-0134,https://www.sec.gov/Archives/edgar/daily-index/2025/QTR1/master.20250221.idx,20250221,master.20250221.idx,before_handoff,listed_source_pending,
2025Q1,SEC-0134,https://www.sec.gov/Archives/edgar/daily-index/2025/QTR1/master.20250224.idx,20250224,master.20250224.idx,before_handoff,listed_source_pending,
2025Q1,SEC-0134,https://www.sec.gov/Archives/edgar/daily-index/2025/QTR1/master.20250225.idx,20250225,master.20250225.idx,before_handoff,listed_source_pending,
2025Q1,SEC-0134,https://www.sec.gov/Archives/edgar/daily-index/2025/QTR1/master.20250226.idx,20250226,master.20250226.idx,before_handoff,listed_source_pending,
2025Q1,SEC-0134,https://www.sec.gov/Archives/edgar/daily-index/2025/QTR1/master.20250227.idx,20250227,master.20250227.idx,before_handoff,listed_source_pending,
2025Q1,SEC-0134,https://www.sec.gov/Archives/edgar/daily-index/2025/QTR1/master.20250228.idx,20250228,master.20250228.idx,before_handoff,listed_source_pending,
2025Q1,SEC-0134,https://www.sec.gov/Archives/edgar/daily-index/2025/QTR1/master.20250303.idx,20250303,master.20250303.idx,before_handoff,listed_source_pending,
2025Q1,SEC-0134,https://www.sec.gov/Archives/edgar/daily-index/2025/QTR1/master.20250304.idx,20250304,master.20250304.idx,before_handoff,listed_source_pending,
2025Q1,SEC-0134,https://www.sec.gov/Archives/edgar/daily-index/2025/QTR1/master.20250305.idx,20250305,master.20250305.idx,before_handoff,listed_source_pending,
2025Q1,SEC-0134,https://www.sec.gov/Archives/edgar/daily-index/2025/QTR1/master.20250306.idx,20250306,master.20250306.idx,before_handoff,listed_source_pending,
2025Q1,SEC-0134,https://www.sec.gov/Archives/edgar/daily-index/2025/QTR1/master.20250307.idx,20250307,master.20250307.idx,before_handoff,listed_source_pending,
2025Q1,SEC-0134,https://www.sec.gov/Archives/edgar/daily-index/2025/QTR1/master.20250310.idx,20250310,master.20250310.idx,before_handoff,listed_source_pending,
2025Q1,SEC-0134,https://www.sec.gov/Archives/edgar/daily-index/2025/QTR1/master.20250311.idx,20250311,master.20250311.idx,before_handoff,listed_source_pending,
2025Q1,SEC-0134,https://www.sec.gov/Archives/edgar/daily-index/2025/QTR1/master.20250312.idx,20250312,master.20250312.idx,before_handoff,listed_source_pending,
2025Q1,SEC-0134,https://www.sec.gov/Archives/edgar/daily-index/2025/QTR1/master.20250313.idx,20250313,master.20250313.idx,before_handoff,listed_source_pending,
2025Q1,SEC-0134,https://www.sec.gov/Archives/edgar/daily-index/2025/QTR1/master.20250314.idx,20250314,master.20250314.idx,before_handoff,listed_source_pending,
2025Q1,SEC-0134,https://www.sec.gov/Archives/edgar/daily-index/2025/QTR1/master.20250317.idx,20250317,master.20250317.idx,before_handoff,listed_source_pending,
2025Q1,SEC-0134,https://www.sec.gov/Archives/edgar/daily-index/2025/QTR1/master.20250318.idx,20250318,master.20250318.idx,before_handoff,listed_source_pending,
2025Q1,SEC-0134,https://www.sec.gov/Archives/edgar/daily-index/2025/QTR1/master.20250319.idx,20250319,master.20250319.idx,before_handoff,listed_source_pending,
2025Q1,SEC-0134,https://www.sec.gov/Archives/edgar/daily-index/2025/QTR1/master.20250320.idx,20250320,master.20250320.idx,before_handoff,listed_source_pending,
2025Q1,SEC-0134,https://www.sec.gov/Archives/edgar/daily-index/2025/QTR1/master.20250321.idx,20250321,master.20250321.idx,before_handoff,listed_source_pending,
2025Q1,SEC-0134,https://www.sec.gov/Archives/edgar/daily-index/2025/QTR1/master.20250324.idx,20250324,master.20250324.idx,before_handoff,listed_source_pending,
2025Q1,SEC-0134,https://www.sec.gov/Archives/edgar/daily-index/2025/QTR1/master.20250325.idx,20250325,master.20250325.idx,before_handoff,listed_source_pending,
2025Q1,SEC-0134,https://www.sec.gov/Archives/edgar/daily-index/2025/QTR1/master.20250326.idx,20250326,master.20250326.idx,before_handoff,listed_source_pending,
2025Q1,SEC-0134,https://www.sec.gov/Archives/edgar/daily-index/2025/QTR1/master.20250327.idx,20250327,master.20250327.idx,before_handoff,listed_source_pending,
2025Q1,SEC-0134,https://www.sec.gov/Archives/edgar/daily-index/2025/QTR1/master.20250328.idx,20250328,master.20250328.idx,before_handoff,listed_source_pending,
2025Q1,SEC-0134,https://www.sec.gov/Archives/edgar/daily-index/2025/QTR1/master.20250331.idx,20250331,master.20250331.idx,before_handoff,listed_source_pending,
2025Q2,SEC-0133,https://www.sec.gov/Archives/edgar/daily-index/2025/QTR2/index.json,,directory_summary,Historical boundary,listed_uninspected,GAP-D-2025Q2
2025Q3,SEC-0133,https://www.sec.gov/Archives/edgar/daily-index/2025/QTR3/index.json,,directory_summary,Historical boundary,listed_uninspected,GAP-D-2025Q3
2025Q4,SEC-0135,https://www.sec.gov/Archives/edgar/daily-index/2025/QTR4/index.json,,directory_summary,historical/preceding,available,
2025Q4,SEC-0135,https://www.sec.gov/Archives/edgar/daily-index/2025/QTR4/master.20251001.idx,20251001,master.20251001.idx,before_handoff,listed_source_pending,
2025Q4,SEC-0135,https://www.sec.gov/Archives/edgar/daily-index/2025/QTR4/master.20251002.idx,20251002,master.20251002.idx,before_handoff,listed_source_pending,
2025Q4,SEC-0135,https://www.sec.gov/Archives/edgar/daily-index/2025/QTR4/master.20251003.idx,20251003,master.20251003.idx,before_handoff,listed_source_pending,
2025Q4,SEC-0135,https://www.sec.gov/Archives/edgar/daily-index/2025/QTR4/master.20251006.idx,20251006,master.20251006.idx,before_handoff,listed_source_pending,
2025Q4,SEC-0135,https://www.sec.gov/Archives/edgar/daily-index/2025/QTR4/master.20251007.idx,20251007,master.20251007.idx,before_handoff,listed_source_pending,
2025Q4,SEC-0135,https://www.sec.gov/Archives/edgar/daily-index/2025/QTR4/master.20251008.idx,20251008,master.20251008.idx,before_handoff,listed_source_pending,
2025Q4,SEC-0135,https://www.sec.gov/Archives/edgar/daily-index/2025/QTR4/master.20251009.idx,20251009,master.20251009.idx,before_handoff,listed_source_pending,
2025Q4,SEC-0135,https://www.sec.gov/Archives/edgar/daily-index/2025/QTR4/master.20251010.idx,20251010,master.20251010.idx,before_handoff,listed_source_pending,
2025Q4,SEC-0135,https://www.sec.gov/Archives/edgar/daily-index/2025/QTR4/master.20251014.idx,20251014,master.20251014.idx,before_handoff,listed_source_pending,
2025Q4,SEC-0135,https://www.sec.gov/Archives/edgar/daily-index/2025/QTR4/master.20251015.idx,20251015,master.20251015.idx,before_handoff,listed_source_pending,
2025Q4,SEC-0135,https://www.sec.gov/Archives/edgar/daily-index/2025/QTR4/master.20251016.idx,20251016,master.20251016.idx,before_handoff,listed_source_pending,
2025Q4,SEC-0135,https://www.sec.gov/Archives/edgar/daily-index/2025/QTR4/master.20251017.idx,20251017,master.20251017.idx,before_handoff,listed_source_pending,
2025Q4,SEC-0135,https://www.sec.gov/Archives/edgar/daily-index/2025/QTR4/master.20251020.idx,20251020,master.20251020.idx,before_handoff,listed_source_pending,
2025Q4,SEC-0135,https://www.sec.gov/Archives/edgar/daily-index/2025/QTR4/master.20251021.idx,20251021,master.20251021.idx,before_handoff,listed_source_pending,
2025Q4,SEC-0135,https://www.sec.gov/Archives/edgar/daily-index/2025/QTR4/master.20251022.idx,20251022,master.20251022.idx,before_handoff,listed_source_pending,
2025Q4,SEC-0135,https://www.sec.gov/Archives/edgar/daily-index/2025/QTR4/master.20251023.idx,20251023,master.20251023.idx,before_handoff,listed_source_pending,
2025Q4,SEC-0135,https://www.sec.gov/Archives/edgar/daily-index/2025/QTR4/master.20251024.idx,20251024,master.20251024.idx,before_handoff,listed_source_pending,
2025Q4,SEC-0135,https://www.sec.gov/Archives/edgar/daily-index/2025/QTR4/master.20251027.idx,20251027,master.20251027.idx,before_handoff,listed_source_pending,
2025Q4,SEC-0135,https://www.sec.gov/Archives/edgar/daily-index/2025/QTR4/master.20251028.idx,20251028,master.20251028.idx,before_handoff,listed_source_pending,
2025Q4,SEC-0135,https://www.sec.gov/Archives/edgar/daily-index/2025/QTR4/master.20251029.idx,20251029,master.20251029.idx,before_handoff,listed_source_pending,
2025Q4,SEC-0135,https://www.sec.gov/Archives/edgar/daily-index/2025/QTR4/master.20251030.idx,20251030,master.20251030.idx,before_handoff,listed_source_pending,
2025Q4,SEC-0135,https://www.sec.gov/Archives/edgar/daily-index/2025/QTR4/master.20251031.idx,20251031,master.20251031.idx,before_handoff,listed_source_pending,
2025Q4,SEC-0135,https://www.sec.gov/Archives/edgar/daily-index/2025/QTR4/master.20251103.idx,20251103,master.20251103.idx,before_handoff,listed_source_pending,
2025Q4,SEC-0135,https://www.sec.gov/Archives/edgar/daily-index/2025/QTR4/master.20251104.idx,20251104,master.20251104.idx,before_handoff,listed_source_pending,
2025Q4,SEC-0135,https://www.sec.gov/Archives/edgar/daily-index/2025/QTR4/master.20251105.idx,20251105,master.20251105.idx,before_handoff,listed_source_pending,
2025Q4,SEC-0135,https://www.sec.gov/Archives/edgar/daily-index/2025/QTR4/master.20251106.idx,20251106,master.20251106.idx,before_handoff,listed_source_pending,
2025Q4,SEC-0135,https://www.sec.gov/Archives/edgar/daily-index/2025/QTR4/master.20251107.idx,20251107,master.20251107.idx,before_handoff,listed_source_pending,
2025Q4,SEC-0135,https://www.sec.gov/Archives/edgar/daily-index/2025/QTR4/master.20251110.idx,20251110,master.20251110.idx,before_handoff,listed_source_pending,
2025Q4,SEC-0135,https://www.sec.gov/Archives/edgar/daily-index/2025/QTR4/master.20251112.idx,20251112,master.20251112.idx,before_handoff,listed_source_pending,
2025Q4,SEC-0135,https://www.sec.gov/Archives/edgar/daily-index/2025/QTR4/master.20251113.idx,20251113,master.20251113.idx,before_handoff,listed_source_pending,
2025Q4,SEC-0135,https://www.sec.gov/Archives/edgar/daily-index/2025/QTR4/master.20251114.idx,20251114,master.20251114.idx,before_handoff,listed_source_pending,
2025Q4,SEC-0135,https://www.sec.gov/Archives/edgar/daily-index/2025/QTR4/master.20251117.idx,20251117,master.20251117.idx,before_handoff,listed_source_pending,
2025Q4,SEC-0135,https://www.sec.gov/Archives/edgar/daily-index/2025/QTR4/master.20251118.idx,20251118,master.20251118.idx,before_handoff,listed_source_pending,
2025Q4,SEC-0135,https://www.sec.gov/Archives/edgar/daily-index/2025/QTR4/master.20251119.idx,20251119,master.20251119.idx,before_handoff,listed_source_pending,
2025Q4,SEC-0135,https://www.sec.gov/Archives/edgar/daily-index/2025/QTR4/master.20251120.idx,20251120,master.20251120.idx,before_handoff,listed_source_pending,
2025Q4,SEC-0135,https://www.sec.gov/Archives/edgar/daily-index/2025/QTR4/master.20251121.idx,20251121,master.20251121.idx,before_handoff,listed_source_pending,
2025Q4,SEC-0135,https://www.sec.gov/Archives/edgar/daily-index/2025/QTR4/master.20251124.idx,20251124,master.20251124.idx,before_handoff,listed_source_pending,
2025Q4,SEC-0135,https://www.sec.gov/Archives/edgar/daily-index/2025/QTR4/master.20251125.idx,20251125,master.20251125.idx,before_handoff,listed_source_pending,
2025Q4,SEC-0135,https://www.sec.gov/Archives/edgar/daily-index/2025/QTR4/master.20251126.idx,20251126,master.20251126.idx,before_handoff,listed_source_pending,
2025Q4,SEC-0135,https://www.sec.gov/Archives/edgar/daily-index/2025/QTR4/master.20251128.idx,20251128,master.20251128.idx,before_handoff,listed_source_pending,
2025Q4,SEC-0135,https://www.sec.gov/Archives/edgar/daily-index/2025/QTR4/master.20251201.idx,20251201,master.20251201.idx,before_handoff,listed_source_pending,
2025Q4,SEC-0135,https://www.sec.gov/Archives/edgar/daily-index/2025/QTR4/master.20251202.idx,20251202,master.20251202.idx,before_handoff,listed_source_pending,
2025Q4,SEC-0135,https://www.sec.gov/Archives/edgar/daily-index/2025/QTR4/master.20251203.idx,20251203,master.20251203.idx,before_handoff,listed_source_pending,
2025Q4,SEC-0135,https://www.sec.gov/Archives/edgar/daily-index/2025/QTR4/master.20251204.idx,20251204,master.20251204.idx,before_handoff,listed_source_pending,
2025Q4,SEC-0135,https://www.sec.gov/Archives/edgar/daily-index/2025/QTR4/master.20251205.idx,20251205,master.20251205.idx,before_handoff,listed_source_pending,
2025Q4,SEC-0135,https://www.sec.gov/Archives/edgar/daily-index/2025/QTR4/master.20251208.idx,20251208,master.20251208.idx,before_handoff,listed_source_pending,
2025Q4,SEC-0135,https://www.sec.gov/Archives/edgar/daily-index/2025/QTR4/master.20251209.idx,20251209,master.20251209.idx,before_handoff,listed_source_pending,
2025Q4,SEC-0135,https://www.sec.gov/Archives/edgar/daily-index/2025/QTR4/master.20251210.idx,20251210,master.20251210.idx,before_handoff,listed_source_pending,
2025Q4,SEC-0135,https://www.sec.gov/Archives/edgar/daily-index/2025/QTR4/master.20251211.idx,20251211,master.20251211.idx,before_handoff,listed_source_pending,
2025Q4,SEC-0135,https://www.sec.gov/Archives/edgar/daily-index/2025/QTR4/master.20251212.idx,20251212,master.20251212.idx,before_handoff,listed_source_pending,
2025Q4,SEC-0135,https://www.sec.gov/Archives/edgar/daily-index/2025/QTR4/master.20251215.idx,20251215,master.20251215.idx,before_handoff,listed_source_pending,
2025Q4,SEC-0135,https://www.sec.gov/Archives/edgar/daily-index/2025/QTR4/master.20251216.idx,20251216,master.20251216.idx,before_handoff,listed_source_pending,
2025Q4,SEC-0135,https://www.sec.gov/Archives/edgar/daily-index/2025/QTR4/master.20251217.idx,20251217,master.20251217.idx,before_handoff,listed_source_pending,
2025Q4,SEC-0135,https://www.sec.gov/Archives/edgar/daily-index/2025/QTR4/master.20251218.idx,20251218,master.20251218.idx,before_handoff,listed_source_pending,
2025Q4,SEC-0135,https://www.sec.gov/Archives/edgar/daily-index/2025/QTR4/master.20251219.idx,20251219,master.20251219.idx,before_handoff,listed_source_pending,
2025Q4,SEC-0135,https://www.sec.gov/Archives/edgar/daily-index/2025/QTR4/master.20251222.idx,20251222,master.20251222.idx,before_handoff,listed_source_pending,
2025Q4,SEC-0135,https://www.sec.gov/Archives/edgar/daily-index/2025/QTR4/master.20251223.idx,20251223,master.20251223.idx,before_handoff,listed_source_pending,
2025Q4,SEC-0135,https://www.sec.gov/Archives/edgar/daily-index/2025/QTR4/master.20251229.idx,20251229,master.20251229.idx,before_handoff,listed_source_pending,
2025Q4,SEC-0135,https://www.sec.gov/Archives/edgar/daily-index/2025/QTR4/master.20251230.idx,20251230,master.20251230.idx,before_handoff,listed_source_pending,
2025Q4,SEC-0135,https://www.sec.gov/Archives/edgar/daily-index/2025/QTR4/master.20251231.idx,20251231,master.20251231.idx,before_handoff,listed_source_pending,
2026,SEC-0136,https://www.sec.gov/Archives/edgar/daily-index/2026/index.json,,year_summary,Historical boundary,available,
2026Q1,SEC-0137,https://www.sec.gov/Archives/edgar/daily-index/2026/QTR1/index.json,,directory_summary,historical/preceding,available,
2026Q1,SEC-0137,https://www.sec.gov/Archives/edgar/daily-index/2026/QTR1/master.20260102.idx,20260102,master.20260102.idx,before_handoff,listed_source_pending,
2026Q1,SEC-0137,https://www.sec.gov/Archives/edgar/daily-index/2026/QTR1/master.20260105.idx,20260105,master.20260105.idx,before_handoff,listed_source_pending,
2026Q1,SEC-0137,https://www.sec.gov/Archives/edgar/daily-index/2026/QTR1/master.20260106.idx,20260106,master.20260106.idx,before_handoff,listed_source_pending,
2026Q1,SEC-0137,https://www.sec.gov/Archives/edgar/daily-index/2026/QTR1/master.20260107.idx,20260107,master.20260107.idx,before_handoff,listed_source_pending,
2026Q1,SEC-0137,https://www.sec.gov/Archives/edgar/daily-index/2026/QTR1/master.20260108.idx,20260108,master.20260108.idx,before_handoff,listed_source_pending,
2026Q1,SEC-0137,https://www.sec.gov/Archives/edgar/daily-index/2026/QTR1/master.20260109.idx,20260109,master.20260109.idx,before_handoff,listed_source_pending,
2026Q1,SEC-0137,https://www.sec.gov/Archives/edgar/daily-index/2026/QTR1/master.20260112.idx,20260112,master.20260112.idx,before_handoff,listed_source_pending,
2026Q1,SEC-0137,https://www.sec.gov/Archives/edgar/daily-index/2026/QTR1/master.20260113.idx,20260113,master.20260113.idx,before_handoff,listed_source_pending,
2026Q1,SEC-0137,https://www.sec.gov/Archives/edgar/daily-index/2026/QTR1/master.20260114.idx,20260114,master.20260114.idx,before_handoff,listed_source_pending,
2026Q1,SEC-0137,https://www.sec.gov/Archives/edgar/daily-index/2026/QTR1/master.20260115.idx,20260115,master.20260115.idx,before_handoff,listed_source_pending,
2026Q1,SEC-0137,https://www.sec.gov/Archives/edgar/daily-index/2026/QTR1/master.20260116.idx,20260116,master.20260116.idx,before_handoff,listed_source_pending,
2026Q1,SEC-0137,https://www.sec.gov/Archives/edgar/daily-index/2026/QTR1/master.20260120.idx,20260120,master.20260120.idx,before_handoff,listed_source_pending,
2026Q1,SEC-0137,https://www.sec.gov/Archives/edgar/daily-index/2026/QTR1/master.20260121.idx,20260121,master.20260121.idx,before_handoff,listed_source_pending,
2026Q1,SEC-0137,https://www.sec.gov/Archives/edgar/daily-index/2026/QTR1/master.20260122.idx,20260122,master.20260122.idx,before_handoff,listed_source_pending,
2026Q1,SEC-0137,https://www.sec.gov/Archives/edgar/daily-index/2026/QTR1/master.20260123.idx,20260123,master.20260123.idx,before_handoff,listed_source_pending,
2026Q1,SEC-0137,https://www.sec.gov/Archives/edgar/daily-index/2026/QTR1/master.20260126.idx,20260126,master.20260126.idx,before_handoff,listed_source_pending,
2026Q1,SEC-0137,https://www.sec.gov/Archives/edgar/daily-index/2026/QTR1/master.20260127.idx,20260127,master.20260127.idx,before_handoff,listed_source_pending,
2026Q1,SEC-0137,https://www.sec.gov/Archives/edgar/daily-index/2026/QTR1/master.20260128.idx,20260128,master.20260128.idx,before_handoff,listed_source_pending,
2026Q1,SEC-0137,https://www.sec.gov/Archives/edgar/daily-index/2026/QTR1/master.20260129.idx,20260129,master.20260129.idx,before_handoff,listed_source_pending,
2026Q1,SEC-0137,https://www.sec.gov/Archives/edgar/daily-index/2026/QTR1/master.20260130.idx,20260130,master.20260130.idx,before_handoff,listed_source_pending,
2026Q1,SEC-0137,https://www.sec.gov/Archives/edgar/daily-index/2026/QTR1/master.20260202.idx,20260202,master.20260202.idx,before_handoff,listed_source_pending,
2026Q1,SEC-0137,https://www.sec.gov/Archives/edgar/daily-index/2026/QTR1/master.20260203.idx,20260203,master.20260203.idx,before_handoff,listed_source_pending,
2026Q1,SEC-0137,https://www.sec.gov/Archives/edgar/daily-index/2026/QTR1/master.20260204.idx,20260204,master.20260204.idx,before_handoff,listed_source_pending,
2026Q1,SEC-0137,https://www.sec.gov/Archives/edgar/daily-index/2026/QTR1/master.20260205.idx,20260205,master.20260205.idx,before_handoff,listed_source_pending,
2026Q1,SEC-0137,https://www.sec.gov/Archives/edgar/daily-index/2026/QTR1/master.20260206.idx,20260206,master.20260206.idx,before_handoff,listed_source_pending,
2026Q1,SEC-0137,https://www.sec.gov/Archives/edgar/daily-index/2026/QTR1/master.20260209.idx,20260209,master.20260209.idx,before_handoff,listed_source_pending,
2026Q1,SEC-0137,https://www.sec.gov/Archives/edgar/daily-index/2026/QTR1/master.20260210.idx,20260210,master.20260210.idx,before_handoff,listed_source_pending,
2026Q1,SEC-0137,https://www.sec.gov/Archives/edgar/daily-index/2026/QTR1/master.20260211.idx,20260211,master.20260211.idx,before_handoff,listed_source_pending,
2026Q1,SEC-0137,https://www.sec.gov/Archives/edgar/daily-index/2026/QTR1/master.20260212.idx,20260212,master.20260212.idx,before_handoff,listed_source_pending,
2026Q1,SEC-0137,https://www.sec.gov/Archives/edgar/daily-index/2026/QTR1/master.20260213.idx,20260213,master.20260213.idx,before_handoff,listed_source_pending,
2026Q1,SEC-0137,https://www.sec.gov/Archives/edgar/daily-index/2026/QTR1/master.20260217.idx,20260217,master.20260217.idx,before_handoff,listed_source_pending,
2026Q1,SEC-0137,https://www.sec.gov/Archives/edgar/daily-index/2026/QTR1/master.20260218.idx,20260218,master.20260218.idx,before_handoff,listed_source_pending,
2026Q1,SEC-0137,https://www.sec.gov/Archives/edgar/daily-index/2026/QTR1/master.20260219.idx,20260219,master.20260219.idx,before_handoff,listed_source_pending,
2026Q1,SEC-0137,https://www.sec.gov/Archives/edgar/daily-index/2026/QTR1/master.20260220.idx,20260220,master.20260220.idx,before_handoff,listed_source_pending,
2026Q1,SEC-0137,https://www.sec.gov/Archives/edgar/daily-index/2026/QTR1/master.20260223.idx,20260223,master.20260223.idx,before_handoff,listed_source_pending,
2026Q1,SEC-0137,https://www.sec.gov/Archives/edgar/daily-index/2026/QTR1/master.20260224.idx,20260224,master.20260224.idx,before_handoff,listed_source_pending,
2026Q1,SEC-0137,https://www.sec.gov/Archives/edgar/daily-index/2026/QTR1/master.20260225.idx,20260225,master.20260225.idx,before_handoff,listed_source_pending,
2026Q1,SEC-0137,https://www.sec.gov/Archives/edgar/daily-index/2026/QTR1/master.20260226.idx,20260226,master.20260226.idx,before_handoff,listed_source_pending,
2026Q1,SEC-0137,https://www.sec.gov/Archives/edgar/daily-index/2026/QTR1/master.20260227.idx,20260227,master.20260227.idx,before_handoff,listed_source_pending,
2026Q1,SEC-0137,https://www.sec.gov/Archives/edgar/daily-index/2026/QTR1/master.20260302.idx,20260302,master.20260302.idx,before_handoff,listed_source_pending,
2026Q1,SEC-0137,https://www.sec.gov/Archives/edgar/daily-index/2026/QTR1/master.20260303.idx,20260303,master.20260303.idx,before_handoff,listed_source_pending,
2026Q1,SEC-0137,https://www.sec.gov/Archives/edgar/daily-index/2026/QTR1/master.20260304.idx,20260304,master.20260304.idx,before_handoff,listed_source_pending,
2026Q1,SEC-0137,https://www.sec.gov/Archives/edgar/daily-index/2026/QTR1/master.20260305.idx,20260305,master.20260305.idx,before_handoff,listed_source_pending,
2026Q1,SEC-0137,https://www.sec.gov/Archives/edgar/daily-index/2026/QTR1/master.20260306.idx,20260306,master.20260306.idx,before_handoff,listed_source_pending,
2026Q1,SEC-0137,https://www.sec.gov/Archives/edgar/daily-index/2026/QTR1/master.20260309.idx,20260309,master.20260309.idx,before_handoff,listed_source_pending,
2026Q1,SEC-0137,https://www.sec.gov/Archives/edgar/daily-index/2026/QTR1/master.20260310.idx,20260310,master.20260310.idx,before_handoff,listed_source_pending,
2026Q1,SEC-0137,https://www.sec.gov/Archives/edgar/daily-index/2026/QTR1/master.20260311.idx,20260311,master.20260311.idx,before_handoff,listed_source_pending,
2026Q1,SEC-0137,https://www.sec.gov/Archives/edgar/daily-index/2026/QTR1/master.20260312.idx,20260312,master.20260312.idx,before_handoff,listed_source_pending,
2026Q1,SEC-0137,https://www.sec.gov/Archives/edgar/daily-index/2026/QTR1/master.20260313.idx,20260313,master.20260313.idx,before_handoff,listed_source_pending,
2026Q1,SEC-0137,https://www.sec.gov/Archives/edgar/daily-index/2026/QTR1/master.20260316.idx,20260316,master.20260316.idx,before_handoff,listed_source_pending,
2026Q1,SEC-0137,https://www.sec.gov/Archives/edgar/daily-index/2026/QTR1/master.20260317.idx,20260317,master.20260317.idx,before_handoff,listed_source_pending,
2026Q1,SEC-0137,https://www.sec.gov/Archives/edgar/daily-index/2026/QTR1/master.20260318.idx,20260318,master.20260318.idx,before_handoff,listed_source_pending,
2026Q1,SEC-0137,https://www.sec.gov/Archives/edgar/daily-index/2026/QTR1/master.20260319.idx,20260319,master.20260319.idx,before_handoff,listed_source_pending,
2026Q1,SEC-0137,https://www.sec.gov/Archives/edgar/daily-index/2026/QTR1/master.20260320.idx,20260320,master.20260320.idx,before_handoff,listed_source_pending,
2026Q1,SEC-0137,https://www.sec.gov/Archives/edgar/daily-index/2026/QTR1/master.20260323.idx,20260323,master.20260323.idx,before_handoff,listed_source_pending,
2026Q1,SEC-0137,https://www.sec.gov/Archives/edgar/daily-index/2026/QTR1/master.20260324.idx,20260324,master.20260324.idx,before_handoff,listed_source_pending,
2026Q1,SEC-0137,https://www.sec.gov/Archives/edgar/daily-index/2026/QTR1/master.20260325.idx,20260325,master.20260325.idx,before_handoff,listed_source_pending,
2026Q1,SEC-0137,https://www.sec.gov/Archives/edgar/daily-index/2026/QTR1/master.20260326.idx,20260326,master.20260326.idx,before_handoff,listed_source_pending,
2026Q1,SEC-0137,https://www.sec.gov/Archives/edgar/daily-index/2026/QTR1/master.20260327.idx,20260327,master.20260327.idx,before_handoff,listed_source_pending,
2026Q1,SEC-0137,https://www.sec.gov/Archives/edgar/daily-index/2026/QTR1/master.20260330.idx,20260330,master.20260330.idx,before_handoff,listed_source_pending,
2026Q1,SEC-0137,https://www.sec.gov/Archives/edgar/daily-index/2026/QTR1/master.20260331.idx,20260331,master.20260331.idx,before_handoff,listed_source_pending,
2026Q2,SEC-0136,https://www.sec.gov/Archives/edgar/daily-index/2026/QTR2/index.json,,directory_summary,Historical boundary,listed_uninspected,GAP-D-2026Q2
2026Q3,SEC-0138,https://www.sec.gov/Archives/edgar/daily-index/2026/QTR3/index.json,,directory_summary,historical/preceding,available,
2026Q3,SEC-0138,https://www.sec.gov/Archives/edgar/daily-index/2026/QTR3/master.20260701.idx,20260701,master.20260701.idx,before_handoff,listed_source_pending,
2026Q3,SEC-0138,https://www.sec.gov/Archives/edgar/daily-index/2026/QTR3/master.20260702.idx,20260702,master.20260702.idx,before_handoff,listed_source_pending,
2026Q3,SEC-0138,https://www.sec.gov/Archives/edgar/daily-index/2026/QTR3/master.20260706.idx,20260706,master.20260706.idx,before_handoff,listed_source_pending,
2026Q3,SEC-0138,https://www.sec.gov/Archives/edgar/daily-index/2026/QTR3/master.20260707.idx,20260707,master.20260707.idx,before_handoff,listed_source_pending,
2026Q3,SEC-0138,https://www.sec.gov/Archives/edgar/daily-index/2026/QTR3/master.20260708.idx,20260708,master.20260708.idx,before_handoff,listed_source_pending,
2026Q3,SEC-0138,https://www.sec.gov/Archives/edgar/daily-index/2026/QTR3/master.20260709.idx,20260709,master.20260709.idx,before_handoff,listed_source_pending,
2026Q3,SEC-0138,https://www.sec.gov/Archives/edgar/daily-index/2026/QTR3/master.20260710.idx,20260710,master.20260710.idx,before_handoff,listed_source_pending,
2026Q3,SEC-0138,https://www.sec.gov/Archives/edgar/daily-index/2026/QTR3/master.20260713.idx,20260713,master.20260713.idx,before_handoff,listed_source_pending,
2026Q3,SEC-0138,https://www.sec.gov/Archives/edgar/daily-index/2026/QTR3/master.20260714.idx,20260714,master.20260714.idx,before_handoff,listed_source_pending,
2026Q3,SEC-0138,https://www.sec.gov/Archives/edgar/daily-index/2026/QTR3/master.20260715.idx,20260715,master.20260715.idx,before_handoff,listed_source_pending,
2026Q3,SEC-0138,https://www.sec.gov/Archives/edgar/daily-index/2026/QTR3/master.20260716.idx,20260716,master.20260716.idx,before_handoff,listed_source_pending,
2026Q3,SEC-0138,https://www.sec.gov/Archives/edgar/daily-index/2026/QTR3/master.20260717.idx,20260717,master.20260717.idx,before_handoff,listed_source_pending,
2026Q3,SEC-0138,https://www.sec.gov/Archives/edgar/daily-index/2026/QTR3/master.20260720.idx,20260720,master.20260720.idx,before_handoff,listed_source_pending,
2026Q3,SEC-0138,https://www.sec.gov/Archives/edgar/daily-index/2026/QTR3/master.20260721.idx,20260721,master.20260721.idx,before_handoff,listed_source_pending,
2026Q3,SEC-0138,https://www.sec.gov/Archives/edgar/daily-index/2026/QTR3/master.20260722.idx,20260722,master.20260722.idx,before_handoff,listed_source_pending,
2026Q3,SEC-0138,https://www.sec.gov/Archives/edgar/daily-index/2026/QTR3/master.20260723.idx,20260723,master.20260723.idx,before_handoff,listed_source_pending,
2026Q3,SEC-0138,https://www.sec.gov/Archives/edgar/daily-index/2026/QTR3/master.20260724.idx,20260724,master.20260724.idx,before_handoff,listed_source_pending,
2026Q3,SEC-0138,https://www.sec.gov/Archives/edgar/daily-index/2026/QTR3/master.20260727.idx,20260727,master.20260727.idx,before_handoff,listed_source_pending,
2026Q3,SEC-0138,https://www.sec.gov/Archives/edgar/daily-index/2026/QTR3/master.20260728.idx,20260728,master.20260728.idx,before_handoff,listed_source_pending,
2026Q3,SEC-0138,https://www.sec.gov/Archives/edgar/daily-index/2026/QTR3/master.20260729.idx,20260729,master.20260729.idx,before_handoff,listed_source_pending,
2026Q3,SEC-0138,https://www.sec.gov/Archives/edgar/daily-index/2026/QTR3/master.20260730.idx,20260730,master.20260730.idx,before_handoff,listed_source_pending,
2026Q3,SEC-0138,https://www.sec.gov/Archives/edgar/daily-index/2026/QTR3/master.20260731.idx,20260731,master.20260731.idx,before_handoff,listed_source_pending,
2026Q3,SEC-0138,https://www.sec.gov/Archives/edgar/daily-index/2026/QTR3/master.20260803.idx,20260803,master.20260803.idx,before_handoff,listed_source_pending,
2026Q3,SEC-0138,https://www.sec.gov/Archives/edgar/daily-index/2026/QTR3/master.20260804.idx,20260804,master.20260804.idx,before_handoff,listed_source_pending,
2026Q3,SEC-0138,https://www.sec.gov/Archives/edgar/daily-index/2026/QTR3/master.20260805.idx,20260805,master.20260805.idx,before_handoff,listed_source_pending,
2026Q3,SEC-0138,https://www.sec.gov/Archives/edgar/daily-index/2026/QTR3/master.20260806.idx,20260806,master.20260806.idx,before_handoff,listed_source_pending,
2026Q3,SEC-0138,https://www.sec.gov/Archives/edgar/daily-index/2026/QTR3/master.20260807.idx,20260807,master.20260807.idx,before_handoff,listed_source_pending,
2026Q3,SEC-0138,https://www.sec.gov/Archives/edgar/daily-index/2026/QTR3/master.20260810.idx,20260810,master.20260810.idx,before_handoff,listed_source_pending,
2026Q3,SEC-0138,https://www.sec.gov/Archives/edgar/daily-index/2026/QTR3/master.20260811.idx,20260811,master.20260811.idx,before_handoff,listed_source_pending,
2026Q3,SEC-0138,https://www.sec.gov/Archives/edgar/daily-index/2026/QTR3/master.20260812.idx,20260812,master.20260812.idx,before_handoff,listed_source_pending,
2026Q3,SEC-0138,https://www.sec.gov/Archives/edgar/daily-index/2026/QTR3/master.20260813.idx,20260813,master.20260813.idx,before_handoff,listed_source_pending,
2026Q3,SEC-0138,https://www.sec.gov/Archives/edgar/daily-index/2026/QTR3/master.20260814.idx,20260814,master.20260814.idx,before_handoff,listed_source_pending,
2026Q3,SEC-0138,https://www.sec.gov/Archives/edgar/daily-index/2026/QTR3/master.20260817.idx,20260817,master.20260817.idx,before_handoff,listed_source_pending,
2026Q3,SEC-0138,https://www.sec.gov/Archives/edgar/daily-index/2026/QTR3/master.20260818.idx,20260818,master.20260818.idx,before_handoff,listed_source_pending,
2026Q3,SEC-0138,https://www.sec.gov/Archives/edgar/daily-index/2026/QTR3/master.20260819.idx,20260819,master.20260819.idx,before_handoff,listed_source_pending,
2026Q3,SEC-0138,https://www.sec.gov/Archives/edgar/daily-index/2026/QTR3/master.20260820.idx,20260820,master.20260820.idx,before_handoff,listed_source_pending,
2026Q3,SEC-0138,https://www.sec.gov/Archives/edgar/daily-index/2026/QTR3/master.20260821.idx,20260821,master.20260821.idx,before_handoff,listed_source_pending,
2026Q3,SEC-0138,https://www.sec.gov/Archives/edgar/daily-index/2026/QTR3/master.20260824.idx,20260824,master.20260824.idx,before_handoff,listed_source_pending,
2026Q3,SEC-0138,https://www.sec.gov/Archives/edgar/daily-index/2026/QTR3/master.20260825.idx,20260825,master.20260825.idx,before_handoff,listed_source_pending,
2026Q3,SEC-0138,https://www.sec.gov/Archives/edgar/daily-index/2026/QTR3/master.20260826.idx,20260826,master.20260826.idx,before_handoff,listed_source_pending,
2026Q3,SEC-0138,https://www.sec.gov/Archives/edgar/daily-index/2026/QTR3/master.20260827.idx,20260827,master.20260827.idx,before_handoff,listed_source_pending,
2026Q3,SEC-0138,https://www.sec.gov/Archives/edgar/daily-index/2026/QTR3/master.20260828.idx,20260828,master.20260828.idx,before_handoff,listed_source_pending,
2026Q3,SEC-0138,https://www.sec.gov/Archives/edgar/daily-index/2026/QTR3/master.20260831.idx,20260831,master.20260831.idx,before_handoff,listed_source_pending,
2026Q3,SEC-0138,https://www.sec.gov/Archives/edgar/daily-index/2026/QTR3/master.20260901.idx,20260901,master.20260901.idx,before_handoff,listed_source_pending,
2026Q3,SEC-0138,https://www.sec.gov/Archives/edgar/daily-index/2026/QTR3/master.20260902.idx,20260902,master.20260902.idx,before_handoff,listed_source_pending,
2026Q3,SEC-0138,https://www.sec.gov/Archives/edgar/daily-index/2026/QTR3/master.20260903.idx,20260903,master.20260903.idx,before_handoff,listed_source_pending,
2026Q3,SEC-0138,https://www.sec.gov/Archives/edgar/daily-index/2026/QTR3/master.20260904.idx,20260904,master.20260904.idx,before_handoff,listed_source_pending,
2026Q3,SEC-0138,https://www.sec.gov/Archives/edgar/daily-index/2026/QTR3/master.20260908.idx,20260908,master.20260908.idx,before_handoff,listed_source_pending,
2026Q3,SEC-0138,https://www.sec.gov/Archives/edgar/daily-index/2026/QTR3/master.20260909.idx,20260909,master.20260909.idx,before_handoff,listed_source_pending,
2026Q3,SEC-0138,https://www.sec.gov/Archives/edgar/daily-index/2026/QTR3/master.20260910.idx,20260910,master.20260910.idx,before_handoff,listed_source_pending,
2026Q3,SEC-0138,https://www.sec.gov/Archives/edgar/daily-index/2026/QTR3/master.20260911.idx,20260911,master.20260911.idx,before_handoff,listed_source_pending,
2026Q3,SEC-0138,https://www.sec.gov/Archives/edgar/daily-index/2026/QTR3/master.20260914.idx,20260914,master.20260914.idx,before_handoff,listed_source_pending,
2026Q3,SEC-0138,https://www.sec.gov/Archives/edgar/daily-index/2026/QTR3/master.20260915.idx,20260915,master.20260915.idx,before_handoff,listed_source_pending,
2026Q3,SEC-0138,https://www.sec.gov/Archives/edgar/daily-index/2026/QTR3/master.20260916.idx,20260916,master.20260916.idx,before_handoff,listed_source_pending,
2026Q3,SEC-0138,https://www.sec.gov/Archives/edgar/daily-index/2026/QTR3/master.20260917.idx,20260917,master.20260917.idx,before_handoff,listed_source_pending,
2026Q3,SEC-0138,https://www.sec.gov/Archives/edgar/daily-index/2026/QTR3/master.20260918.idx,20260918,master.20260918.idx,before_handoff,listed_source_pending,
2026Q3,SEC-0138,https://www.sec.gov/Archives/edgar/daily-index/2026/QTR3/master.20260921.idx,20260921,master.20260921.idx,before_handoff,listed_source_pending,
2026Q3,SEC-0138,https://www.sec.gov/Archives/edgar/daily-index/2026/QTR3/master.20260922.idx,20260922,master.20260922.idx,before_handoff,listed_source_pending,
2026Q3,SEC-0138,https://www.sec.gov/Archives/edgar/daily-index/2026/QTR3/master.20260923.idx,20260923,master.20260923.idx,before_handoff,listed_source_pending,
2026Q3,SEC-0138,https://www.sec.gov/Archives/edgar/daily-index/2026/QTR3/master.20260924.idx,20260924,master.20260924.idx,before_handoff,listed_source_pending,
2026Q3,SEC-0138,https://www.sec.gov/Archives/edgar/daily-index/2026/QTR3/master.20260925.idx,20260925,master.20260925.idx,before_handoff,listed_source_pending,
2026Q3,SEC-0138,https://www.sec.gov/Archives/edgar/daily-index/2026/QTR3/master.20260928.idx,20260928,master.20260928.idx,before_handoff,listed_source_pending,
2026Q3,SEC-0138,https://www.sec.gov/Archives/edgar/daily-index/2026/QTR3/master.20260929.idx,20260929,master.20260929.idx,before_handoff,listed_source_pending,
2026Q3,SEC-0138,https://www.sec.gov/Archives/edgar/daily-index/2026/QTR3/master.20260930.idx,20260930,master.20260930.idx,before_handoff,listed_source_pending,
2026Q4,SEC-0139,https://www.sec.gov/Archives/edgar/daily-index/2026/QTR4/index.json,,directory_summary,handoff/current,available,
2026Q4,SEC-0139,https://www.sec.gov/Archives/edgar/daily-index/2026/QTR4/master.20261001.idx,20261001,master.20261001.idx,handoff,listed_source_pending,
2026Q4,SEC-0139,https://www.sec.gov/Archives/edgar/daily-index/2026/QTR4/master.20261002.idx,20261002,master.20261002.idx,after_handoff,listed_source_pending,
