test_held_socket_parent_death_zero_successor_unsafe_interval_and_daily_next (test_acquisition_processes.AcquisitionProcessTests.test_held_socket_parent_death_zero_successor_unsafe_interval_and_daily_next) ... ok
test_independent_child_deadline_records_actual_fatal_exit_and_prefix (test_acquisition_processes.AcquisitionProcessTests.test_independent_child_deadline_records_actual_fatal_exit_and_prefix) ... ok
test_real_clock_context_pins_actual_day_after_frozen_fixture_date (test_acquisition_processes.AcquisitionProcessTests.test_real_clock_context_pins_actual_day_after_frozen_fixture_date) ... ok
test_stale_sender_awakened_after_allowed_start_sends_zero (test_acquisition_processes.AcquisitionProcessTests.test_stale_sender_awakened_after_allowed_start_sends_zero) ... ok
test_three_independent_collectors_barrier_request_and_actual_binding_race (test_acquisition_processes.AcquisitionProcessTests.test_three_independent_collectors_barrier_request_and_actual_binding_race) ... ok
test_attempt_rows_use_only_attempts_table (test_azure_contracts.AzureContractTests.test_attempt_rows_use_only_attempts_table) ... ok
test_blob_collision_verifies_equal_content_and_preserves_different_content (test_azure_contracts.AzureContractTests.test_blob_collision_verifies_equal_content_and_preserves_different_content) ... ok
test_blob_create_is_explicit_version_and_if_none_match (test_azure_contracts.AzureContractTests.test_blob_create_is_explicit_version_and_if_none_match) ... ok
test_blob_errors_do_not_retry_or_become_immutable_success (test_azure_contracts.AzureContractTests.test_blob_errors_do_not_retry_or_become_immutable_success) ... ok
test_blob_stage_promote_uses_blob_create_without_dfs_rename (test_azure_contracts.AzureContractTests.test_blob_stage_promote_uses_blob_create_without_dfs_rename) ... ok
test_factory_conditions_fixed_registry_before_authority_clients (test_azure_contracts.AzureContractTests.test_factory_conditions_fixed_registry_before_authority_clients) ... ok
test_installed_pins_are_exact (test_azure_contracts.AzureContractTests.test_installed_pins_are_exact) ... ok
test_lease_acquire_renew_and_release_use_service_id_and_pinned_version (test_azure_contracts.AzureContractTests.test_lease_acquire_renew_and_release_use_service_id_and_pinned_version) ... ok
test_lease_conflict_loss_expiry_and_unbounded_clock_fail_closed (test_azure_contracts.AzureContractTests.test_lease_conflict_loss_expiry_and_unbounded_clock_fail_closed) ... ok
test_lease_observation_rejects_clock_jump_nonfinite_and_excess_latency (test_azure_contracts.AzureContractTests.test_lease_observation_rejects_clock_jump_nonfinite_and_excess_latency) ... ok
test_lease_owned_check_rewrites_same_journal_with_exact_etag_and_actual_id (test_azure_contracts.AzureContractTests.test_lease_owned_check_rewrites_same_journal_with_exact_etag_and_actual_id) ... ok
test_table_create_conflict_stale_replace_and_not_found_map_exactly (test_azure_contracts.AzureContractTests.test_table_create_conflict_stale_replace_and_not_found_map_exactly) ... ok
test_table_get_uses_raw_header_never_timestamp_fabricated_etag (test_azure_contracts.AzureContractTests.test_table_get_uses_raw_header_never_timestamp_fabricated_etag) ... ok
test_table_insert_is_atomic_create_and_returns_actual_write_etag (test_azure_contracts.AzureContractTests.test_table_insert_is_atomic_create_and_returns_actual_write_etag) ... ok
test_table_query_exhausts_continuations_including_empty_page (test_azure_contracts.AzureContractTests.test_table_query_exhausts_continuations_including_empty_page) ... ok
test_table_query_missing_service_etag_and_unknown_errors_fail_closed (test_azure_contracts.AzureContractTests.test_table_query_missing_service_etag_and_unknown_errors_fail_closed) ... ok
test_table_replace_uses_put_and_exact_opaque_if_match (test_azure_contracts.AzureContractTests.test_table_replace_uses_put_and_exact_opaque_if_match) ... ok
test_content_descriptor_rejects_invalid_format_digest_length_and_noncanonical_envelope (test_azure_state_payloads.AzureStatePayloadTests.test_content_descriptor_rejects_invalid_format_digest_length_and_noncanonical_envelope) ... ok
test_inline_rows_keep_original_payload_and_replace_both_formats (test_azure_state_payloads.AzureStatePayloadTests.test_inline_rows_keep_original_payload_and_replace_both_formats) ... ok
test_intended_history_registration_round_trips_and_replaces_with_whole_record_cas (test_azure_state_payloads.AzureStatePayloadTests.test_intended_history_registration_round_trips_and_replaces_with_whole_record_cas) ... ok
test_large_values_above_entity_limit_round_trip_without_splitting_table_updates (test_azure_state_payloads.AzureStatePayloadTests.test_large_values_above_entity_limit_round_trip_without_splitting_table_updates) ... ok
test_missing_corrupt_and_wrong_identity_large_content_is_refused (test_azure_state_payloads.AzureStatePayloadTests.test_missing_corrupt_and_wrong_identity_large_content_is_refused) ... ok
test_oversized_stable_identity_is_refused_before_any_storage_write (test_azure_state_payloads.AzureStatePayloadTests.test_oversized_stable_identity_is_refused_before_any_storage_write) ... ok
test_partial_blob_never_publishes_table_and_failed_table_candidate_retries (test_azure_state_payloads.AzureStatePayloadTests.test_partial_blob_never_publishes_table_and_failed_table_candidate_retries) ... ok
test_utf16_threshold_keeps_safe_inline_and_overflows_one_more_character (test_azure_state_payloads.AzureStatePayloadTests.test_utf16_threshold_keeps_safe_inline_and_overflows_one_more_character) ... ok
test_collection_outcomes_are_named_and_non_success (test_cli.CliTests.test_collection_outcomes_are_named_and_non_success) ... ok
test_completed_attempt_cannot_change_config_deadline_mode_refresh_or_workset (test_cli.CliTests.test_completed_attempt_cannot_change_config_deadline_mode_refresh_or_workset) ... ok
test_failed_discovery_is_not_empty_success (test_cli.CliTests.test_failed_discovery_is_not_empty_success) ... ok
test_fixture_pack_required_and_overrides_rejected_in_azure_before_clients (test_cli.CliTests.test_fixture_pack_required_and_overrides_rejected_in_azure_before_clients) ... ok
test_missing_identity_creates_no_external_clients (test_cli.CliTests.test_missing_identity_creates_no_external_clients) ... ok
test_success_result_current_context_hash_and_replay_no_requests (test_cli.CliTests.test_success_result_current_context_hash_and_replay_no_requests) ... ok
test_unknown_and_missing_workset_refuse_without_false_completion (test_cli.CliTests.test_unknown_and_missing_workset_refuse_without_false_completion) ... ok
test_unsafe_identifiers_refuse_before_backend_construction (test_cli.CliTests.test_unsafe_identifiers_refuse_before_backend_construction) ... ok
test_valid_empty_and_help_offer_all_four_commands (test_cli.CliTests.test_valid_empty_and_help_offer_all_four_commands) ... ok
test_completed_attempt_replays_after_deadline_without_fabricating_start (test_cli.CompletedDeadlineTests.test_completed_attempt_replays_after_deadline_without_fabricating_start) ... ok
test_fixture_mapping_exhaustion_and_missing_url_never_network (test_cli.DailyCliTests.test_fixture_mapping_exhaustion_and_missing_url_never_network) ... ok
test_open_daily_fixture_persists_delayed_cursor_and_old_pin_no_http (test_cli.DailyCliTests.test_open_daily_fixture_persists_delayed_cursor_and_old_pin_no_http) ... ok
test_missing_fixture_sender_mapping_retains_error_and_returns_nine (test_cli.ErrorIntegrityTests.test_missing_fixture_sender_mapping_retains_error_and_returns_nine) ... ok
test_result_writer_refuses_prior_different_attempt_result_before_object_write (test_cli.ErrorIntegrityTests.test_result_writer_refuses_prior_different_attempt_result_before_object_write) ... ok
test_unexpected_real_request_sender_error_is_nine_without_durable_result (test_cli.ErrorIntegrityTests.test_unexpected_real_request_sender_error_is_nine_without_durable_result) ... ok
test_pack_validates_hash_provenance_url_path_and_never_falls_back (test_cli.FixturePackTests.test_pack_validates_hash_provenance_url_path_and_never_falls_back) ... ok
test_actual_result_and_attempt_crashes_repair_same_context_without_http (test_cli.ResultProcessTests.test_actual_result_and_attempt_crashes_repair_same_context_without_http) ... ok
test_unexpected_error_is_nine_and_retains_attempt_without_result (test_cli.ResultProcessTests.test_unexpected_error_is_nine_and_retains_attempt_without_result) ... ok
test_canonical_result_codec_is_strict_and_roundtrips (test_cli.ResultTests.test_canonical_result_codec_is_strict_and_roundtrips) ... ok
test_exact_exit_mapping_and_structured_event (test_cli.ResultTests.test_exact_exit_mapping_and_structured_event) ... ok
test_result_precedes_attempt_and_conflicting_bytes_refuse (test_cli.ResultTests.test_result_precedes_attempt_and_conflicting_bytes_refuse) ... ok
test_result_reader_refuses_wrong_path_correlation (test_cli.ResultTests.test_result_reader_refuses_wrong_path_correlation) ... ok
test_azure_fixture_arguments_and_distant_deadline_refuse_before_clients (test_cli.ValidationBoundaryTests.test_azure_fixture_arguments_and_distant_deadline_refuse_before_clients) ... ok
test_fractional_lease_and_closed_daily_endpoint_refuse_before_clients (test_cli.ValidationBoundaryTests.test_fractional_lease_and_closed_daily_endpoint_refuse_before_clients) ... ok
test_missing_valid_workset_retains_failed_attempt (test_cli.ValidationBoundaryTests.test_missing_valid_workset_retains_failed_attempt) ... ok
test_access_denial_and_policy_block_stop_remaining_members (test_collection.CollectionTests.test_access_denial_and_policy_block_stop_remaining_members) ... ok
test_bad_envelope_continues_safe_independent_member (test_collection.CollectionTests.test_bad_envelope_continues_safe_independent_member) ... ok
test_checkpoint_tampering_does_not_invent_transport_provenance (test_collection.CollectionTests.test_checkpoint_tampering_does_not_invent_transport_provenance) ... ok
test_collector_current_context_and_snapshot_workset_origin_are_distinct (test_collection.CollectionTests.test_collector_current_context_and_snapshot_workset_origin_are_distinct) ... ok
test_direct_member_call_refuses_incompatible_versions_before_fetch (test_collection.CollectionTests.test_direct_member_call_refuses_incompatible_versions_before_fetch) ... ok
test_each_durable_boundary_forced_process_exit_recovers_without_sender (test_collection.CollectionTests.test_each_durable_boundary_forced_process_exit_recovers_without_sender) ... ok
test_each_failed_retry_prefix_is_quarantined_before_success_result (test_collection.CollectionTests.test_each_failed_retry_prefix_is_quarantined_before_success_result) ... ok
test_existing_pin_does_not_consult_broken_mutable_latest (test_collection.CollectionTests.test_existing_pin_does_not_consult_broken_mutable_latest) ... ok
test_fatal_halt_still_counts_later_existing_pin_as_complete (test_collection.CollectionTests.test_fatal_halt_still_counts_later_existing_pin_as_complete) ... ok
test_incomplete_discovery_retains_successful_member_without_snapshot_workset (test_collection.CollectionTests.test_incomplete_discovery_retains_successful_member_without_snapshot_workset) ... ok
test_invalid_source_workset_digest_and_retained_path_are_refused (test_collection.CollectionTests.test_invalid_source_workset_digest_and_retained_path_are_refused) ... ok
test_mismatched_config_parser_image_or_client_refuses_before_request (test_collection.CollectionTests.test_mismatched_config_parser_image_or_client_refuses_before_request) ... ok
test_multiple_failed_prefixes_remain_distinct_when_recovered (test_collection.CollectionTests.test_multiple_failed_prefixes_remain_distinct_when_recovered) ... ok
test_new_workset_reuses_accepted_and_explicit_refresh_fetches_new_original (test_collection.CollectionTests.test_new_workset_reuses_accepted_and_explicit_refresh_fetches_new_original) ... ok
test_partial_success_404_then_only_unresolved_member_fetches (test_collection.CollectionTests.test_partial_success_404_then_only_unresolved_member_fetches) ... ok
test_path_components_are_refused_before_request (test_collection.CollectionTests.test_path_components_are_refused_before_request) ... ok
test_pinned_missing_or_corrupt_raw_refuses_repair_and_fetch (test_collection.CollectionTests.test_pinned_missing_or_corrupt_raw_refuses_repair_and_fetch) ... ok
test_process_exit_preserves_first_pin_and_fetches_only_unresolved_member (test_collection.CollectionTests.test_process_exit_preserves_first_pin_and_fetches_only_unresolved_member) ... ok
test_promoted_missing_or_corrupt_raw_cannot_be_repaired_from_staging (test_collection.CollectionTests.test_promoted_missing_or_corrupt_raw_cannot_be_repaired_from_staging) ... ok
test_promotion_metadata_must_match_exact_original_receipt (test_collection.CollectionTests.test_promotion_metadata_must_match_exact_original_receipt) ... ok
test_quarantine_retains_original_receipt_and_partial_bytes (test_collection.CollectionTests.test_quarantine_retains_original_receipt_and_partial_bytes) ... ok
test_quarterly_collection_preserves_original_zip_representation (test_collection.CollectionTests.test_quarterly_collection_preserves_original_zip_representation) ... ok
test_real_discover_to_collect_verifies_approved_source_path_and_digest (test_collection.CollectionTests.test_real_discover_to_collect_verifies_approved_source_path_and_digest) ... ok
test_recovery_verifies_original_quarantine_without_failed_spool (test_collection.CollectionTests.test_recovery_verifies_original_quarantine_without_failed_spool) ... ok
test_refresh_same_hash_retains_first_receipt_metadata (test_collection.CollectionTests.test_refresh_same_hash_retains_first_receipt_metadata) ... ok
test_repeated_attempt_identity_with_changed_context_returns_state_conflict (test_collection.CollectionTests.test_repeated_attempt_identity_with_changed_context_returns_state_conflict) ... ok
test_retry_prefix_quarantine_precedes_every_success_crash_boundary (test_collection.CollectionTests.test_retry_prefix_quarantine_precedes_every_success_crash_boundary) ... ok
test_retry_preserves_first_member_pin (test_collection.CollectionTests.test_retry_preserves_first_member_pin) ... ok
test_snapshot_assembly_checks_actual_source_period (test_collection.CollectionTests.test_snapshot_assembly_checks_actual_source_period) ... ok
test_snapshot_workset_immutable_collision_returns_failure (test_collection.CollectionTests.test_snapshot_workset_immutable_collision_returns_failure) ... ok
test_stage_receipt_without_reservation_fails_closed (test_collection.CollectionTests.test_stage_receipt_without_reservation_fails_closed) ... ok
test_staged_only_recovery_accounts_missing_receipt_as_next_request (test_collection.CollectionTests.test_staged_only_recovery_accounts_missing_receipt_as_next_request) ... ok
test_state_failure_record_conflict_returns_honest_gap (test_collection.CollectionTests.test_state_failure_record_conflict_returns_honest_gap) ... ok
test_successful_empty_and_failed_empty_have_distinct_results (test_collection.CollectionTests.test_successful_empty_and_failed_empty_have_distinct_results) ... ok
test_two_independent_collectors_race_changed_originals_and_adopt_one_pin (test_collection.CollectionTests.test_two_independent_collectors_race_changed_originals_and_adopt_one_pin) ... ok
test_azure_deadlines_and_two_callers_share_one_binding (test_config.ConfigTests.test_azure_deadlines_and_two_callers_share_one_binding) ... ok
test_azure_explicit_binding_and_credential_free_endpoints (test_config.ConfigTests.test_azure_explicit_binding_and_credential_free_endpoints) ... ok
test_clock_override_is_fixture_only_and_explicit (test_config.ConfigTests.test_clock_override_is_fixture_only_and_explicit) ... ok
test_config_parser_rejects_duplicate_keys_and_non_utf8 (test_config.ConfigTests.test_config_parser_rejects_duplicate_keys_and_non_utf8) ... ok
test_fixture_overrides_are_explicit_and_validated (test_config.ConfigTests.test_fixture_overrides_are_explicit_and_validated) ... ok
test_invalid_configuration_precedes_external_factories (test_config.ConfigTests.test_invalid_configuration_precedes_external_factories) ... ok
test_json_yaml_subset_loads_without_creating_fixture_root (test_config.ConfigTests.test_json_yaml_subset_loads_without_creating_fixture_root) ... ok
test_mapping_is_detached_and_typed_settings_are_frozen (test_config.ConfigTests.test_mapping_is_detached_and_typed_settings_are_frozen) ... ok
test_pin_context_checks_range_identity_and_deadline (test_config.ConfigTests.test_pin_context_checks_range_identity_and_deadline) ... ok
test_pinning_retains_exact_date_without_changing_run_start (test_config.ConfigTests.test_pinning_retains_exact_date_without_changing_run_start) ... ok
test_rejects_configuration_matrix (test_config.ConfigTests.test_rejects_configuration_matrix) ... ok
test_second_collector_is_refused (test_config.ConfigTests.test_second_collector_is_refused) ... ok
test_clock_uncertainty_stops_before_sender (test_coordination.CoordinationTests.test_clock_uncertainty_stops_before_sender) ... ok
test_conservative_known_and_unknown_release_preserve_guard_and_progress (test_coordination.CoordinationTests.test_conservative_known_and_unknown_release_preserve_guard_and_progress) ... ok
test_delayed_dispatch_cannot_compress_actual_socket_starts (test_coordination.CoordinationTests.test_delayed_dispatch_cannot_compress_actual_socket_starts) ... ok
test_discovery_download_and_retry_all_use_finite_exchange_turns (test_coordination.CoordinationTests.test_discovery_download_and_retry_all_use_finite_exchange_turns) ... ok
test_exchange_deadline_cancels_even_when_lease_renewals_succeed (test_coordination.CoordinationTests.test_exchange_deadline_cancels_even_when_lease_renewals_succeed) ... ok
test_expired_lease_does_not_allow_overlap_with_old_request (test_coordination.CoordinationTests.test_expired_lease_does_not_allow_overlap_with_old_request) ... ok
test_expired_queue_ticket_is_cas_retired_without_erasing_another (test_coordination.CoordinationTests.test_expired_queue_ticket_is_cas_retired_without_erasing_another) ... ok
test_full_exchange_after_unknown_renewal_waits_confirmed_successor_guard (test_coordination.CoordinationTests.test_full_exchange_after_unknown_renewal_waits_confirmed_successor_guard) ... ok
test_guard_calculations_preserve_future_and_prior_uncertainty (test_coordination.CoordinationTests.test_guard_calculations_preserve_future_and_prior_uncertainty) ... ok
test_local_clean_release_atomically_shortens_only_after_positive_drain (test_coordination.CoordinationTests.test_local_clean_release_atomically_shortens_only_after_positive_drain) ... ok
test_one_permit_per_turn_and_no_reuse_after_complete (test_coordination.CoordinationTests.test_one_permit_per_turn_and_no_reuse_after_complete) ... ok
test_queue_storage_outage_after_drain_retains_partial_receipt (test_coordination.CoordinationTests.test_queue_storage_outage_after_drain_retains_partial_receipt) ... ok
test_real_monitor_wakes_when_reservation_installs_short_exchange_deadline (test_coordination.CoordinationTests.test_real_monitor_wakes_when_reservation_installs_short_exchange_deadline) ... ok
test_refresh_return_pause_cannot_compress_actual_transport_starts (test_coordination.CoordinationTests.test_refresh_return_pause_cannot_compress_actual_transport_starts) ... ok
test_renewal_loss_during_body_returns_retained_partial_and_shared_cancellation (test_coordination.CoordinationTests.test_renewal_loss_during_body_returns_retained_partial_and_shared_cancellation) ... ok
test_request_begun_just_before_finite_expiry_has_full_takeover_guard (test_coordination.CoordinationTests.test_request_begun_just_before_finite_expiry_has_full_takeover_guard) ... ok
test_reservation_outage_stops_dispatch_and_keeps_durable_guard (test_coordination.CoordinationTests.test_reservation_outage_stops_dispatch_and_keeps_durable_guard) ... ok
test_restart_retains_global_cooldown (test_coordination.CoordinationTests.test_restart_retains_global_cooldown) ... ok
test_shared_cancellation_event_reaches_spawned_transport_child (test_coordination.CoordinationTests.test_shared_cancellation_event_reaches_spawned_transport_child) ... ok
test_stale_epoch_and_dispatch_deadline_are_refused (test_coordination.CoordinationTests.test_stale_epoch_and_dispatch_deadline_are_refused) ... ok
test_stale_epoch_refuses_socket_even_under_current_lease (test_coordination.CoordinationTests.test_stale_epoch_refuses_socket_even_under_current_lease) ... ok
test_storage_latency_cannot_undercount_latest_permitted_dispatch (test_coordination.CoordinationTests.test_storage_latency_cannot_undercount_latest_permitted_dispatch) ... ok
test_takeover_guard_remains_fixed_while_successor_renews (test_coordination.CoordinationTests.test_takeover_guard_remains_fixed_while_successor_renews) ... ok
test_three_independent_exchange_processes_prove_intervals_priority_and_epochs (test_coordination.CoordinationTests.test_three_independent_exchange_processes_prove_intervals_priority_and_epochs) ... ok
test_turn_deadline_conversion_cannot_add_the_delay_after_utc_sampling (test_coordination.CoordinationTests.test_turn_deadline_conversion_cannot_add_the_delay_after_utc_sampling) ... ok
test_unbounded_sender_exception_retains_future_guard (test_coordination.CoordinationTests.test_unbounded_sender_exception_retains_future_guard) ... ok
test_unknown_atomic_release_stops_turn_and_retains_prior_guard (test_coordination.CoordinationTests.test_unknown_atomic_release_stops_turn_and_retains_prior_guard) ... ok
test_unknown_renewal_outcome_waits_full_exchange_after_confirmed_acquisition (test_coordination.CoordinationTests.test_unknown_renewal_outcome_waits_full_exchange_after_confirmed_acquisition) ... ok
test_validity_conversion_cannot_add_the_delay_between_monotonic_samples (test_coordination.CoordinationTests.test_validity_conversion_cannot_add_the_delay_between_monotonic_samples) ... ok
test_actual_azure_release_never_writes_a_shortened_guard (test_coordination.JournalContractTests.test_actual_azure_release_never_writes_a_shortened_guard) ... ok
test_azure_journal_fences_read_and_write_with_lease_and_actual_etag (test_coordination.JournalContractTests.test_azure_journal_fences_read_and_write_with_lease_and_actual_etag) ... ok
test_azure_journal_id_etag_and_outage_fail_closed (test_coordination.JournalContractTests.test_azure_journal_id_etag_and_outage_fail_closed) ... ok
test_azure_receive_sample_must_anchor_the_interval_without_unmeasured_delay (test_coordination.JournalContractTests.test_azure_receive_sample_must_anchor_the_interval_without_unmeasured_delay) ... ok
test_date_precision_plus_rtt_must_fit_two_second_bound (test_coordination.JournalContractTests.test_date_precision_plus_rtt_must_fit_two_second_bound) ... ok
test_journal_is_durable_and_fenced_by_actual_lease_and_version (test_coordination.JournalContractTests.test_journal_is_durable_and_fenced_by_actual_lease_and_version) ... ok
test_local_acquisition_upper_is_observed_after_conditional_confirmation (test_coordination.JournalContractTests.test_local_acquisition_upper_is_observed_after_conditional_confirmation) ... ok
test_local_constructor_recovers_real_wal_transition_contention_and_skips_warm_transition (test_coordination.JournalContractTests.test_local_constructor_recovers_real_wal_transition_contention_and_skips_warm_transition) ... ok
test_local_server_observation_bounds_paired_sampling_latency (test_coordination.JournalContractTests.test_local_server_observation_bounds_paired_sampling_latency) ... ok
test_permit_exposes_detached_validated_persisted_next_allowed_time (test_coordination.JournalContractTests.test_permit_exposes_detached_validated_persisted_next_allowed_time) ... ok
test_three_simultaneous_constructors_on_initialized_root_share_actual_state (test_coordination.JournalContractTests.test_three_simultaneous_constructors_on_initialized_root_share_actual_state) ... ok
test_upper_bounds_include_server_date_precision_and_rtt (test_coordination.JournalContractTests.test_upper_bounds_include_server_date_precision_and_rtt) ... ok
test_absence_does_not_erase_pending_or_accepted_snapshot (test_discovery.DiscoveryTests.test_absence_does_not_erase_pending_or_accepted_snapshot) ... ok
test_boundary_rejects_unbacked_future_candidate (test_discovery.DiscoveryTests.test_boundary_rejects_unbacked_future_candidate) ... ok
test_boundary_requires_exact_complete_durable_outcome_set (test_discovery.DiscoveryTests.test_boundary_requires_exact_complete_durable_outcome_set) ... ok
test_cached_old_listing_cannot_resolve_newer_same_url_gap (test_discovery.DiscoveryTests.test_cached_old_listing_cannot_resolve_newer_same_url_gap) ... ok
test_cached_progress_must_match_requested_directory_metadata (test_discovery.DiscoveryTests.test_cached_progress_must_match_requested_directory_metadata) ... ok
test_cached_receipt_accepts_actual_resumed_execution_and_attempt_context (test_discovery.DiscoveryTests.test_cached_receipt_accepts_actual_resumed_execution_and_attempt_context) ... ok
test_cached_receipt_rejects_conflicting_or_invalid_transport_context (test_discovery.DiscoveryTests.test_cached_receipt_rejects_conflicting_or_invalid_transport_context) ... ok
test_completed_sessions_do_not_accumulate_in_shared_boundary_row (test_discovery.DiscoveryTests.test_completed_sessions_do_not_accumulate_in_shared_boundary_row) ... ok
test_concurrent_boundary_cas_cannot_erase_older_unrelated_gap (test_discovery.DiscoveryTests.test_concurrent_boundary_cas_cannot_erase_older_unrelated_gap) ... ok
test_configuration_change_is_refused_on_same_discovery_session (test_discovery.DiscoveryTests.test_configuration_change_is_refused_on_same_discovery_session) ... ok
test_crash_before_receipt_metadata_write_cannot_record_successful_progress (test_discovery.DiscoveryTests.test_crash_before_receipt_metadata_write_cannot_record_successful_progress) ... ok
test_daily_endpoint_cannot_exclude_current_quarter_even_when_listings_are_empty (test_discovery.DiscoveryTests.test_daily_endpoint_cannot_exclude_current_quarter_even_when_listings_are_empty) ... ok
test_delayed_file_requires_fresh_session_and_old_bytes_stay_immutable (test_discovery.DiscoveryTests.test_delayed_file_requires_fresh_session_and_old_bytes_stay_immutable) ... ok
test_denial_and_owner_policy_latch_remain_terminal_directory_gaps (test_discovery.DiscoveryTests.test_denial_and_owner_policy_latch_remain_terminal_directory_gaps) ... ok
test_discovery_requests_share_one_budget_and_preserve_actual_child_membership (test_discovery.DiscoveryTests.test_discovery_requests_share_one_budget_and_preserve_actual_child_membership) ... ok
test_failed_ancestor_never_constructs_child_requests (test_discovery.DiscoveryTests.test_failed_ancestor_never_constructs_child_requests) ... ok
test_failed_year_and_missing_year_do_not_invent_quarter_fetches (test_discovery.DiscoveryTests.test_failed_year_and_missing_year_do_not_invent_quarter_fetches) ... ok
test_first_daily_run_replays_handoff_and_preceding_quarter (test_discovery.DiscoveryTests.test_first_daily_run_replays_handoff_and_preceding_quarter) ... ok
test_historical_closed_quarter_does_not_register_root_bridge_as_coverage (test_discovery.DiscoveryTests.test_historical_closed_quarter_does_not_register_root_bridge_as_coverage) ... ok
test_later_success_cannot_cross_a_failed_directory (test_discovery.DiscoveryTests.test_later_success_cannot_cross_a_failed_directory) ... ok
test_listing_absence_and_truncation_preserve_original_failure_bytes (test_discovery.DiscoveryTests.test_listing_absence_and_truncation_preserve_original_failure_bytes) ... ok
test_malformed_untrusted_and_unsupported_listing_remain_gaps (test_discovery.DiscoveryTests.test_malformed_untrusted_and_unsupported_listing_remain_gaps) ... ok
test_missing_requested_quarter_is_gap_not_empty_child (test_discovery.DiscoveryTests.test_missing_requested_quarter_is_gap_not_empty_child) ... ok
test_multi_quarter_outage_includes_entire_boundary_range (test_discovery.DiscoveryTests.test_multi_quarter_outage_includes_entire_boundary_range) ... ok
test_named_synthetic_fixtures_are_used_separately_from_retained_evidence (test_discovery.DiscoveryTests.test_named_synthetic_fixtures_are_used_separately_from_retained_evidence) ... ok
test_pending_old_source_is_revisited_without_handoff_filter (test_discovery.DiscoveryTests.test_pending_old_source_is_revisited_without_handoff_filter) ... ok
test_pending_sources_are_paginated_and_old_failed_quarter_is_also_retried (test_discovery.DiscoveryTests.test_pending_sources_are_paginated_and_old_failed_quarter_is_also_retried) ... ok
test_quarterly_uses_actual_master_zip_and_records_open_bridge_alternative (test_discovery.DiscoveryTests.test_quarterly_uses_actual_master_zip_and_records_open_bridge_alternative) ... ok
test_refresh_is_frozen_in_immutable_workset (test_discovery.DiscoveryTests.test_refresh_is_frozen_in_immutable_workset) ... ok
test_restart_reuses_verified_success_and_retries_failure (test_discovery.DiscoveryTests.test_restart_reuses_verified_success_and_retries_failure) ... ok
test_retained_root_year_and_quarter_select_exact_actual_zip_child (test_discovery.DiscoveryTests.test_retained_root_year_and_quarter_select_exact_actual_zip_child) ... ok
test_same_session_refuses_changed_refresh_or_configuration (test_discovery.DiscoveryTests.test_same_session_refuses_changed_refresh_or_configuration) ... ok
test_source_observation_uses_actual_successful_receipt_time (test_discovery.DiscoveryTests.test_source_observation_uses_actual_successful_receipt_time) ... ok
test_source_workset_uses_approved_path_with_independent_digest_identity (test_discovery.DiscoveryTests.test_source_workset_uses_approved_path_with_independent_digest_identity) ... ok
test_success_progress_crash_resumes_gap_resolution_without_refetch (test_discovery.DiscoveryTests.test_success_progress_crash_resumes_gap_resolution_without_refetch) ... ok
test_successful_receipt_and_exact_bytes_precede_progress_and_are_verified (test_discovery.DiscoveryTests.test_successful_receipt_and_exact_bytes_precede_progress_and_are_verified) ... ok
test_supported_representation_retains_ignored_codec_reason (test_discovery.DiscoveryTests.test_supported_representation_retains_ignored_codec_reason) ... ok
test_unresolved_old_year_unit_is_revisited_even_without_sources (test_discovery.DiscoveryTests.test_unresolved_old_year_unit_is_revisited_even_without_sources) ... ok
test_valid_empty_listing_has_a_distinct_outcome (test_discovery.DiscoveryTests.test_valid_empty_listing_has_a_distinct_outcome) ... ok
test_filename_calendar_and_hierarchy_validation_including_leap_day (test_discovery.ListingTests.test_filename_calendar_and_hierarchy_validation_including_leap_day) ... ok
test_quarter_functions_rollover_and_contiguous_boundary (test_discovery.ListingTests.test_quarter_functions_rollover_and_contiguous_boundary) ... ok
test_rejects_wrong_directory_duplicate_unsafe_missing_or_wrong_typed_fields (test_discovery.ListingTests.test_rejects_wrong_directory_duplicate_unsafe_missing_or_wrong_typed_fields) ... ok
test_retained_originals_parse_with_verified_manifest_provenance (test_discovery.ListingTests.test_retained_originals_parse_with_verified_manifest_provenance) ... ok
test_cancelled_sender_returns_only_after_child_join_and_socket_close (test_download.BoundedProcessTests.test_cancelled_sender_returns_only_after_child_join_and_socket_close) ... ok
test_content_encoding_is_refused_without_decoding_original_entity (test_download.BoundedProcessTests.test_content_encoding_is_refused_without_decoding_original_entity) ... ok
test_content_length_mismatch_preserves_actual_partial_prefix (test_download.BoundedProcessTests.test_content_length_mismatch_preserves_actual_partial_prefix) ... ok
test_independent_fatal_timer_survives_supervisor_death_during_blocking_headers (test_download.BoundedProcessTests.test_independent_fatal_timer_survives_supervisor_death_during_blocking_headers) ... ok
test_malformed_result_and_unexpected_child_exception_retain_partial_failure (test_download.BoundedProcessTests.test_malformed_result_and_unexpected_child_exception_retain_partial_failure) ... ok
test_next_actual_get_waits_for_drain_spacing_after_in_adapter_delay (test_download.BoundedProcessTests.test_next_actual_get_waits_for_drain_spacing_after_in_adapter_delay) ... ok
test_production_sender_refuses_loopback_and_logical_clocks (test_download.BoundedProcessTests.test_production_sender_refuses_loopback_and_logical_clocks) ... ok
test_real_trickle_is_cancelled_by_total_lifetime_with_partial_socket_evidence (test_download.BoundedProcessTests.test_real_trickle_is_cancelled_by_total_lifetime_with_partial_socket_evidence) ... ok
test_received_cap_refuses_extra_byte_before_spool_write (test_download.BoundedProcessTests.test_received_cap_refuses_extra_byte_before_spool_write) ... ok
test_slow_headers_are_bounded_even_without_inactivity_timeout (test_download.BoundedProcessTests.test_slow_headers_are_bounded_even_without_inactivity_timeout) ... ok
test_spawn_uses_original_identity_bytes_no_proxy_auth_retry_or_redirect (test_download.BoundedProcessTests.test_spawn_uses_original_identity_bytes_no_proxy_auth_retry_or_redirect) ... ok
test_timer_installation_failure_and_stale_child_start_send_zero_requests (test_download.BoundedProcessTests.test_timer_installation_failure_and_stale_child_start_send_zero_requests) ... ok
test_unknown_ipc_failure_stops_ownership_and_retains_unsafe_guard (test_download.BoundedProcessTests.test_unknown_ipc_failure_stops_ownership_and_retains_unsafe_guard) ... ok
test_archive_original_is_not_replaced_by_decoded_idx (test_download.DownloadTests.test_archive_original_is_not_replaced_by_decoded_idx) ... ok
test_denial_halts_next_source_and_new_attempt_in_same_run (test_download.DownloadTests.test_denial_halts_next_source_and_new_attempt_in_same_run) ... ok
test_fetch_rejects_untrusted_origin_before_attempt_or_dispatch (test_download.DownloadTests.test_fetch_rejects_untrusted_origin_before_attempt_or_dispatch) ... ok
test_fifth_failure_is_terminal_and_restart_cannot_send_a_sixth (test_download.DownloadTests.test_fifth_failure_is_terminal_and_restart_cannot_send_a_sixth) ... ok
test_final_failed_attempt_retains_server_cooldown (test_download.DownloadTests.test_final_failed_attempt_retains_server_cooldown) ... ok
test_five_uncertain_crashes_exhaust_budget_and_new_attempt_audits_them (test_download.DownloadTests.test_five_uncertain_crashes_exhaust_budget_and_new_attempt_audits_them) ... ok
test_html_200_fetch_reports_quarantine_outcome_and_preserves_original (test_download.DownloadTests.test_html_200_fetch_reports_quarantine_outcome_and_preserves_original) ... ok
test_listed_not_found_is_pending_and_redirect_is_refused (test_download.DownloadTests.test_listed_not_found_is_pending_and_redirect_is_refused) ... ok
test_missing_server_time_bounds_never_uses_host_utc_for_retry (test_download.DownloadTests.test_missing_server_time_bounds_never_uses_host_utc_for_retry) ... ok
test_new_command_attempt_is_separate_and_audits_prior_exhaustion (test_download.DownloadTests.test_new_command_attempt_is_separate_and_audits_prior_exhaustion) ... ok
test_ordinal_is_durable_before_sender_dispatch (test_download.DownloadTests.test_ordinal_is_durable_before_sender_dispatch) ... ok
test_pre_dispatch_crash_consumes_ordinal_after_reopen (test_download.DownloadTests.test_pre_dispatch_crash_consumes_ordinal_after_reopen) ... ok
test_retry_after_date_and_invalid_header_are_diagnosed (test_download.DownloadTests.test_retry_after_date_and_invalid_header_are_diagnosed) ... ok
test_retry_after_longer_than_local_cap_is_never_shortened (test_download.DownloadTests.test_retry_after_longer_than_local_cap_is_never_shortened) ... ok
test_retry_delay_jitter_boundaries_preserve_long_server_delay (test_download.DownloadTests.test_retry_delay_jitter_boundaries_preserve_long_server_delay) ... ok
test_retry_sleep_has_no_active_ownership (test_download.DownloadTests.test_retry_sleep_has_no_active_ownership) ... ok
test_server_clock_offset_cannot_sleep_past_command_deadline (test_download.DownloadTests.test_server_clock_offset_cannot_sleep_past_command_deadline) ... ok
test_server_delay_past_command_deadline_is_durably_deferred (test_download.DownloadTests.test_server_delay_past_command_deadline_is_durably_deferred) ... ok
test_timeout_retry_still_consumes_owner_rate_budget (test_download.DownloadTests.test_timeout_retry_still_consumes_owner_rate_budget) ... ok
test_scripted_azure_routes_transport_to_attempts_and_run_halt_to_source_state (test_download.DurableRequestAuditTests.test_scripted_azure_routes_transport_to_attempts_and_run_halt_to_source_state) ... ok
test_two_independent_state_clients_cannot_consume_the_same_ordinal (test_download.DurableRequestAuditTests.test_two_independent_state_clients_cannot_consume_the_same_ordinal) ... ok
test_nested_incomplete_read_partial_is_preserved_exactly_once (test_download.PartialExceptionTests.test_nested_incomplete_read_partial_is_preserved_exactly_once) ... ok
test_calendar_overflow_retains_receipt_and_blocks_all_successor_runs (test_download.PolicyHandoffTests.test_calendar_overflow_retains_receipt_and_blocks_all_successor_runs) ... ok
test_malformed_durable_policy_latch_fails_before_ordinal_or_dispatch (test_download.PolicyHandoffTests.test_malformed_durable_policy_latch_fails_before_ordinal_or_dispatch) ... ok
test_queued_caller_cannot_dispatch_after_another_client_persists_denial (test_download.PolicyHandoffTests.test_queued_caller_cannot_dispatch_after_another_client_persists_denial) ... ok
test_retry_admission_rechecks_halt_after_sleep_outside_ownership (test_download.PolicyHandoffTests.test_retry_admission_rechecks_halt_after_sleep_outside_ownership) ... ok
test_retry_after_is_published_before_original_owner_hands_off (test_download.PolicyHandoffTests.test_retry_after_is_published_before_original_owner_hands_off) ... ok
test_run_halt_is_visible_at_the_original_response_turn_release (test_download.PolicyHandoffTests.test_run_halt_is_visible_at_the_original_response_turn_release) ... ok
test_unconfirmed_cooldown_write_does_not_claim_a_persisted_next_allowed (test_download.PolicyHandoffTests.test_unconfirmed_cooldown_write_does_not_claim_a_persisted_next_allowed) ... ok
test_unconfirmed_denial_persistence_retains_original_receipt_and_unsafe_guard (test_download.PolicyHandoffTests.test_unconfirmed_denial_persistence_retains_original_receipt_and_unsafe_guard) ... ok
test_very_large_valid_numeric_delay_also_blocks_without_local_fallback (test_download.PolicyHandoffTests.test_very_large_valid_numeric_delay_also_blocks_without_local_fallback) ... ok
test_all_four_boundaries_recover_without_early_candidate_index (test_etl_catalog.EtlCatalogTests.test_all_four_boundaries_recover_without_early_candidate_index) ... ok
test_batches_are_bounded_and_rows_are_sorted (test_etl_catalog.EtlCatalogTests.test_batches_are_bounded_and_rows_are_sorted) ... ok
test_closed_daily_only_revised_absence_never_withdraws (test_etl_catalog.EtlCatalogTests.test_closed_daily_only_revised_absence_never_withdraws) ... ok
test_closed_membership_withholds_daily_only_keys (test_etl_catalog.EtlCatalogTests.test_closed_membership_withholds_daily_only_keys) ... ok
test_consistent_hashes_and_counts_cannot_hide_a_missing_selected_key (test_etl_catalog.EtlCatalogTests.test_consistent_hashes_and_counts_cannot_hide_a_missing_selected_key) ... ok
test_corrupt_manifest_and_data_are_refused (test_etl_catalog.EtlCatalogTests.test_corrupt_manifest_and_data_are_refused) ... ok
test_duplicate_overlap_amendment_and_null_accession (test_etl_catalog.EtlCatalogTests.test_duplicate_overlap_amendment_and_null_accession) ... ok
test_empty_or_invalid_input_never_builds_candidate (test_etl_catalog.EtlCatalogTests.test_empty_or_invalid_input_never_builds_candidate) ... ok
test_equal_receipt_distinct_hash_conflicts_and_newer_revision_wins (test_etl_catalog.EtlCatalogTests.test_equal_receipt_distinct_hash_conflicts_and_newer_revision_wins) ... ok
test_existing_generation_preserves_producing_image (test_etl_catalog.EtlCatalogTests.test_existing_generation_preserves_producing_image) ... ok
test_filing_quarter_distributes_daily_and_off_period_quarterly_has_no_authority (test_etl_catalog.EtlCatalogTests.test_filing_quarter_distributes_daily_and_off_period_quarterly_has_no_authority) ... ok
test_fingerprint_noop_and_base_bound_generation (test_etl_catalog.EtlCatalogTests.test_fingerprint_noop_and_base_bound_generation) ... ok
test_forged_provenance_refresh_count_is_refused (test_etl_catalog.EtlCatalogTests.test_forged_provenance_refresh_count_is_refused) ... ok
test_forged_update_before_value_is_refused (test_etl_catalog.EtlCatalogTests.test_forged_update_before_value_is_refused) ... ok
test_future_and_unpinned_context_refused (test_etl_catalog.EtlCatalogTests.test_future_and_unpinned_context_refused) ... ok
test_gate_record_is_exact_and_corruption_is_refused (test_etl_catalog.EtlCatalogTests.test_gate_record_is_exact_and_corruption_is_refused) ... ok
test_latest_daily_wins_and_prior_sources_survive (test_etl_catalog.EtlCatalogTests.test_latest_daily_wins_and_prior_sources_survive) ... ok
test_manifest_capture_noncanonical_wrong_identity_and_counts_refused (test_etl_catalog.EtlCatalogTests.test_manifest_capture_noncanonical_wrong_identity_and_counts_refused) ... ok
test_nonretaining_candidate_requires_exact_base_capture (test_etl_catalog.EtlCatalogTests.test_nonretaining_candidate_requires_exact_base_capture) ... ok
test_omitted_update_with_consistent_counts_is_refused (test_etl_catalog.EtlCatalogTests.test_omitted_update_with_consistent_counts_is_refused) ... ok
test_open_absence_retains_then_closed_withdrawal_is_gated (test_etl_catalog.EtlCatalogTests.test_open_absence_retains_then_closed_withdrawal_is_gated) ... ok
test_previous_raw_contributors_replay_together_under_new_parser (test_etl_catalog.EtlCatalogTests.test_previous_raw_contributors_replay_together_under_new_parser) ... ok
test_provenance_only_refresh_has_no_business_update (test_etl_catalog.EtlCatalogTests.test_provenance_only_refresh_has_no_business_update) ... ok
test_quarterly_fields_beat_latest_daily_and_order_is_deterministic (test_etl_catalog.EtlCatalogTests.test_quarterly_fields_beat_latest_daily_and_order_is_deterministic) ... ok
test_retain_real_candidate_proof_when_requested (test_etl_catalog.EtlCatalogTests.test_retain_real_candidate_proof_when_requested) ... ok
test_retained_dependency_missing_corrupt_and_mismatched_refused (test_etl_catalog.EtlCatalogTests.test_retained_dependency_missing_corrupt_and_mismatched_refused) ... ok
test_same_hash_adopts_prior_snapshot_receipt_and_fingerprint (test_etl_catalog.EtlCatalogTests.test_same_hash_adopts_prior_snapshot_receipt_and_fingerprint) ... ok
test_stale_snapshot_cannot_replace_newer_source_revision (test_etl_catalog.EtlCatalogTests.test_stale_snapshot_cannot_replace_newer_source_revision) ... ok
test_suppressed_withdrawal_with_consistent_hashes_cannot_clear_gate (test_etl_catalog.EtlCatalogTests.test_suppressed_withdrawal_with_consistent_hashes_cannot_clear_gate) ... ok
test_valid_hash_but_invented_canonical_row_is_refused (test_etl_catalog.EtlCatalogTests.test_valid_hash_but_invented_canonical_row_is_refused) ... ok
test_wrong_precedence_with_valid_source_row_is_refused (test_etl_catalog.EtlCatalogTests.test_wrong_precedence_with_valid_source_row_is_refused) ... ok
test_after_pointer_exception_remains_resumable (test_etl_cli.EtlCliTests.test_after_pointer_exception_remains_resumable) ... ok
test_after_repair_exception_remains_resumable (test_etl_cli.EtlCliTests.test_after_repair_exception_remains_resumable) ... ok
test_begun_intent_refuses_changed_image_execution_and_config (test_etl_cli.EtlCliTests.test_begun_intent_refuses_changed_image_execution_and_config) ... ok
test_begun_intent_resumes_original_start_and_pin (test_etl_cli.EtlCliTests.test_begun_intent_resumes_original_start_and_pin) ... ok
test_changed_filing_date_visits_prior_receipt_quarter (test_etl_cli.EtlCliTests.test_changed_filing_date_visits_prior_receipt_quarter) ... ok
test_completed_replay_is_exact_and_flag_changes_refuse (test_etl_cli.EtlCliTests.test_completed_replay_is_exact_and_flag_changes_refuse) ... ok
test_empty_complete_transform_and_publish_are_unchanged (test_etl_cli.EtlCliTests.test_empty_complete_transform_and_publish_are_unchanged) ... ok
test_expired_completed_replay_but_new_expired_refusal (test_etl_cli.EtlCliTests.test_expired_completed_replay_but_new_expired_refusal) ... ok
test_failure_quarter_requires_matching_gap_and_valid_counters (test_etl_cli.EtlCliTests.test_failure_quarter_requires_matching_gap_and_valid_counters) ... ok
test_forced_transform_rebuild_preserves_logical_publication (test_etl_cli.EtlCliTests.test_forced_transform_rebuild_preserves_logical_publication) ... ok
test_harder_failure_dominates_gate_but_preserves_both_quarters (test_etl_cli.EtlCliTests.test_harder_failure_dominates_gate_but_preserves_both_quarters) ... ok
test_help_lists_all_four_commands (test_etl_cli.EtlCliTests.test_help_lists_all_four_commands) ... ok
test_invalid_source_is_exit_seven (test_etl_cli.EtlCliTests.test_invalid_source_is_exit_seven) ... ok
test_invalid_source_logs_source_and_raw_correlation (test_etl_cli.EtlCliTests.test_invalid_source_logs_source_and_raw_correlation) ... ok
test_membership_exception_after_commit_remains_resumable (test_etl_cli.EtlCliTests.test_membership_exception_after_commit_remains_resumable) ... ok
test_multiple_quarters_gate_continues_other_quarter_and_complete_receipts (test_etl_cli.EtlCliTests.test_multiple_quarters_gate_continues_other_quarter_and_complete_receipts) ... ok
test_new_attempt_replays_parser_with_original_acquisition_context (test_etl_cli.EtlCliTests.test_new_attempt_replays_parser_with_original_acquisition_context) ... ok
test_noncanonical_snapshot_property_order_refuses_before_transform_outputs (test_etl_cli.EtlCliTests.test_noncanonical_snapshot_property_order_refuses_before_transform_outputs) ... ok
test_noncanonical_snapshot_whitespace_refuses_before_transform_outputs (test_etl_cli.EtlCliTests.test_noncanonical_snapshot_whitespace_refuses_before_transform_outputs) ... ok
test_partial_transform_retains_success_and_publish_changes_no_pointer (test_etl_cli.EtlCliTests.test_partial_transform_retains_success_and_publish_changes_no_pointer) ... ok
test_persistent_conflict_retains_attempted_manifest_and_exit_nine (test_etl_cli.EtlCliTests.test_persistent_conflict_retains_attempted_manifest_and_exit_nine) ... ok
test_pointer_crash_resumes_without_another_advance_and_repairs_receipts (test_etl_cli.EtlCliTests.test_pointer_crash_resumes_without_another_advance_and_repairs_receipts) ... ok
test_prior_quarter_discovery_rejects_corrupt_data (test_etl_cli.EtlCliTests.test_prior_quarter_discovery_rejects_corrupt_data) ... ok
test_prior_quarter_discovery_rejects_corrupt_manifest (test_etl_cli.EtlCliTests.test_prior_quarter_discovery_rejects_corrupt_manifest) ... ok
test_prior_quarter_discovery_rejects_pointer_fingerprint_mismatch (test_etl_cli.EtlCliTests.test_prior_quarter_discovery_rejects_pointer_fingerprint_mismatch) ... ok
test_publish_empty_rejects_context_version_mismatch (test_etl_cli.EtlCliTests.test_publish_empty_rejects_context_version_mismatch) ... ok
test_publish_noop_and_result_crash_do_not_advance_twice (test_etl_cli.EtlCliTests.test_publish_noop_and_result_crash_do_not_advance_twice) ... ok
test_real_transform_and_publish_without_acquisition_construction (test_etl_cli.EtlCliTests.test_real_transform_and_publish_without_acquisition_construction) ... ok
test_receipt_exception_after_commit_remains_resumable (test_etl_cli.EtlCliTests.test_receipt_exception_after_commit_remains_resumable) ... ok
test_result_codec_refuses_forged_context_and_orphan_error (test_etl_cli.EtlCliTests.test_result_codec_refuses_forged_context_and_orphan_error) ... ok
test_result_object_crash_repairs_attempt_exactly (test_etl_cli.EtlCliTests.test_result_object_crash_repairs_attempt_exactly) ... ok
test_result_write_requires_exact_begun_attempt_and_rejects_changed_result (test_etl_cli.EtlCliTests.test_result_write_requires_exact_begun_attempt_and_rejects_changed_result) ... ok
test_strict_separate_result_codec (test_etl_cli.EtlCliTests.test_strict_separate_result_codec) ... ok
test_unchanged_capture_repair_exception_remains_resumable (test_etl_cli.EtlCliTests.test_unchanged_capture_repair_exception_remains_resumable) ... ok
test_unreceipted_daily_revision_reconciles_old_and_new_quarters (test_etl_cli.EtlCliTests.test_unreceipted_daily_revision_reconciles_old_and_new_quarters) ... ok
test_unreceipted_quarterly_revision_refuses_empty_own_membership (test_etl_cli.EtlCliTests.test_unreceipted_quarterly_revision_refuses_empty_own_membership) ... ok
test_validation_happens_before_open_stores (test_etl_cli.EtlCliTests.test_validation_happens_before_open_stores) ... ok
test_wrong_payload_path_refuses (test_etl_cli.EtlCliTests.test_wrong_payload_path_refuses) ... ok
test_canonical_field_types_and_nullability (test_etl_contracts.EtlContractTests.test_canonical_field_types_and_nullability) ... ok
test_change_schema_embeds_nullable_full_rows (test_etl_contracts.EtlContractTests.test_change_schema_embeds_nullable_full_rows) ... ok
test_observation_schema_preserves_original_fields (test_etl_contracts.EtlContractTests.test_observation_schema_preserves_original_fields) ... ok
test_processing_identity_includes_both_versions (test_etl_contracts.EtlContractTests.test_processing_identity_includes_both_versions) ... ok
test_retained_stage2_worksets_and_registry_remain_byte_identical (test_etl_contracts.EtlContractTests.test_retained_stage2_worksets_and_registry_remain_byte_identical) ... ok
test_row_mapping_and_strict_validation (test_etl_contracts.EtlContractTests.test_row_mapping_and_strict_validation) ... ok
test_transformed_codec_is_canonical_and_strict (test_etl_contracts.EtlContractTests.test_transformed_codec_is_canonical_and_strict) ... ok
test_all_records_are_strict_immutable_and_round_trip (test_etl_contracts.EtlRecordTests.test_all_records_are_strict_immutable_and_round_trip) ... ok
test_closed_daily_only_manifest_has_no_withdrawal_authority (test_etl_contracts.EtlRecordTests.test_closed_daily_only_manifest_has_no_withdrawal_authority) ... ok
test_quarter_counts_include_retained_identical_duplicates (test_etl_contracts.EtlRecordTests.test_quarter_counts_include_retained_identical_duplicates) ... ok
test_rows_follow_parser_padded_cik_and_safe_legacy_path_contract (test_etl_contracts.EtlRecordTests.test_rows_follow_parser_padded_cik_and_safe_legacy_path_contract) ... ok
test_daily_date_chooses_older_output_quarter (test_etl_parser.EtlParserTests.test_daily_date_chooses_older_output_quarter) ... ok
test_cik_dates_paths_and_originals (test_etl_parser.StrictParserTests.test_cik_dates_paths_and_originals) ... ok
test_field_refusal_matrix (test_etl_parser.StrictParserTests.test_field_refusal_matrix) ... ok
test_final_newline_families_and_duplicates (test_etl_parser.StrictParserTests.test_final_newline_families_and_duplicates) ... ok
test_independent_goldens_and_manifest (test_etl_parser.StrictParserTests.test_independent_goldens_and_manifest) ... ok
test_stream_refusal_matrix (test_etl_parser.StrictParserTests.test_stream_refusal_matrix) ... ok
test_version_registration_and_preopen_refusal (test_etl_parser.StrictParserTests.test_version_registration_and_preopen_refusal) ... ok
test_aligned_insert_replace_and_gate_races (test_etl_processes.ProcessProofTests.test_aligned_insert_replace_and_gate_races) ... ok
test_driver_exposes_real_process_proof (test_etl_processes.ProcessProofTests.test_driver_exposes_real_process_proof) ... ok
test_each_command_help_and_required_proof_output (test_etl_processes.ProcessProofTests.test_each_command_help_and_required_proof_output) ... ok
test_first_timeout_reaps_all_real_children_with_kill_fallback (test_etl_processes.ProofTimeoutTests.test_first_timeout_reaps_all_real_children_with_kill_fallback) ... ok
test_partial_race_start_reaps_already_started_child (test_etl_processes.ProofTimeoutTests.test_partial_race_start_reaps_already_started_child) ... ok
test_real_subprocess_timeout_retains_partial_output_bytes (test_etl_processes.ProofTimeoutTests.test_real_subprocess_timeout_retains_partial_output_bytes) ... ok
test_publication_and_reader_interfaces_exist (test_etl_publication.EtlPublicationTests.test_publication_and_reader_interfaces_exist) ... ok
test_stale_pointer_version_cannot_replace_winner (test_etl_publication.EtlPublicationTests.test_stale_pointer_version_cannot_replace_winner) ... ok
test_awaiting_approval_pointer_is_refused_by_capture_and_repair (test_etl_publication.PublicationIntegrationTests.test_awaiting_approval_pointer_is_refused_by_capture_and_repair) ... ok
test_cas_retry_reevaluates_withdrawal_gate (test_etl_publication.PublicationIntegrationTests.test_cas_retry_reevaluates_withdrawal_gate) ... ok
test_corruption_or_missing_files_cannot_leak_first_row_or_repair (test_etl_publication.PublicationIntegrationTests.test_corruption_or_missing_files_cannot_leak_first_row_or_repair) ... ok
test_deadline_after_loss_retains_attempted_manifest_without_commit_claim (test_etl_publication.PublicationIntegrationTests.test_deadline_after_loss_retains_attempted_manifest_without_commit_claim) ... ok
test_deadline_expires_at_commit_boundary (test_etl_publication.PublicationIntegrationTests.test_deadline_expires_at_commit_boundary) ... ok
test_deadline_expiry_inside_candidate_build_returns_conflict (test_etl_publication.PublicationIntegrationTests.test_deadline_expiry_inside_candidate_build_returns_conflict) ... ok
test_five_conflicts_and_expired_deadline_have_no_commit (test_etl_publication.PublicationIntegrationTests.test_five_conflicts_and_expired_deadline_have_no_commit) ... ok
test_late_spool_failure_exposes_no_row_after_successful_validation (test_etl_publication.PublicationIntegrationTests.test_late_spool_failure_exposes_no_row_after_successful_validation) ... ok
test_missing_pointer_insert_race_rebuilds_union (test_etl_publication.PublicationIntegrationTests.test_missing_pointer_insert_race_rebuilds_union) ... ok
test_mocked_sdk_actual_etags_412_and_large_candidate_descriptor (test_etl_publication.PublicationIntegrationTests.test_mocked_sdk_actual_etags_412_and_large_candidate_descriptor) ... ok
test_named_crash_boundaries_preserve_old_or_new_and_repair (test_etl_publication.PublicationIntegrationTests.test_named_crash_boundaries_preserve_old_or_new_and_repair) ... ok
test_no_receipt_for_source_without_rows_in_committed_quarter (test_etl_publication.PublicationIntegrationTests.test_no_receipt_for_source_without_rows_in_committed_quarter) ... ok
test_noop_still_refuses_forged_incoming_observation_reference (test_etl_publication.PublicationIntegrationTests.test_noop_still_refuses_forged_incoming_observation_reference) ... ok
test_open_retained_basis_noop_and_version_replay (test_etl_publication.PublicationIntegrationTests.test_open_retained_basis_noop_and_version_replay) ... ok
test_pointer_shape_address_hash_and_fingerprint_are_checked (test_etl_publication.PublicationIntegrationTests.test_pointer_shape_address_hash_and_fingerprint_are_checked) ... ok
test_publish_noop_force_replay_and_pinned_old_capture (test_etl_publication.PublicationIntegrationTests.test_publish_noop_force_replay_and_pinned_old_capture) ... ok
test_reader_checks_semantics_and_late_counts_before_first_row (test_etl_publication.PublicationIntegrationTests.test_reader_checks_semantics_and_late_counts_before_first_row) ... ok
test_repair_interruption_multiquarter_and_monotonic_memberships (test_etl_publication.PublicationIntegrationTests.test_repair_interruption_multiquarter_and_monotonic_memberships) ... ok
test_repair_membership_cas_preserves_competing_quarter_receipt (test_etl_publication.PublicationIntegrationTests.test_repair_membership_cas_preserves_competing_quarter_receipt) ... ok
test_retained_publication_proof (test_etl_publication.PublicationIntegrationTests.test_retained_publication_proof) ... ok
test_stale_replace_race_rebuilds_union_and_updated_winner_fields (test_etl_publication.PublicationIntegrationTests.test_stale_replace_race_rebuilds_union_and_updated_winner_fields) ... ok
test_unreferenced_candidate_data_is_never_read (test_etl_publication.PublicationIntegrationTests.test_unreferenced_candidate_data_is_never_read) ... ok
test_active_pointer_real_sdk_insert_replace_and_conflict (test_etl_storage.EtlStorageTests.test_active_pointer_real_sdk_insert_replace_and_conflict) ... ok
test_azure_logical_writes_and_streamed_materialization_use_mapped_paths (test_etl_storage.EtlStorageTests.test_azure_logical_writes_and_streamed_materialization_use_mapped_paths) ... ok
test_conflicting_transform_cannot_leave_a_publication_receipt (test_etl_storage.EtlStorageTests.test_conflicting_transform_cannot_leave_a_publication_receipt) ... ok
test_large_active_pointer_record_uses_verified_content_first_descriptor (test_etl_storage.EtlStorageTests.test_large_active_pointer_record_uses_verified_content_first_descriptor) ... ok
test_local_materialize_is_exclusive_and_cleans_failed_copy (test_etl_storage.EtlStorageTests.test_local_materialize_is_exclusive_and_cleans_failed_copy) ... ok
test_logical_paths_use_accepted_containers (test_etl_storage.EtlStorageTests.test_logical_paths_use_accepted_containers) ... ok
test_materialize_close_failure_removes_its_created_scratch (test_etl_storage.EtlStorageTests.test_materialize_close_failure_removes_its_created_scratch) ... ok
test_missing_active_client_refuses_large_write_before_content_upload (test_etl_storage.EtlStorageTests.test_missing_active_client_refuses_large_write_before_content_upload) ... ok
test_pointer_commit_uses_actual_revision_and_propagates_conflict (test_etl_storage.EtlStorageTests.test_pointer_commit_uses_actual_revision_and_propagates_conflict) ... ok
test_publication_membership_is_monotonic_and_cas_is_bounded (test_etl_storage.EtlStorageTests.test_publication_membership_is_monotonic_and_cas_is_bounded) ... ok
test_stream_failure_deletes_only_created_scratch (test_etl_storage.EtlStorageTests.test_stream_failure_deletes_only_created_scratch) ... ok
test_transform_acceptance_and_publication_receipts_are_idempotent (test_etl_storage.EtlStorageTests.test_transform_acceptance_and_publication_receipts_are_idempotent) ... ok
test_binding_mismatch_and_source_workset_mismatch_reject_input (test_etl_transform.EtlTransformTests.test_binding_mismatch_and_source_workset_mismatch_reject_input) ... ok
test_binding_must_match_all_identity_fields (test_etl_transform.EtlTransformTests.test_binding_must_match_all_identity_fields) ... ok
test_concurrent_transform_adopts_one_immutable_manifest (test_etl_transform.EtlTransformTests.test_concurrent_transform_adopts_one_immutable_manifest) ... ok
test_conflicting_last_duplicate_after_full_batch_quarantines_source (test_etl_transform.EtlTransformTests.test_conflicting_last_duplicate_after_full_batch_quarantines_source) ... ok
test_corrupt_raw_and_accepted_data_fail_closed (test_etl_transform.EtlTransformTests.test_corrupt_raw_and_accepted_data_fail_closed) ... ok
test_deadline_uses_injected_clock_without_expired_fixture (test_etl_transform.EtlTransformTests.test_deadline_uses_injected_clock_without_expired_fixture) ... ok
test_duplicates_and_cross_quarter_counts_are_retained (test_etl_transform.EtlTransformTests.test_duplicates_and_cross_quarter_counts_are_retained) ... ok
test_empty_complete_workset_and_incomplete_snapshot_membership (test_etl_transform.EtlTransformTests.test_empty_complete_workset_and_incomplete_snapshot_membership) ... ok
test_force_reparses_and_verifies_immutable_output (test_etl_transform.EtlTransformTests.test_force_reparses_and_verifies_immutable_output) ... ok
test_image_change_adopts_original_producer_manifest_even_when_forced (test_etl_transform.EtlTransformTests.test_image_change_adopts_original_producer_manifest_even_when_forced) ... ok
test_interrupt_each_durability_boundary_and_repair (test_etl_transform.EtlTransformTests.test_interrupt_each_durability_boundary_and_repair) ... ok
test_malformed_and_invalid_envelope_sources_never_accept (test_etl_transform.EtlTransformTests.test_malformed_and_invalid_envelope_sources_never_accept) ... ok
test_manifest_repair_after_real_preprocessing_crash (test_etl_transform.EtlTransformTests.test_manifest_repair_after_real_preprocessing_crash) ... ok
test_new_process_reuses_accepted_output_with_guard_before_imports (test_etl_transform.EtlTransformTests.test_new_process_reuses_accepted_output_with_guard_before_imports) ... ok
test_no_transport_constructors (test_etl_transform.EtlTransformTests.test_no_transport_constructors) ... ok
test_parser_replay_keeps_raw_origin_and_changes_processing_identity (test_etl_transform.EtlTransformTests.test_parser_replay_keeps_raw_origin_and_changes_processing_identity) ... ok
test_partial_members_recover_using_successful_processing (test_etl_transform.EtlTransformTests.test_partial_members_recover_using_successful_processing) ... ok
test_quarterly_zip_validation_and_crc_rejection (test_etl_transform.EtlTransformTests.test_quarterly_zip_validation_and_crc_rejection) ... ok
test_raw_length_drift_missing_accepted_output_and_force_collision (test_etl_transform.EtlTransformTests.test_raw_length_drift_missing_accepted_output_and_force_collision) ... ok
test_readback_counts_and_scratch_iterator_lifetime (test_etl_transform.EtlTransformTests.test_readback_counts_and_scratch_iterator_lifetime) ... ok
test_uploaded_data_is_read_back_before_accepting_checkpoint (test_etl_transform.EtlTransformTests.test_uploaded_data_is_read_back_before_accepting_checkpoint) ... ok
test_explicit_helper_denies_connect_ex_resolution_and_unselected_loopback (test_network_guard.NetworkGuardTests.test_explicit_helper_denies_connect_ex_resolution_and_unselected_loopback) ... ok
test_only_selected_fixture_origin_is_allowed_and_scope_closes (test_network_guard.NetworkGuardTests.test_only_selected_fixture_origin_is_allowed_and_scope_closes) ... ok
test_ordinary_support_import_installs_connection_resolution_and_auth_denial (test_network_guard.NetworkGuardTests.test_ordinary_support_import_installs_connection_resolution_and_auth_denial) ... ok
test_provider_construction_and_existing_instance_token_work_never_reach_stubs (test_network_guard.NetworkGuardTests.test_provider_construction_and_existing_instance_token_work_never_reach_stubs) ... ok
test_public_managed_identity_constructor_and_existing_tokens_never_reach_stubs (test_network_guard.NetworkGuardTests.test_public_managed_identity_constructor_and_existing_tokens_never_reach_stubs) ... ok
test_spawned_process_has_selected_origin_and_denies_network_and_auth (test_network_guard.NetworkGuardTests.test_spawned_process_has_selected_origin_and_denies_network_and_auth) ... ok
test_suite_runner_installs_guard_before_unittest_executes (test_network_guard.NetworkGuardTests.test_suite_runner_installs_guard_before_unittest_executes) ... ok
test_attempts_reopen_unfinished_and_finish_idempotently_without_erasure (test_state.StateTests.test_attempts_reopen_unfinished_and_finish_idempotently_without_erasure) ... ok
test_binding_requires_snapshot_and_cas_conflicts_are_bounded (test_state.StateTests.test_binding_requires_snapshot_and_cas_conflicts_are_bounded) ... ok
test_discovery_and_later_failure_preserve_success_and_existing_pin (test_state.StateTests.test_discovery_and_later_failure_preserve_success_and_existing_pin) ... ok
test_existing_pin_wins_even_if_a_retry_candidate_is_unremembered (test_state.StateTests.test_existing_pin_wins_even_if_a_retry_candidate_is_unremembered) ... ok
test_first_pin_survives_reopen_and_newer_snapshot (test_state.StateTests.test_first_pin_survives_reopen_and_newer_snapshot) ... ok
test_independent_processes_observe_absence_then_race_first_pin (test_state.StateTests.test_independent_processes_observe_absence_then_race_first_pin) ... ok
test_mismatched_observed_source_address_is_not_remembered (test_state.StateTests.test_mismatched_observed_source_address_is_not_remembered) ... ok
test_older_receipt_and_out_of_order_discovery_never_move_pointers_back (test_state.StateTests.test_older_receipt_and_out_of_order_discovery_never_move_pointers_back) ... ok
test_pending_sources_include_old_failed_and_all_pages (test_state.StateTests.test_pending_sources_include_old_failed_and_all_pages) ... ok
test_request_attempts_are_immutable_auditable_and_bounded (test_state.StateTests.test_request_attempts_are_immutable_auditable_and_bounded) ... ok
test_snapshot_durable_boundary_can_be_replayed_without_erasing_raw_or_success (test_state.StateTests.test_snapshot_durable_boundary_can_be_replayed_without_erasing_raw_or_success) ... ok
test_committed_insert_survives_observer_exception (test_storage.StorageTests.test_committed_insert_survives_observer_exception) ... ok
test_create_conflict_preserves_first_value_and_reopens (test_storage.StorageTests.test_create_conflict_preserves_first_value_and_reopens) ... ok
test_fixed_registry_is_conditional_and_factory_shares_root_and_budget (test_storage.StorageTests.test_fixed_registry_is_conditional_and_factory_shares_root_and_budget) ... ok
test_object_fault_before_and_after_link_is_restart_safe (test_storage.StorageTests.test_object_fault_before_and_after_link_is_restart_safe) ... ok
test_reopening_lease_client_preserves_existing_sentinel_journal (test_storage.StorageTests.test_reopening_lease_client_preserves_existing_sentinel_journal) ... ok
test_scan_reads_all_pages_and_filters_detached_values (test_storage.StorageTests.test_scan_reads_all_pages_and_filters_detached_values) ... ok
test_shared_finite_lease_expiry_renewal_and_stale_handles (test_storage.StorageTests.test_shared_finite_lease_expiry_renewal_and_stale_handles) ... ok
test_stage_promote_verified_bytes_before_raw_reference (test_storage.StorageTests.test_stage_promote_verified_bytes_before_raw_reference) ... ok
test_stale_cas_and_missing_rows_cannot_replace (test_storage.StorageTests.test_stale_cas_and_missing_rows_cannot_replace) ... ok
test_symlink_object_collision_cannot_follow_a_leaf_link (test_storage.StorageTests.test_symlink_object_collision_cannot_follow_a_leaf_link) ... ok
test_unsafe_paths_and_symlinks_cannot_escape_object_root (test_storage.StorageTests.test_unsafe_paths_and_symlinks_cannot_escape_object_root) ... ok
test_write_once_same_bytes_are_idempotent_different_bytes_are_corruption (test_storage.StorageTests.test_write_once_same_bytes_are_idempotent_different_bytes_are_corruption) ... ok
test_conflicting_or_escaping_child_is_refused (test_urls.UrlTests.test_conflicting_or_escaping_child_is_refused) ... ok
test_listing_hierarchy_and_immediate_children (test_urls.UrlTests.test_listing_hierarchy_and_immediate_children) ... ok
test_source_shapes_and_stable_identity (test_urls.UrlTests.test_source_shapes_and_stable_identity) ... ok
test_unsafe_source_matrix (test_urls.UrlTests.test_unsafe_source_matrix) ... ok
test_accepted_guard_values_refuse_advertised_limit_plus_one (test_validation.ValidationTests.test_accepted_guard_values_refuse_advertised_limit_plus_one) ... ok
test_all_ten_hash_checked_retained_originals_validate (test_validation.ValidationTests.test_all_ten_hash_checked_retained_originals_validate) ... ok
test_archive_shapes_truncation_and_crc_failure_are_retained (test_validation.ValidationTests.test_archive_shapes_truncation_and_crc_failure_are_retained) ... ok
test_forged_expanded_size_and_prefix_crc_cannot_hide_deflate_suffix (test_validation.ValidationTests.test_forged_expanded_size_and_prefix_crc_cannot_hide_deflate_suffix) ... ok
test_full_deflate_end_marker_is_required_even_with_matching_size_and_crc (test_validation.ValidationTests.test_full_deflate_end_marker_is_required_even_with_matching_size_and_crc) ... ok
test_html_denial_and_error_pages_never_validate_as_index (test_validation.ValidationTests.test_html_denial_and_error_pages_never_validate_as_index) ... ok
test_nonempty_complete_entity_and_length_are_required (test_validation.ValidationTests.test_nonempty_complete_entity_and_length_are_required) ... ok
test_receipt_hash_and_file_count_are_checked (test_validation.ValidationTests.test_receipt_hash_and_file_count_are_checked) ... ok
test_received_and_expanded_caps_refuse_one_byte_past_guard (test_validation.ValidationTests.test_received_and_expanded_caps_refuse_one_byte_past_guard) ... ok
test_row_syntax_is_left_for_later_parser (test_validation.ValidationTests.test_row_syntax_is_left_for_later_parser) ... ok
test_selected_header_ascii_and_line_endings_are_exact (test_validation.ValidationTests.test_selected_header_ascii_and_line_endings_are_exact) ... ok
test_synthetic_daily_and_archive_original_bytes_validate (test_validation.ValidationTests.test_synthetic_daily_and_archive_original_bytes_validate) ... ok
test_F1_moved_quarter_remains_backlog_after_Q4_publishes (test_workflow_acceptance.WorkflowAcceptanceTests.test_F1_moved_quarter_remains_backlog_after_Q4_publishes) ... ok
test_F2_retry_prefix_survives_without_terminal_source_quarantine (test_workflow_acceptance.WorkflowAcceptanceTests.test_F2_retry_prefix_survives_without_terminal_source_quarantine) ... ok
test_F3_ordinary_post_CAS_failure_has_no_report_then_fresh_checked_repair (test_workflow_acceptance.WorkflowAcceptanceTests.test_F3_ordinary_post_CAS_failure_has_no_report_then_fresh_checked_repair) ... ok
test_F4_parent_command_namespace_and_exact_completed_replay (test_workflow_acceptance.WorkflowAcceptanceTests.test_F4_parent_command_namespace_and_exact_completed_replay) ... ok
test_F5_all_conflicting_baseline_is_quarantined_with_gaps_and_no_pointer (test_workflow_acceptance.WorkflowAcceptanceTests.test_F5_all_conflicting_baseline_is_quarantined_with_gaps_and_no_pointer) ... ok
test_R1_empty_quarter_is_unresolved_and_preserves_valid_quarter (test_workflow_acceptance.WorkflowAcceptanceTests.test_R1_empty_quarter_is_unresolved_and_preserves_valid_quarter) ... ok
test_R1_mixed_valid_and_refused_members_preserves_good_pointer (test_workflow_acceptance.WorkflowAcceptanceTests.test_R1_mixed_valid_and_refused_members_preserves_good_pointer) ... ok
test_R2_Q4_Q1_transition_uses_both_required_quarters (test_workflow_acceptance.WorkflowAcceptanceTests.test_R2_Q4_Q1_transition_uses_both_required_quarters) ... ok
test_R2_failed_outage_directory_holds_boundary_with_independent_progress (test_workflow_acceptance.WorkflowAcceptanceTests.test_R2_failed_outage_directory_holds_boundary_with_independent_progress) ... ok
test_R2_older_nonempty_closed_withdrawal_gate_remains_pending (test_workflow_acceptance.WorkflowAcceptanceTests.test_R2_older_nonempty_closed_withdrawal_gate_remains_pending) ... ok
test_R2_outage_spans_Q4_Q1_Q2_and_keeps_older_pending (test_workflow_acceptance.WorkflowAcceptanceTests.test_R2_outage_spans_Q4_Q1_Q2_and_keeps_older_pending) ... ok
test_boolean_call_flags_reject_integer_substitution (test_workflow_checked.CheckedWorkflowTests.test_boolean_call_flags_reject_integer_substitution) ... ok
test_call_is_durable_before_dispatch_and_reopen_uses_it (test_workflow_checked.CheckedWorkflowTests.test_call_is_durable_before_dispatch_and_reopen_uses_it) ... ok
test_changed_context_and_flags_refuse_before_new_transport (test_workflow_checked.CheckedWorkflowTests.test_changed_context_and_flags_refuse_before_new_transport) ... ok
test_changed_flags_or_canonical_call_refuse (test_workflow_checked.CheckedWorkflowTests.test_changed_flags_or_canonical_call_refuse) ... ok
test_checked_record_freezes_call_and_rejects_result_reference_change (test_workflow_checked.CheckedWorkflowTests.test_checked_record_freezes_call_and_rejects_result_reference_change) ... ok
test_daily_discovery_collection_keeps_origin_priority_in_checked_context (test_workflow_checked.CheckedWorkflowTests.test_daily_discovery_collection_keeps_origin_priority_in_checked_context) ... ok
test_historical_capture_survives_missing_mutable_child_indexes (test_workflow_checked.CheckedWorkflowTests.test_historical_capture_survives_missing_mutable_child_indexes) ... ok
test_input_binding_and_raw_tamper_are_refused (test_workflow_checked.CheckedWorkflowTests.test_input_binding_and_raw_tamper_are_refused) ... ok
test_origin_collection_and_current_parser_are_separate_exact_contexts (test_workflow_checked.CheckedWorkflowTests.test_origin_collection_and_current_parser_are_separate_exact_contexts) ... ok
test_parent_command_namespace_and_exact_replay (test_workflow_checked.CheckedWorkflowTests.test_parent_command_namespace_and_exact_replay) ... ok
test_post_cas_repair_keeps_child_unfinished_until_checked_retry (test_workflow_checked.CheckedWorkflowTests.test_post_cas_repair_keeps_child_unfinished_until_checked_retry) ... ok
test_real_input_chain_and_retained_retry_prefix (test_workflow_checked.CheckedWorkflowTests.test_real_input_chain_and_retained_retry_prefix) ... ok
test_snapshot_chain_refuses_noncanonical_retained_source_bytes (test_workflow_checked.CheckedWorkflowTests.test_snapshot_chain_refuses_noncanonical_retained_source_bytes) ... ok
test_changed_exact_invocation_is_conflict_and_report_stays_immutable (test_workflow_cli.WorkflowCliTests.test_changed_exact_invocation_is_conflict_and_report_stays_immutable) ... ok
test_completed_exact_replay_after_deadline_constructs_no_dispatcher (test_workflow_cli.WorkflowCliTests.test_completed_exact_replay_after_deadline_constructs_no_dispatcher) ... ok
test_failure_closes_all_opened_resources_and_writes_no_report (test_workflow_cli.WorkflowCliTests.test_failure_closes_all_opened_resources_and_writes_no_report) ... ok
test_invalid_input_precedes_backend_construction_and_child_flags_stay_private (test_workflow_cli.WorkflowCliTests.test_invalid_input_precedes_backend_construction_and_child_flags_stay_private) ... ok
test_omitted_today_reopens_saved_pin_before_next_day_validation (test_workflow_cli.WorkflowCliTests.test_omitted_today_reopens_saved_pin_before_next_day_validation) ... ok
test_public_commands_inclusive_baseline_and_daily_reader (test_workflow_cli.WorkflowCliTests.test_public_commands_inclusive_baseline_and_daily_reader) ... ok
test_completion_capture_rejects_corrupt_session (test_workflow_completion.CompletionTests.test_completion_capture_rejects_corrupt_session) ... ok
test_copied_obligation_cannot_drop_only_formerly_affected_quarter (test_workflow_completion.CompletionTests.test_copied_obligation_cannot_drop_only_formerly_affected_quarter) ... ok
test_copied_obligation_must_bind_original_command_and_exact_input (test_workflow_completion.CompletionTests.test_copied_obligation_must_bind_original_command_and_exact_input) ... ok
test_corrupt_begun_checked_call_blocks_completion (test_workflow_completion.CompletionTests.test_corrupt_begun_checked_call_blocks_completion) ... ok
test_corrupt_begun_ordinary_call_blocks_completion (test_workflow_completion.CompletionTests.test_corrupt_begun_ordinary_call_blocks_completion) ... ok
test_current_index_identity_is_decoded_not_assumed (test_workflow_completion.CompletionTests.test_current_index_identity_is_decoded_not_assumed) ... ok
test_divergent_binding_winner_is_preserved_during_evaluation (test_workflow_completion.CompletionTests.test_divergent_binding_winner_is_preserved_during_evaluation) ... ok
test_foreign_valid_resolution_cannot_discharge_another_original_call (test_workflow_completion.CompletionTests.test_foreign_valid_resolution_cannot_discharge_another_original_call) ... ok
test_formerly_affected_quarter_stays_unresolved (test_workflow_completion.CompletionTests.test_formerly_affected_quarter_stays_unresolved) ... ok
test_fresh_attempt_resolves_repair_without_rewriting_original_attempt (test_workflow_completion.CompletionTests.test_fresh_attempt_resolves_repair_without_rewriting_original_attempt) ... ok
test_historical_capture_requires_every_immutable_file (test_workflow_completion.CompletionTests.test_historical_capture_requires_every_immutable_file) ... ok
test_historical_capture_survives_pointer_advance (test_workflow_completion.CompletionTests.test_historical_capture_survives_pointer_advance) ... ok
test_historical_provenance_rejects_session_and_registry_corruption (test_workflow_completion.CompletionTests.test_historical_provenance_rejects_session_and_registry_corruption) ... ok
test_missing_obligation_index_recovers_original_immutable_anchor (test_workflow_completion.CompletionTests.test_missing_obligation_index_recovers_original_immutable_anchor) ... ok
test_missing_result_after_deadline_requires_fresh_attempt (test_workflow_completion.CompletionTests.test_missing_result_after_deadline_requires_fresh_attempt) ... ok
test_old_failed_parent_remains_valid_after_same_session_directory_repair (test_workflow_completion.CompletionTests.test_old_failed_parent_remains_valid_after_same_session_directory_repair) ... ok
test_ordinary_public_publish_failure_is_pending_in_fresh_workflow (test_workflow_completion.CompletionTests.test_ordinary_public_publish_failure_is_pending_in_fresh_workflow) ... ok
test_original_anchor_precedes_index_and_corruption_cannot_redefine_it (test_workflow_completion.CompletionTests.test_original_anchor_precedes_index_and_corruption_cannot_redefine_it) ... ok
test_valid_checked_call_before_begin_has_no_repair_obligation (test_workflow_completion.CompletionTests.test_valid_checked_call_before_begin_has_no_repair_obligation) ... ok
test_validated_member_provenance_returns_exact_projection (test_workflow_completion.CompletionTests.test_validated_member_provenance_returns_exact_projection) ... ok
test_incomplete_capture_cannot_claim_completion (test_workflow_contracts.CompletionRecordTests.test_incomplete_capture_cannot_claim_completion) ... ok
test_all_exit_outcomes_have_explicit_member_and_coverage_status (test_workflow_contracts.CoverageTests.test_all_exit_outcomes_have_explicit_member_and_coverage_status) ... ok
test_all_quarantined_retains_attributed_baseline_publication_gaps (test_workflow_contracts.CoverageTests.test_all_quarantined_retains_attributed_baseline_publication_gaps) ... ok
test_already_complete_sources_add_coverage_without_duplicate_selection (test_workflow_contracts.CoverageTests.test_already_complete_sources_add_coverage_without_duplicate_selection) ... ok
test_attributed_quarantine_gaps_do_not_erase_valid_progress (test_workflow_contracts.CoverageTests.test_attributed_quarantine_gaps_do_not_erase_valid_progress) ... ok
test_baseline_gap_attribution_requires_exact_selected_refused_source_ids (test_workflow_contracts.CoverageTests.test_baseline_gap_attribution_requires_exact_selected_refused_source_ids) ... ok
test_constructor_refuses_quarantine_for_every_pending_outcome (test_workflow_contracts.CoverageTests.test_constructor_refuses_quarantine_for_every_pending_outcome) ... ok
test_empty_daily_is_not_failure_or_old_backlog (test_workflow_contracts.CoverageTests.test_empty_daily_is_not_failure_or_old_backlog) ... ok
test_empty_daily_with_discovery_or_backlog_is_unchanged (test_workflow_contracts.CoverageTests.test_empty_daily_with_discovery_or_backlog_is_unchanged) ... ok
test_fatal_gap_precedes_attributed_all_quarantined_outcome (test_workflow_contracts.CoverageTests.test_fatal_gap_precedes_attributed_all_quarantined_outcome) ... ok
test_fatal_precedence_includes_discovery_gaps (test_workflow_contracts.CoverageTests.test_fatal_precedence_includes_discovery_gaps) ... ok
test_independent_missing_source_or_directory_gap_prevents_pure_quarantine (test_workflow_contracts.CoverageTests.test_independent_missing_source_or_directory_gap_prevents_pure_quarantine) ... ok
test_member_rejects_invalid_references_and_versions (test_workflow_contracts.CoverageTests.test_member_rejects_invalid_references_and_versions) ... ok
test_member_rejects_invented_etl_and_duplicate_quarters (test_workflow_contracts.CoverageTests.test_member_rejects_invented_etl_and_duplicate_quarters) ... ok
test_nested_record_decoder_refuses_unknown_keys_and_wrong_types (test_workflow_contracts.CoverageTests.test_nested_record_decoder_refuses_unknown_keys_and_wrong_types) ... ok
test_pending_member_prevents_complete_coverage (test_workflow_contracts.CoverageTests.test_pending_member_prevents_complete_coverage) ... ok
test_quarter_counts_and_approval (test_workflow_contracts.CoverageTests.test_quarter_counts_and_approval) ... ok
test_source_identity_uses_worst_status_and_distinct_progress_counts (test_workflow_contracts.CoverageTests.test_source_identity_uses_worst_status_and_distinct_progress_counts) ... ok
test_unknown_outcome_is_refused (test_workflow_contracts.CoverageTests.test_unknown_outcome_is_refused) ... ok
test_valid_progress_does_not_erase_invalid_member (test_workflow_contracts.CoverageTests.test_valid_progress_does_not_erase_invalid_member) ... ok
test_workflow_decoder_refuses_pending_quarantine_with_matching_counts (test_workflow_contracts.CoverageTests.test_workflow_decoder_refuses_pending_quarantine_with_matching_counts) ... ok
test_workflow_intent_counters_are_nonnegative_integers (test_workflow_contracts.CoverageTests.test_workflow_intent_counters_are_nonnegative_integers) ... ok
test_workflow_mapping_roundtrip_and_counter_refusal (test_workflow_contracts.CoverageTests.test_workflow_mapping_roundtrip_and_counter_refusal) ... ok
test_workflow_nested_fields_are_immutable_and_detached (test_workflow_contracts.CoverageTests.test_workflow_nested_fields_are_immutable_and_detached) ... ok
test_workflow_path_requires_supported_command_and_single_segment_ids (test_workflow_contracts.CoverageTests.test_workflow_path_requires_supported_command_and_single_segment_ids) ... ok
test_workflow_rejects_invalid_identity_time_ordering_and_outcome (test_workflow_contracts.CoverageTests.test_workflow_rejects_invalid_identity_time_ordering_and_outcome) ... ok
test_workflow_skipped_completion_prevents_pure_quarantine (test_workflow_contracts.CoverageTests.test_workflow_skipped_completion_prevents_pure_quarantine) ... ok
test_zero_output_and_old_backlog (test_workflow_contracts.CoverageTests.test_zero_output_and_old_backlog) ... ok
test_complete_source_participates_in_quarantine_precedence (test_workflow_contracts.SkippedSourceTests.test_complete_source_participates_in_quarantine_precedence) ... ok
test_complete_accepted_graph_rejects_wrong_transitive_with_direct_pins_intact (test_workflow_installed_lock.InstalledLockTests.test_complete_accepted_graph_rejects_wrong_transitive_with_direct_pins_intact) ... ok
test_exact_set_rejects_missing_and_extra_distribution (test_workflow_installed_lock.InstalledLockTests.test_exact_set_rejects_missing_and_extra_distribution) ... ok
test_frozen_export_hash_or_transitive_omission_refuses (test_workflow_installed_lock.InstalledLockTests.test_frozen_export_hash_or_transitive_omission_refuses) ... ok
test_inventory_checks_exact_files_and_bytes (test_workflow_installed_lock.InstalledLockTests.test_inventory_checks_exact_files_and_bytes) ... ok
test_marker_exclusion_does_not_drop_other_transitives (test_workflow_installed_lock.InstalledLockTests.test_marker_exclusion_does_not_drop_other_transitives) ... ok
test_package_inventory_includes_py_typed_and_all_data_and_excludes_caches (test_workflow_installed_lock.InstalledLockTests.test_package_inventory_includes_py_typed_and_all_data_and_excludes_caches) ... ok
test_corrupt_parent_is_isolated_from_valid_sibling_and_never_recursive (test_workflow_legacy.LegacyTests.test_corrupt_parent_is_isolated_from_valid_sibling_and_never_recursive) ... ok
test_corrupt_projection_is_never_adopted_as_original_parent (test_workflow_legacy.LegacyTests.test_corrupt_projection_is_never_adopted_as_original_parent) ... ok
test_corrupt_source_and_processing_do_not_hide_valid_parent (test_workflow_legacy.LegacyTests.test_corrupt_source_and_processing_do_not_hide_valid_parent) ... ok
test_crash_before_parent_write_recovers_all_original_units (test_workflow_legacy.LegacyTests.test_crash_before_parent_write_recovers_all_original_units) ... ok
test_divergent_binding_winner_refuses_and_preserves_original_bytes (test_workflow_legacy.LegacyTests.test_divergent_binding_winner_refuses_and_preserves_original_bytes) ... ok
test_legacy_registry_and_capture_survive_close_reopen (test_workflow_legacy.LegacyTests.test_legacy_registry_and_capture_survive_close_reopen) ... ok
test_malformed_frozen_unit_is_isolated_from_valid_sibling (test_workflow_legacy.LegacyTests.test_malformed_frozen_unit_is_isolated_from_valid_sibling) ... ok
test_missing_progress_is_failed_and_does_not_invent_source (test_workflow_legacy.LegacyTests.test_missing_progress_is_failed_and_does_not_invent_source) ... ok
test_old_downloaded_unit_keeps_parent_and_exact_pin (test_workflow_legacy.LegacyTests.test_old_downloaded_unit_keeps_parent_and_exact_pin) ... ok
test_recovery_capture_tampering_refuses (test_workflow_legacy.LegacyTests.test_recovery_capture_tampering_refuses) ... ok
test_public_native_sequence_uses_explicit_test_only_inventory (test_workflow_process.WorkflowProcessTests.test_public_native_sequence_uses_explicit_test_only_inventory) ... ok
test_real_process_death_reopens_each_durable_boundary (test_workflow_process.WorkflowProcessTests.test_real_process_death_reopens_each_durable_boundary) ... ok
test_expired_original_is_repaired_fresh_without_pointer_advance (test_workflow_processing.ProcessingTests.test_expired_original_is_repaired_fresh_without_pointer_advance) ... ok
test_fatal_collection_stops_before_etl_and_retains_all_child_gaps (test_workflow_processing.ProcessingTests.test_fatal_collection_stops_before_etl_and_retains_all_child_gaps) ... ok
test_genuine_conflicting_source_has_no_accepted_processing (test_workflow_processing.ProcessingTests.test_genuine_conflicting_source_has_no_accepted_processing) ... ok
test_malformed_source_has_no_accepted_observation_or_pointer (test_workflow_processing.ProcessingTests.test_malformed_source_has_no_accepted_observation_or_pointer) ... ok
test_member_evidence_rejects_forged_version_ref_quarter_and_outcome (test_workflow_processing.ProcessingTests.test_member_evidence_rejects_forged_version_ref_quarter_and_outcome) ... ok
test_member_receipt_is_content_first_and_replays_identically (test_workflow_processing.ProcessingTests.test_member_receipt_is_content_first_and_replays_identically) ... ok
test_origin_acquisition_and_current_parser_replay_do_not_borrow_versions (test_workflow_processing.ProcessingTests.test_origin_acquisition_and_current_parser_replay_do_not_borrow_versions) ... ok
test_partial_q3_q4_and_gate_preserve_exact_child_outcomes (test_workflow_processing.ProcessingTests.test_partial_q3_q4_and_gate_preserve_exact_child_outcomes) ... ok
test_receipt_context_and_index_correlation_are_authoritative (test_workflow_processing.ProcessingTests.test_receipt_context_and_index_correlation_are_authoritative) ... ok
test_receipt_replay_repairs_missing_index_without_dispatch (test_workflow_processing.ProcessingTests.test_receipt_replay_repairs_missing_index_without_dispatch) ... ok
test_refusal_retains_exact_line_and_raw_details (test_workflow_processing.ProcessingTests.test_refusal_retains_exact_line_and_raw_details) ... ok
test_retry_prefix_is_retained_without_source_quarantine (test_workflow_processing.ProcessingTests.test_retry_prefix_is_retained_without_source_quarantine) ... ok
test_tampering_refuses_before_record (test_workflow_processing.ProcessingTests.test_tampering_refuses_before_record) ... ok
test_unfinished_terminal_error_binds_original_attempt_and_replays_receipt (test_workflow_processing.ProcessingTests.test_unfinished_terminal_error_binds_original_attempt_and_replays_receipt) ... ok
test_corrupt_registry_is_reported_without_hiding_valid_sibling (test_workflow_provenance.ProvenanceTests.test_corrupt_registry_is_reported_without_hiding_valid_sibling) ... ok
test_divergent_binding_winner_stays_unchanged (test_workflow_provenance.ProvenanceTests.test_divergent_binding_winner_stays_unchanged) ... ok
test_malformed_unrelated_registry_row_does_not_block_valid_projection (test_workflow_provenance.ProvenanceTests.test_malformed_unrelated_registry_row_does_not_block_valid_projection) ... ok
test_missing_or_changed_required_ancestors_refuse (test_workflow_provenance.ProvenanceTests.test_missing_or_changed_required_ancestors_refuse) ... ok
test_missing_successful_receipt_and_wrong_context_refuse (test_workflow_provenance.ProvenanceTests.test_missing_successful_receipt_and_wrong_context_refuse) ... ok
test_original_frozen_metadata_changes_refuse (test_workflow_provenance.ProvenanceTests.test_original_frozen_metadata_changes_refuse) ... ok
test_parent_and_member_canonical_bytes_tampering_refuses (test_workflow_provenance.ProvenanceTests.test_parent_and_member_canonical_bytes_tampering_refuses) ... ok
test_recovered_parent_requires_exact_ordered_authorized_units (test_workflow_provenance.ProvenanceTests.test_recovered_parent_requires_exact_ordered_authorized_units) ... ok
test_recovery_descriptor_checks_exact_bytes_before_parent_adoption (test_workflow_provenance.ProvenanceTests.test_recovery_descriptor_checks_exact_bytes_before_parent_adoption) ... ok
test_refused_wrong_context_registration_changes_no_registry_or_objects (test_workflow_provenance.ProvenanceTests.test_refused_wrong_context_registration_changes_no_registry_or_objects) ... ok
test_registry_survives_sqlite_close_reopen_and_register (test_workflow_provenance.ProvenanceTests.test_registry_survives_sqlite_close_reopen_and_register) ... ok
test_retained_parent_and_member_tampering_refuses (test_workflow_provenance.ProvenanceTests.test_retained_parent_and_member_tampering_refuses) ... ok
test_successful_child_must_be_advertised_by_actual_parent_listing (test_workflow_provenance.ProvenanceTests.test_successful_child_must_be_advertised_by_actual_parent_listing) ... ok
test_support_original_rows_are_nonempty_parser_compatible (test_workflow_provenance.ProvenanceTests.test_support_original_rows_are_nonempty_parser_compatible) ... ok
test_valid_member_of_failed_parent_retains_original_listing (test_workflow_provenance.ProvenanceTests.test_valid_member_of_failed_parent_retains_original_listing) ... ok
test_verified_snapshot_transfer_is_idempotent (test_workflow_provenance.ProvenanceTests.test_verified_snapshot_transfer_is_idempotent) ... ok
test_discovered_count_must_match_actual_parent (test_workflow_results.WorkflowResultTests.test_discovered_count_must_match_actual_parent) ... ok
test_discovered_parent_members_cannot_be_coherently_omitted (test_workflow_results.WorkflowResultTests.test_discovered_parent_members_cannot_be_coherently_omitted) ... ok
test_empty_leaf_roles_bridge_and_listing_evidence_cannot_be_substituted (test_workflow_results.WorkflowResultTests.test_empty_leaf_roles_bridge_and_listing_evidence_cannot_be_substituted) ... ok
test_exact_replay_after_deadline_and_changed_invocation_refusal (test_workflow_results.WorkflowResultTests.test_exact_replay_after_deadline_and_changed_invocation_refusal) ... ok
test_existing_conflicting_report_index_refuses (test_workflow_results.WorkflowResultTests.test_existing_conflicting_report_index_refuses) ... ok
test_fatal_discovery_without_result_preserves_frozen_prior_jobs (test_workflow_results.WorkflowResultTests.test_fatal_discovery_without_result_preserves_frozen_prior_jobs) ... ok
test_historical_report_reads_original_capture_after_pointer_advance (test_workflow_results.WorkflowResultTests.test_historical_report_reads_original_capture_after_pointer_advance) ... ok
test_intent_object_crash_retains_begun_start_and_missing_index_recovers (test_workflow_results.WorkflowResultTests.test_intent_object_crash_retains_begun_start_and_missing_index_recovers) ... ok
test_missing_workflow_and_child_indexes_recover_from_immutable_authority (test_workflow_results.WorkflowResultTests.test_missing_workflow_and_child_indexes_recover_from_immutable_authority) ... ok
test_parent_capture_retains_full_empty_discovery_authority (test_workflow_results.WorkflowResultTests.test_parent_capture_retains_full_empty_discovery_authority) ... ok
test_repaired_report_retains_original_immutable_repair_anchor (test_workflow_results.WorkflowResultTests.test_repaired_report_retains_original_immutable_repair_anchor) ... ok
test_report_object_crash_reopens_and_repairs_exact_index (test_workflow_results.WorkflowResultTests.test_report_object_crash_reopens_and_repairs_exact_index) ... ok
test_report_receipt_descriptor_extra_fields_refuse (test_workflow_results.WorkflowResultTests.test_report_receipt_descriptor_extra_fields_refuse) ... ok
test_selection_object_crash_repairs_only_exact_descriptor (test_workflow_results.WorkflowResultTests.test_selection_object_crash_repairs_only_exact_descriptor) ... ok
test_selection_substitution_and_missing_evidence_refuse (test_workflow_results.WorkflowResultTests.test_selection_substitution_and_missing_evidence_refuse) ... ok
test_skipped_before_dispatch_capture_is_required_and_counted_once (test_workflow_results.WorkflowResultTests.test_skipped_before_dispatch_capture_is_required_and_counted_once) ... ok
test_terminal_member_report_reopens_exact_original_attempt_capture (test_workflow_results.WorkflowResultTests.test_terminal_member_report_reopens_exact_original_attempt_capture) ... ok
test_transplanted_receipt_cannot_borrow_original_child_namespace (test_workflow_results.WorkflowResultTests.test_transplanted_receipt_cannot_borrow_original_child_namespace) ... ok
test_unfinished_discovery_retains_actual_frozen_session_ledger (test_workflow_results.WorkflowResultTests.test_unfinished_discovery_retains_actual_frozen_session_ledger) ... ok
test_valid_old_capture_cannot_discharge_current_parser_backlog (test_workflow_results.WorkflowResultTests.test_valid_old_capture_cannot_discharge_current_parser_backlog) ... ok
test_access_blocked_source_defers_every_later_member (test_workflow_runner.RunnerTests.test_access_blocked_source_defers_every_later_member) ... ok
test_all_refused_retains_baseline_gaps_and_quarantine_exit (test_workflow_runner.RunnerTests.test_all_refused_retains_baseline_gaps_and_quarantine_exit) ... ok
test_backfill_and_daily_same_run_ids_have_separate_child_namespaces (test_workflow_runner.RunnerTests.test_backfill_and_daily_same_run_ids_have_separate_child_namespaces) ... ok
test_bounded_inclusive_backfill_captures_both_quarters (test_workflow_runner.RunnerTests.test_bounded_inclusive_backfill_captures_both_quarters) ... ok
test_corrupt_retained_registry_and_receipt_do_not_block_valid_siblings (test_workflow_runner.RunnerTests.test_corrupt_retained_registry_and_receipt_do_not_block_valid_siblings) ... ok
test_deadline_after_selection_records_undispatched_units_without_child_work (test_workflow_runner.RunnerTests.test_deadline_after_selection_records_undispatched_units_without_child_work) ... ok
test_empty_daily_without_backlog_is_no_new_sources (test_workflow_runner.RunnerTests.test_empty_daily_without_backlog_is_no_new_sources) ... ok
test_empty_quarter_is_independent_missing_unit (test_workflow_runner.RunnerTests.test_empty_quarter_is_independent_missing_unit) ... ok
test_expired_original_repairs_with_new_valid_workflow_attempt (test_workflow_runner.RunnerTests.test_expired_original_repairs_with_new_valid_workflow_attempt) ... ok
test_failed_daily_directory_holds_boundary_and_retains_baseline_progress (test_workflow_runner.RunnerTests.test_failed_daily_directory_holds_boundary_and_retains_baseline_progress) ... ok
test_failed_empty_daily_directory_gap_omission_refuses (test_workflow_runner.RunnerTests.test_failed_empty_daily_directory_gap_omission_refuses) ... ok
test_formerly_affected_q3_is_not_completed_by_q4_publication (test_workflow_runner.RunnerTests.test_formerly_affected_q3_is_not_completed_by_q4_publication) ... ok
test_fresh_backfill_counts_every_original_parent_and_replay_dispatches_nothing (test_workflow_runner.RunnerTests.test_fresh_backfill_counts_every_original_parent_and_replay_dispatches_nothing) ... ok
test_gate_only_and_mixed_gate_progress_preserve_current_pointer (test_workflow_runner.RunnerTests.test_gate_only_and_mixed_gate_progress_preserve_current_pointer) ... ok
test_missing_frozen_provenance_never_recomputes_existing_selection (test_workflow_runner.RunnerTests.test_missing_frozen_provenance_never_recomputes_existing_selection) ... ok
test_missing_result_discovery_gap_omission_refuses (test_workflow_runner.RunnerTests.test_missing_result_discovery_gap_omission_refuses) ... ok
test_no_result_discovery_keeps_required_ledger_and_older_pending_jobs (test_workflow_runner.RunnerTests.test_no_result_discovery_keeps_required_ledger_and_older_pending_jobs) ... ok
test_post_cas_failure_and_process_death_repair_before_report (test_workflow_runner.RunnerTests.test_post_cas_failure_and_process_death_repair_before_report) ... ok
test_refusal_and_valid_progress_are_incomplete (test_workflow_runner.RunnerTests.test_refusal_and_valid_progress_are_incomplete) ... ok
test_same_attempt_receipts_replay_after_mutable_discovery_index_is_corrupt (test_workflow_runner.RunnerTests.test_same_attempt_receipts_replay_after_mutable_discovery_index_is_corrupt) ... ok
test_saved_receipt_repairs_missing_index_and_refuses_divergent_index (test_workflow_runner.RunnerTests.test_saved_receipt_repairs_missing_index_and_refuses_divergent_index) ... ok
test_approved_raw_layout_rejects_unsafe_or_mismatched_content_addresses (test_worksets.WorksetTests.test_approved_raw_layout_rejects_unsafe_or_mismatched_content_addresses) ... ok
test_approved_raw_layout_round_trips_both_representations (test_worksets.WorksetTests.test_approved_raw_layout_round_trips_both_representations) ... ok
test_body_receipt_and_snapshot_envelopes_are_explicit (test_worksets.WorksetTests.test_body_receipt_and_snapshot_envelopes_are_explicit) ... ok
test_changed_context_or_content_changes_identity (test_worksets.WorksetTests.test_changed_context_or_content_changes_identity) ... ok
test_common_records_have_complete_detached_mapping_round_trips (test_worksets.WorksetTests.test_common_records_have_complete_detached_mapping_round_trips) ... ok
test_common_records_reject_mutable_wrong_typed_fields (test_worksets.WorksetTests.test_common_records_reject_mutable_wrong_typed_fields) ... ok
test_daily_directory_day_label_round_trips_multiple_exact_sources (test_worksets.WorksetTests.test_daily_directory_day_label_round_trips_multiple_exact_sources) ... ok
test_decoder_rejects_versions_unknown_fields_timestamps_and_hashes (test_worksets.WorksetTests.test_decoder_rejects_versions_unknown_fields_timestamps_and_hashes) ... ok
test_detached_serializers_and_deep_immutability (test_worksets.WorksetTests.test_detached_serializers_and_deep_immutability) ... ok
test_discover_freezes_explicit_mode_without_rewriting_command (test_worksets.WorksetTests.test_discover_freezes_explicit_mode_without_rewriting_command) ... ok
test_duplicate_sources_and_directory_identity_are_refused (test_worksets.WorksetTests.test_duplicate_sources_and_directory_identity_are_refused) ... ok
test_empty_complete_requires_successful_directory_evidence (test_worksets.WorksetTests.test_empty_complete_requires_successful_directory_evidence) ... ok
test_fixture_clock_override_keeps_exact_auditable_endpoint (test_worksets.WorksetTests.test_fixture_clock_override_keeps_exact_auditable_endpoint) ... ok
test_member_order_does_not_change_workset_identity (test_worksets.WorksetTests.test_member_order_does_not_change_workset_identity) ... ok
test_open_endpoint_matches_exact_resolution_in_constructor_and_decoders (test_worksets.WorksetTests.test_open_endpoint_matches_exact_resolution_in_constructor_and_decoders) ... ok
test_snapshot_decoder_rejects_rehashed_kind_and_envelope_mismatch (test_worksets.WorksetTests.test_snapshot_decoder_rejects_rehashed_kind_and_envelope_mismatch) ... ok
test_snapshot_decoder_rejects_rehashed_wrong_directory_or_source_identity (test_worksets.WorksetTests.test_snapshot_decoder_rejects_rehashed_wrong_directory_or_source_identity) ... ok
test_snapshot_decoder_rejects_rehashed_wrong_source_period (test_worksets.WorksetTests.test_snapshot_decoder_rejects_rehashed_wrong_source_period) ... ok
test_snapshot_requires_exact_members_and_immutable_raw_reference (test_worksets.WorksetTests.test_snapshot_requires_exact_members_and_immutable_raw_reference) ... ok
test_version_and_directory_content_are_part_of_identity (test_worksets.WorksetTests.test_version_and_directory_content_are_part_of_identity) ... ok
test_etl_commands_require_explicit_arguments (test_workspace.CliTests.test_etl_commands_require_explicit_arguments) ... ok
test_installed_distribution_exposes_the_cli (test_workspace.CliTests.test_installed_distribution_exposes_the_cli) ... ok
test_main_help_and_version_exit_successfully (test_workspace.CliTests.test_main_help_and_version_exit_successfully) ... ok
test_main_without_arguments_prints_help (test_workspace.CliTests.test_main_without_arguments_prints_help) ... ok
test_module_and_console_invocations (test_workspace.CliTests.test_module_and_console_invocations) ... ok
test_only_ingest_is_a_workspace_member (test_workspace.WorkspaceTests.test_only_ingest_is_a_workspace_member) ... ok

----------------------------------------------------------------------
Ran 620 tests in 883.125s

OK
